"p_val","avg_log2FC","pct.1","pct.2","p_val_adj","cluster","gene"
0,5.17483531147535,0.95,0.047,0,"0","FCN1"
0,6.76464193197157,0.935,0.035,0,"0","VCAN"
0,3.60697672992541,0.974,0.118,0,"0","IFI30"
0,3.23047575902965,0.981,0.131,0,"0","CST3"
0,5.33715026799771,0.886,0.051,0,"0","MNDA"
0,5.56505502521325,0.994,0.16,0,"0","LYZ"
0,7.2198337822592,0.991,0.164,0,"0","S100A8"
0,7.07762004200378,0.842,0.015,0,"0","CD14"
0,7.53803048838466,0.838,0.017,0,"0","S100A12"
0,3.30841270015568,0.861,0.046,0,"0","SERPINA1"
0,6.72665161782003,0.99,0.182,0,"0","S100A9"
0,5.17505970874318,0.816,0.028,0,"0","MS4A6A"
0,3.49244432785324,0.868,0.081,0,"0","SPI1"
0,2.47236133815017,0.903,0.125,0,"0","LST1"
0,4.34196520212684,0.871,0.094,0,"0","TYMP"
0,6.2198801479589,0.791,0.02,0,"0","CSF3R"
0,5.31474600963814,0.796,0.032,0,"0","CSTA"
0,3.13464306979135,0.986,0.23,0,"0","TYROBP"
0,3.0856148781975,0.951,0.203,0,"0","AIF1"
0,3.71172399965997,0.858,0.141,0,"0","GRN"
0,1.98189345454372,0.897,0.2,0,"0","FCER1G"
0,4.45108511432547,0.743,0.047,0,"0","NCF2"
0,3.86241420170975,0.773,0.079,0,"0","CYBB"
0,2.94170659574996,0.75,0.072,0,"0","CD68"
0,3.98472352281894,0.735,0.057,0,"0","FGL2"
0,3.1343669526298,0.744,0.068,0,"0","CFD"
0,4.33471459481796,0.75,0.083,0,"0","CEBPD"
0,2.81002271453813,0.932,0.268,0,"0","LGALS1"
0,3.58260889425769,0.808,0.148,0,"0","APLP2"
0,5.39785883624327,0.673,0.02,0,"0","LGALS2"
0,5.42328466290615,0.667,0.022,0,"0","TNFAIP2"
0,0.993104075697801,0.841,0.204,0,"0","HLA-DRA"
0,3.37701730603613,0.721,0.085,0,"0","CFP"
0,5.76065213035178,0.653,0.019,0,"0","FPR1"
0,3.47694481218663,0.974,0.34,0,"0","CTSS"
0,4.69701650705936,0.665,0.034,0,"0","SLC11A1"
0,3.19442416947799,0.747,0.116,0,"0","LGALS3"
0,4.69090567111965,0.664,0.036,0,"0","CD302"
0,4.15879226225361,0.665,0.046,0,"0","MPEG1"
0,5.35086850679465,0.643,0.025,0,"0","LRP1"
0,2.83029152770007,0.818,0.21,0,"0","PYCARD"
0,3.11941217747926,0.827,0.221,0,"0","NCF1"
0,2.93097695166413,0.747,0.149,0,"0","RNF130"
0,2.54620885979503,0.75,0.156,0,"0","FGR"
0,4.05219231239025,0.628,0.035,0,"0","CD36"
0,1.44200413415152,0.85,0.259,0,"0","HLA-DRB1"
0,3.07842452293634,0.724,0.139,0,"0","FCGRT"
0,3.19214086705952,0.623,0.039,0,"0","LILRB2"
0,3.26949524603473,0.718,0.135,0,"0","PGD"
0,3.9093734270926,0.642,0.06,0,"0","TNFSF13B"
0,3.82272746937156,0.651,0.07,0,"0","BLVRB"
0,5.63383050822858,0.594,0.02,0,"0","PLBD1"
0,3.3864148332446,0.617,0.046,0,"0","HCK"
0,2.91922529364037,0.904,0.337,0,"0","TKT"
0,4.4736719714561,0.594,0.03,0,"0","CLEC7A"
0,3.51860647204274,0.619,0.055,0,"0","RAB31"
0,3.05736176148462,0.777,0.214,0,"0","BRI3"
0,3.20024408387948,0.955,0.398,0,"0","NEAT1"
0,3.96877958511374,0.583,0.033,0,"0","CPVL"
0,2.47683935764774,0.757,0.208,0,"0","MYO1F"
0,2.88912741186421,0.972,0.425,0,"0","S100A11"
0,2.95396925062309,0.669,0.125,0,"0","CAPG"
0,2.70176813651009,0.726,0.182,0,"0","FOS"
0,4.79075871629068,0.57,0.03,0,"0","NAIP"
0,4.33917767760748,0.568,0.031,0,"0","CLEC12A"
0,4.20656089950702,0.57,0.033,0,"0","IGSF6"
0,2.70087334707522,0.729,0.193,0,"0","AP1S2"
0,4.29766296882814,0.568,0.032,0,"0","TGFBI"
0,2.38270696469069,0.925,0.393,0,"0","SAT1"
0,5.02515769106111,0.562,0.033,0,"0","DUSP6"
0,2.67207357912933,0.714,0.193,0,"0","CTSB"
0,2.95805538775518,0.637,0.117,0,"0","JAML"
0,2.28642211344641,0.779,0.264,0,"0","ANXA5"
0,4.34579733773625,0.541,0.027,0,"0","ALDH2"
0,2.19942795059833,0.79,0.278,0,"0","ANXA2"
0,2.2919546202573,0.687,0.18,0,"0","ZEB2"
0,4.32484875501159,0.536,0.029,0,"0","LILRB3"
0,2.39215616579627,0.84,0.333,0,"0","TALDO1"
0,5.01520135530049,0.523,0.022,0,"0","KCTD12"
0,4.48974136672047,0.531,0.031,0,"0","TIMP2"
0,3.50142596388222,0.567,0.068,0,"0","ODF3B"
0,2.58550505581779,0.631,0.134,0,"0","CTSZ"
0,3.85113184895994,0.528,0.035,0,"0","SLC7A7"
0,4.16046737671879,0.524,0.031,0,"0","PRAM1"
0,3.83568910048972,0.522,0.029,0,"0","LILRA5"
0,3.2117061845837,0.524,0.036,0,"0","PILRA"
0,2.16309142054754,0.753,0.268,0,"0","STXBP2"
0,2.59422629941595,0.636,0.154,0,"0","AGTRAP"
0,3.25442762861434,0.571,0.089,0,"0","KLF10"
0,4.57247965017179,0.507,0.026,0,"0","MAFB"
0,2.87765830350857,0.952,0.472,0,"0","TSPO"
0,2.36859943884103,0.673,0.197,0,"0","C4orf48"
0,2.30092462139371,0.846,0.371,0,"0","CTSD"
0,2.22939796334095,0.749,0.275,0,"0","ATP6V0B"
0,6.12186826712754,0.482,0.01,0,"0","CD93"
0,3.73419945234751,0.509,0.038,0,"0","C19orf38"
0,2.75177513713187,0.597,0.126,0,"0","IFNGR2"
0,4.61399491470791,0.499,0.029,0,"0","LRRK2"
0,2.93626518358245,0.545,0.076,0,"0","TBXAS1"
0,4.40053845933086,0.498,0.03,0,"0","IRAK3"
0,4.75315045097892,0.492,0.025,0,"0","DMXL2"
0,2.60074515444919,0.583,0.116,0,"0","CTSH"
0,2.93605848330847,0.563,0.101,0,"0","PTPRE"
0,3.79716618795486,0.498,0.037,0,"0","ZNF385A"
0,4.33234327936467,0.488,0.027,0,"0","PLXDC2"
0,5.99017034760436,0.468,0.01,0,"0","ASGR1"
0,3.51647066624151,0.526,0.07,0,"0","GCA"
0,4.6803102482724,0.476,0.021,0,"0","CD300E"
0,3.90723707331879,0.483,0.036,0,"0","TNFSF13"
0,4.20824371309631,0.47,0.023,0,"0","HK3"
0,2.12068754763367,0.91,0.469,0,"0","GSTP1"
0,2.21496642574137,0.709,0.269,0,"0","LTA4H"
0,2.0006093504866,0.717,0.277,0,"0","NPC2"
0,2.50062807474784,0.979,0.54,0,"0","PSAP"
0,1.87784770823673,0.652,0.215,0,"0","TNFRSF1B"
0,1.70807994783959,0.592,0.155,0,"0","LYN"
0,1.44147870050416,0.724,0.288,0,"0","EFHD2"
0,3.3740082510725,0.485,0.05,0,"0","CPPED1"
0,2.76858284109831,0.519,0.085,0,"0","SYK"
0,1.90251816474346,0.724,0.291,0,"0","AP2S1"
0,5.07260323464406,0.448,0.016,0,"0","CDA"
0,4.24405120469929,0.459,0.03,0,"0","EMILIN2"
0,3.35552114443474,0.494,0.065,0,"0","OGFRL1"
0,1.97508081586792,0.984,0.555,0,"0","COTL1"
0,3.29339966867641,0.496,0.068,0,"0","SULT1A1"
0,2.36389976850424,0.557,0.13,0,"0","LGALS9"
0,3.43714952012705,0.507,0.08,0,"0","NAMPT"
0,2.24698481586825,0.628,0.202,0,"0","CEBPB"
0,3.39757277227848,0.497,0.072,0,"0","MEGF9"
0,2.54016306839492,0.566,0.141,0,"0","NUP214"
0,1.84523371739232,0.665,0.241,0,"0","ASAH1"
0,6.30074598364093,0.431,0.008,0,"0","RBP7"
0,2.15301995674307,0.574,0.151,0,"0","IFITM3"
0,2.42228864967001,0.582,0.16,0,"0","IL17RA"
0,2.45680491673891,0.543,0.122,0,"0","THEMIS2"
0,2.71844328598923,0.459,0.039,0,"0","LRRC25"
0,5.65052768670064,0.428,0.01,0,"0","PTAFR"
0,3.36278032133718,0.468,0.052,0,"0","CCDC88A"
0,2.8869365576152,0.486,0.07,0,"0","STX11"
0,1.37798394923332,0.709,0.293,0,"0","TIMP1"
0,1.81256687665037,0.82,0.405,0,"0","RAC1"
0,4.10074150216239,0.441,0.03,0,"0","PLAUR"
0,2.27575727754158,0.573,0.162,0,"0","ATP6V0D1"
0,1.05188117829556,0.591,0.181,0,"0","HLA-DQB1"
0,1.75173370810851,0.806,0.4,0,"0","VSIR"
0,2.14855924160956,0.593,0.187,0,"0","GRINA"
0,2.33828644557968,0.571,0.167,0,"0","ADA2"
0,3.10145985367651,0.462,0.059,0,"0","LY86"
0,2.77576105988188,0.481,0.079,0,"0","ITGAM"
0,1.89487289411238,0.747,0.347,0,"0","SERPINB1"
0,3.02718787777592,0.484,0.084,0,"0","RAB11FIP1"
0,2.81477966308491,0.434,0.038,0,"0","RAB32"
0,3.66598952928107,0.438,0.043,0,"0","MARCKS"
0,3.73871849793097,0.424,0.03,0,"0","FCGR2A"
0,2.44528846402785,0.424,0.031,0,"0","SMIM25"
0,1.77981230783878,0.74,0.349,0,"0","TRAPPC5"
0,2.30618161902934,0.557,0.166,0,"0","MYADM"
0,4.27265332928436,0.418,0.027,0,"0","GAS7"
0,1.83857588520298,0.63,0.24,0,"0","TCIRG1"
0,6.97458333696678,0.394,0.004,0,"0","CD163"
0,3.72433825590887,0.418,0.029,0,"0","LILRA2"
0,2.02958035046272,0.564,0.179,0,"0","GLIPR2"
0,3.46780661822016,0.408,0.026,0,"0","C5AR1"
0,1.63402383077274,0.525,0.145,0,"0","HLA-DRB5"
0,1.97598748721365,0.604,0.224,0,"0","SDCBP"
0,2.18268981802061,0.78,0.401,0,"0","MCL1"
0,5.91094641896836,0.385,0.007,0,"0","AC020656.1"
0,1.47607764310595,0.556,0.18,0,"0","PECAM1"
0,7.66220498917258,0.376,0.002,0,"0","CLEC4E"
0,4.19718779924078,0.391,0.019,0,"0","APOBEC3A"
0,1.73485681040103,0.519,0.149,0,"0","HLA-DMA"
0,2.61005437730852,0.467,0.098,0,"0","NAGK"
0,2.59271165575211,0.468,0.099,0,"0","ATP6V1B2"
0,3.79097557596954,0.4,0.032,0,"0","RXRA"
0,2.1636319066417,0.494,0.126,0,"0","HSBP1"
0,2.76402334500453,0.435,0.069,0,"0","ALOX5"
0,2.02676438334794,0.554,0.189,0,"0","CRTAP"
0,1.73028480905411,0.629,0.264,0,"0","H2AFY"
0,1.79677350490335,0.913,0.548,0,"0","AHNAK"
0,2.14106835888168,0.51,0.145,0,"0","RILPL2"
0,1.56384408524333,0.699,0.334,0,"0","C1orf162"
0,2.08730134162191,0.535,0.171,0,"0","PLEC"
0,1.27025557821581,0.965,0.603,0,"0","SRGN"
0,1.9777764151836,0.549,0.189,0,"0","ZNF106"
0,1.91894832038513,0.523,0.163,0,"0","LYST"
0,2.15236234935184,0.503,0.144,0,"0","GLUL"
0,4.29479301770017,0.38,0.022,0,"0","CLEC4A"
0,2.87423499016808,0.431,0.073,0,"0","RASSF2"
0,6.9206695977524,0.359,0.003,0,"0","STAB1"
0,2.98415428405636,0.436,0.081,0,"0","RGS2"
0,1.61620078933218,0.665,0.312,0,"0","PGLS"
0,1.84039351956772,0.522,0.169,0,"0","PLEKHO1"
0,5.17257839244654,0.364,0.012,0,"0","OSCAR"
0,4.8131955778631,0.367,0.016,0,"0","TLR2"
0,2.49711089862498,0.456,0.108,0,"0","BACH1"
0,1.95009153407533,0.386,0.039,0,"0","MS4A7"
0,3.72150585136433,0.373,0.026,0,"0","KLF4"
0,1.5412081977265,0.68,0.334,0,"0","CNPY3"
0,2.16382067476936,0.482,0.138,0,"0","EHBP1L1"
0,2.55152556301265,0.436,0.093,0,"0","PLSCR1"
0,1.28630206957115,0.557,0.215,0,"0","PLEK"
0,1.73203670614455,0.559,0.217,0,"0","RAB5IF"
0,1.84948710619188,0.568,0.226,0,"0","PPT1"
0,2.28206398211125,0.488,0.146,0,"0","CDC42EP3"
0,2.89575627320377,0.405,0.064,0,"0","CREG1"
0,2.10963712596454,0.491,0.151,0,"0","QKI"
0,3.71708947653598,0.37,0.03,0,"0","SULF2"
0,1.58320528557329,0.636,0.297,0,"0","CARD16"
0,2.25579595133677,0.403,0.065,0,"0","LILRB1"
0,3.88153153101257,0.363,0.025,0,"0","PLXNB2"
0,1.5568164722405,0.755,0.418,0,"0","PRELID1"
0,1.28941424978575,0.772,0.435,0,"0","ZYX"
0,2.8988778064005,0.395,0.058,0,"0","PAK1"
0,4.12521248601065,0.358,0.021,0,"0","CD33"
0,3.59854246828525,0.373,0.039,0,"0","MSRB1"
0,2.47860100812038,0.428,0.094,0,"0","BLVRA"
0,1.88023562448628,0.448,0.115,0,"0","WARS"
0,2.78152921564368,0.416,0.083,0,"0","AHR"
0,2.57722216944679,0.42,0.087,0,"0","SCPEP1"
0,1.46037311229951,0.778,0.446,0,"0","GNG5"
0,5.52421538027888,0.34,0.009,0,"0","BST1"
0,5.69656181010289,0.338,0.007,0,"0","MGST1"
0,2.52825874118949,0.369,0.038,0,"0","HMOX1"
0,4.92103721309658,0.345,0.014,0,"0","NLRP3"
0,1.4141494199665,0.538,0.208,0,"0","GSTO1"
0,4.68210095113735,0.346,0.016,0,"0","RBM47"
0,1.48377100412519,0.601,0.272,0,"0","GLIPR1"
0,3.36392692261187,0.354,0.025,0,"0","PYGL"
0,1.74424553350034,0.562,0.234,0,"0","FBXL5"
0,2.58626173272825,0.417,0.089,0,"0","ARHGAP26"
0,2.2648742687682,0.434,0.108,0,"0","SNX10"
0,1.39478231648006,0.731,0.405,0,"0","IQGAP1"
0,1.40092748081075,0.729,0.403,0,"0","ARRB2"
0,4.1743925964615,0.343,0.018,0,"0","TMEM176B"
0,1.66484185300677,0.559,0.235,0,"0","GLRX"
0,5.54312619474012,0.332,0.008,0,"0","SIRPA"
0,1.47531929303012,0.724,0.4,0,"0","GRB2"
0,1.54372622111051,0.839,0.517,0,"0","LAMTOR4"
0,6.31646161890099,0.323,0.005,0,"0","TREM1"
0,1.93050813020048,0.488,0.17,0,"0","NBPF26"
0,1.42034588133482,0.746,0.429,0,"0","CAST"
0,1.33695021222824,0.712,0.395,0,"0","RHOG"
0,4.13818258028565,0.343,0.027,0,"0","ACSL1"
0,4.98749629892168,0.328,0.012,0,"0","TLR4"
0,1.49070612221467,0.871,0.555,0,"0","GNAI2"
0,1.61070912351332,0.475,0.159,0,"0","AOAH"
0,2.01217682457619,0.409,0.094,0,"0","HLA-DMB"
0,1.91644061101305,0.458,0.144,0,"0","MIDN"
0,1.72113449320369,0.482,0.168,0,"0","POU2F2"
0,0.866311751193866,0.749,0.436,0,"0","TLN1"
0,3.52121952496319,0.339,0.026,0,"0","ADGRE2"
0,3.58363614614633,0.344,0.031,0,"0","FES"
0,3.37555595566057,0.343,0.031,0,"0","RNASE6"
0,2.21049769259747,0.421,0.109,0,"0","NOTCH2"
0,1.68608023986112,0.491,0.179,0,"0","RTN3"
0,1.32476653680037,0.573,0.261,0,"0","CD63"
0,1.88128171616694,0.475,0.163,0,"0","COMT"
0,2.35460296849413,0.345,0.034,0,"0","CSF1R"
0,2.74551948254787,0.36,0.051,0,"0","ITGAX"
0,1.57416161592296,0.552,0.244,0,"0","NOP10"
0,1.16268462142537,0.906,0.599,0,"0","CLIC1"
0,1.80804907182012,0.418,0.111,0,"0","YBX3"
0,1.45257867205893,0.863,0.556,0,"0","ATP6V0C"
0,1.87990329605406,0.459,0.153,0,"0","NINJ1"
0,5.870999823917,0.312,0.006,0,"0","FCGR1A"
0,2.29182914322427,0.39,0.084,0,"0","PRKCD"
0,1.12582182654448,0.828,0.522,0,"0","ANXA1"
0,1.60138003737155,0.523,0.218,0,"0","MAN2B1"
0,1.92475584509491,0.455,0.151,0,"0","VMP1"
0,2.42651349748636,0.368,0.064,0,"0","MARCH1"
0,3.02670456603863,0.355,0.051,0,"0","APOBR"
0,1.79821941745868,0.48,0.176,0,"0","SAT2"
0,2.23511400473345,0.405,0.102,0,"0","ARAP1"
0,2.23607015888139,0.413,0.11,0,"0","PICALM"
0,2.73368579324235,0.366,0.063,0,"0","NCF4"
0,2.66278224607356,0.372,0.07,0,"0","EIF4EBP1"
0,2.49835841968006,0.377,0.076,0,"0","GNS"
0,3.26983840169157,0.337,0.037,0,"0","RASSF4"
0,1.89149924423964,0.432,0.132,0,"0","UBXN11"
0,1.5517399830023,0.542,0.243,0,"0","SOD2"
0,4.27846643955767,0.317,0.018,0,"0","LTBR"
0,2.95368592041829,0.354,0.056,0,"0","NUDT16"
0,2.03987149915562,0.421,0.123,0,"0","ETV6"
0,1.50674920313033,0.534,0.237,0,"0","CLTA"
0,1.83282320800717,0.501,0.204,0,"0","HIF1A"
0,5.0690396483989,0.309,0.013,0,"0","JDP2"
0,1.47951906883505,0.523,0.228,0,"0","CASP1"
0,4.92283260597625,0.306,0.011,0,"0","NFAM1"
0,3.32092736623193,0.333,0.039,0,"0","HRH2"
0,2.18274793995342,0.403,0.111,0,"0","UBE2D1"
0,3.1068404630841,0.324,0.032,0,"0","LMO2"
0,0.800972568707588,0.537,0.245,0,"0","TPM4"
0,2.31327324058441,0.383,0.093,0,"0","SPTLC2"
0,3.68928838521471,0.317,0.028,0,"0","SLC43A2"
0,1.14699174796637,0.726,0.439,0,"0","FKBP1A"
0,2.11558836989695,0.378,0.092,0,"0","SKAP2"
0,1.99708860833835,0.413,0.128,0,"0","TMEM167A"
0,3.36349113621794,0.319,0.035,0,"0","KIAA0930"
0,3.562943370333,0.319,0.035,0,"0","SCO2"
0,4.69500365567895,0.298,0.014,0,"0","TMEM170B"
0,2.64260974005591,0.352,0.068,0,"0","CHP1"
0,1.3616872582011,0.626,0.344,0,"0","ATP6V1F"
0,2.12733768437266,0.378,0.097,0,"0","SH3BP2"
0,4.89601378357434,0.292,0.011,0,"0","HNMT"
0,5.64035372646789,0.292,0.011,0,"0","EGR1"
0,3.02455988210838,0.331,0.051,0,"0","CKAP4"
0,4.01998415167059,0.301,0.021,0,"0","RAB3D"
0,1.20367078129761,0.563,0.283,0,"0","VASP"
0,2.22279568260369,0.374,0.095,0,"0","NADK"
0,1.23483882841444,0.704,0.425,0,"0","GNB2"
0,1.26121655292665,0.711,0.433,0,"0","EVI2B"
0,5.97714382356721,0.282,0.005,0,"0","CREB5"
0,1.25521955007325,0.836,0.559,0,"0","SAMHD1"
0,2.73369019842995,0.329,0.053,0,"0","CTNNA1"
0,1.56226786947741,0.484,0.208,0,"0","MGAT1"
0,1.64854322668621,0.459,0.183,0,"0","ZFAND5"
0,3.95215903368984,0.295,0.019,0,"0","SIRPB1"
0,1.29906805550812,0.724,0.449,0,"0","VAMP8"
0,3.94812304740217,0.298,0.023,0,"0","ZNF467"
0,4.04933069732222,0.296,0.021,0,"0","SMARCD3"
0,1.6044158543691,0.448,0.174,0,"0","RAB24"
0,0.620631343919528,0.328,0.054,0,"0","F13A1"
0,3.52967785522358,0.298,0.025,0,"0","DOK3"
0,1.71906022038506,0.43,0.158,0,"0","ATG16L2"
0,4.09198948157416,0.29,0.018,0,"0","SLC8A1"
0,1.27421922898535,0.641,0.37,0,"0","ACAP2"
0,1.18808091222617,0.644,0.374,0,"0","FMNL1"
0,1.16660971908717,0.586,0.316,0,"0","CAPNS1"
0,1.23884183331767,0.778,0.509,0,"0","LRRFIP1"
0,3.22597899419231,0.306,0.037,0,"0","DPYSL2"
0,1.37766768306488,0.81,0.541,0,"0","NFKBIA"
0,4.46744312864181,0.282,0.013,0,"0","KCNE3"
0,3.51514833519005,0.297,0.028,0,"0","SMCO4"
0,0.525276284666112,0.55,0.282,0,"0","NCOA4"
0,7.19884670518158,0.27,0.002,0,"0","CYP27A1"
0,1.58005661596045,0.45,0.182,0,"0","MYO9B"
0,0.610789337460605,0.497,0.229,0,"0","CTSA"
0,1.77778801071016,0.394,0.126,0,"0","PTTG1IP"
0,5.44374941526196,0.275,0.008,0,"0","ANPEP"
0,0.695146203225566,0.834,0.567,0,"0","FLNA"
0,1.45772137210753,0.537,0.271,0,"0","METTL9"
0,3.49254535207041,0.289,0.023,0,"0","AC090559.1"
0,3.75565027135066,0.287,0.021,0,"0","SECTM1"
0,1.30850396546503,0.367,0.102,0,"0","MEF2C"
0,1.21516604342871,0.663,0.398,0,"0","BLOC1S1"
0,0.508806713991618,0.588,0.323,0,"0","HLA-DPB1"
0,1.38436076507006,0.551,0.287,0,"0","RNF149"
0,2.48296959208075,0.333,0.069,0,"0","MBOAT7"
0,0.942438125301019,0.354,0.09,0,"0","MPP1"
0,3.13717825021768,0.296,0.033,0,"0","RNF144B"
0,2.1987633440822,0.334,0.071,0,"0","SLC25A37"
0,1.38518727489509,0.468,0.205,0,"0","BNIP3L"
0,1.70265973104463,0.438,0.175,0,"0","PIM3"
0,1.18513471064347,0.806,0.544,0,"0","COX8A"
0,1.48635411712854,0.434,0.173,0,"0","TPP1"
0,2.05127197096275,0.387,0.127,0,"0","LAP3"
0,2.9236111283615,0.305,0.045,0,"0","LY96"
0,1.21687352176489,0.737,0.477,0,"0","ATP5MPL"
0,4.74899407169963,0.271,0.011,0,"0","MEFV"
0,1.5605731971319,0.446,0.186,0,"0","STX10"
0,6.13586340198734,0.263,0.004,0,"0","ASGR2"
0,4.05408192887701,0.276,0.017,0,"0","RASGRP4"
0,2.99226711849757,0.287,0.028,0,"0","LILRA1"
0,2.78854091620233,0.31,0.052,0,"0","NBPF14"
0,3.09841859337654,0.29,0.032,0,"0","CD86"
0,0.945143552549672,0.662,0.404,0,"0","DUSP1"
0,1.43954569380038,0.465,0.207,0,"0","PARVG"
0,1.27109316142748,0.555,0.298,0,"0","CKLF"
0,4.39585105366875,0.27,0.013,0,"0","CD1D"
0,2.47765548588433,0.315,0.058,0,"0","TESC"
0,2.79617431246258,0.308,0.051,0,"0","GAA"
0,3.46750950369833,0.286,0.03,0,"0","BCL6"
0,1.81939519564473,0.352,0.096,0,"0","LAT2"
0,1.628555050976,0.967,0.712,0,"0","RNASEK"
0,1.16607106403672,0.582,0.328,0,"0","GRK2"
0,1.18652805199187,0.528,0.275,0,"0","TXN"
0,2.85899000240591,0.301,0.048,0,"0","LACTB"
0,1.07986709943474,0.842,0.589,0,"0","PKM"
0,2.51127026232156,0.319,0.067,0,"0","TTC7A"
0,1.88709359946422,0.362,0.11,0,"0","TXNDC17"
0,1.21769065483578,0.96,0.708,0,"0","ITGB2"
0,4.09884438964295,0.269,0.018,0,"0","SLC15A3"
0,1.68518828223589,0.342,0.091,0,"0","CMIP"
0,2.6352410686106,0.304,0.053,0,"0","SLC16A3"
0,2.04741710744803,0.987,0.737,0,"0","S100A10"
0,1.07760327916093,0.754,0.504,0,"0","ARPC5"
0,3.3240522554741,0.276,0.026,0,"0","SLC31A2"
0,1.42487348500472,0.486,0.237,0,"0","HEBP2"
0,1.7184011972596,0.389,0.14,0,"0","PLCB2"
0,2.11357614346944,0.339,0.091,0,"0","NBEAL2"
0,2.25342180403208,0.329,0.081,0,"0","TET2"
0,2.555393613987,0.308,0.061,0,"0","C9orf72"
0,2.15955236488925,0.32,0.073,0,"0","UNC93B1"
0,1.17822423466329,0.603,0.356,0,"0","PSMB3"
0,2.2612284331995,0.327,0.08,0,"0","PDXK"
0,1.19134019955405,0.399,0.153,0,"0","MFSD1"
0,3.34326766764705,0.278,0.032,0,"0","NACC2"
0,1.5013448955596,0.421,0.175,0,"0","LAMTOR2"
0,0.899344507227613,0.615,0.37,0,"0","PTPN6"
0,1.65139053367343,0.403,0.159,0,"0","GPCPD1"
0,1.62520719408679,0.397,0.154,0,"0","AGTPBP1"
0,2.75548035676981,0.29,0.047,0,"0","RHOQ"
0,2.07585989199604,0.344,0.101,0,"0","AGFG1"
0,0.897459743760491,0.672,0.43,0,"0","KLF6"
0,5.42541432327539,0.25,0.008,0,"0","DYSF"
0,2.18442530572876,0.325,0.083,0,"0","DENND5A"
0,1.54543817515155,0.391,0.15,0,"0","MYD88"
0,4.99489317070775,0.251,0.01,0,"0","CCR1"
0,1.96586994043408,0.342,0.102,0,"0","BCL2A1"
0,1.2134708073998,0.454,0.214,0,"0","PPP1R15A"
0,2.35513508868667,0.323,0.083,0,"0","PHC2"
0,1.89019233731569,0.356,0.116,0,"0","TOM1"
0,2.0596738907492,0.331,0.092,0,"0","ZDHHC7"
0,1.59533192017145,0.389,0.15,0,"0","C20orf27"
0,2.1126244544482,1,0.761,0,"0","S100A4"
0,2.23362722136956,0.311,0.072,0,"0","C15orf39"
0,1.20632301403811,0.863,0.624,0,"0","EIF4A1"
0,2.47723064083342,0.299,0.06,0,"0","PPP1R9B"
0,1.03935929075611,0.599,0.36,0,"0","PLP2"
0,1.71444092422782,0.37,0.132,0,"0","TNFSF10"
0,2.27517334224947,0.31,0.072,0,"0","PLIN3"
0,0.952455850521528,0.613,0.376,0,"0","LAMTOR1"
0,2.08463711001284,0.327,0.091,0,"0","TMEM205"
0,4.05021093910245,0.256,0.02,0,"0","AC020916.1"
0,1.27543403986431,0.505,0.269,0,"0","DPYD"
0,1.89692282264036,0.345,0.109,0,"0","MAP3K3"
0,2.19299773840817,0.315,0.08,0,"0","PRKACA"
0,1.54769628109512,0.387,0.153,0,"0","IFNGR1"
0,1.18052198469657,0.387,0.153,0,"0","CUX1"
0,3.43318147845391,0.254,0.02,0,"0","LILRB4"
0,2.20059286630319,0.312,0.078,0,"0","SNX27"
0,1.14262566625195,0.541,0.308,0,"0","DOCK8"
0,2.21142798471353,0.277,0.044,0,"0","CORO1C"
0,3.84149713672485,0.255,0.022,0,"0","IER3"
0,1.60977597758648,0.37,0.137,0,"0","IMPDH1"
0,2.13088123954642,0.991,0.758,0,"0","GABARAP"
0,1.81494337562896,0.312,0.079,0,"0","METRNL"
0,1.80547646325699,0.335,0.103,0,"0","GNAQ"
0,3.56293001791818,0.255,0.023,0,"0","CYFIP1"
0,1.63725942878247,0.371,0.141,0,"0","HEXB"
0,1.50218545037829,0.392,0.162,0,"0","CLTC"
0,1.050319129561,0.603,0.374,0,"0","ADGRE5"
0,0.619577469645745,0.541,0.313,0,"0","FERMT3"
0,3.27316092450607,0.259,0.031,0,"0","ETS2"
0,1.88841465047996,0.31,0.082,0,"0","PIK3AP1"
0,1.70853397816819,0.356,0.128,0,"0","NUMB"
0,2.65142197572688,0.277,0.052,0,"0","OSBPL11"
0,1.08640532792443,0.526,0.301,0,"0","RNH1"
0,3.36467633382788,0.25,0.025,0,"0","ENTPD1"
0,1.44533094064407,0.409,0.184,0,"0","IRF2BP2"
0,1.5008807487756,0.376,0.152,0,"0","ATOX1"
0,1.45845464370155,0.392,0.168,0,"0","UBE2R2"
0,1.67773159944381,0.346,0.122,0,"0","PRDX3"
0,2.59946983706117,0.275,0.052,0,"0","MXD1"
0,2.55640502121361,0.265,0.042,0,"0","SCIMP"
0,0.901331730950479,0.637,0.416,0,"0","IER2"
0,2.09358574983204,0.3,0.079,0,"0","AMPD2"
0,1.24325564593675,0.423,0.202,0,"0","ATG3"
0,1.16650738131999,0.887,0.666,0,"0","ELOB"
0,1.93427160700262,0.326,0.106,0,"0","PER1"
0,1.96847628953772,0.312,0.092,0,"0","CPD"
0,1.27909722736405,0.401,0.182,0,"0","RAB10"
0,1.24871832790487,0.442,0.224,0,"0","ZBTB7A"
0,2.58921956474032,0.262,0.045,0,"0","IRF5"
0,1.33754549957681,0.4,0.183,0,"0","ATF4"
0,2.2329978195001,0.287,0.07,0,"0","QSOX1"
0,1.57037096130319,0.355,0.138,0,"0","SQOR"
0,3.12154341104558,0.25,0.034,0,"0","AP5B1"
0,1.40192502476179,0.383,0.167,0,"0","MIS18BP1"
0,1.08455343537098,0.972,0.756,0,"0","ARPC1B"
0,1.14890523429297,0.532,0.317,0,"0","CDV3"
0,1.04124594829649,0.447,0.232,0,"0","CAPZA2"
0,0.761366652573413,0.558,0.344,0,"0","MTPN"
0,1.55222286185182,0.317,0.103,0,"0","CALHM6"
0,1.95758028985796,0.304,0.09,0,"0","NAPRT"
0,1.14488720959942,0.433,0.219,0,"0","CD4"
0,2.19438894371304,0.283,0.069,0,"0","FKBP15"
0,1.21355507276421,0.572,0.358,0,"0","TUBA1A"
0,1.21633295455763,0.449,0.236,0,"0","ENY2"
0,3.20736846075194,0.253,0.04,0,"0","FOSB"
0,0.98121667534984,0.908,0.696,0,"0","LCP1"
0,0.785034639352133,0.426,0.214,0,"0","PTPN18"
0,1.16100836443087,0.396,0.185,0,"0","H2AFJ"
0,1.15787307594624,0.405,0.194,0,"0","YWHAE"
0,1.93142754754327,0.299,0.088,0,"0","DENND10"
0,2.0865255085139,0.287,0.076,0,"0","JAK2"
0,2.05479932191317,0.291,0.08,0,"0","BCL3"
0,1.39109329637339,0.264,0.054,0,"0","CDKN1A"
0,2.47615678022713,0.264,0.054,0,"0","APAF1"
0,1.25542707550112,0.424,0.214,0,"0","SPG21"
0,1.67961820536808,0.33,0.121,0,"0","STAT2"
0,1.44263878878041,0.377,0.168,0,"0","ATP2B1"
0,0.978326018850905,0.616,0.408,0,"0","SCAND1"
0,1.68619822256901,0.323,0.116,0,"0","DICER1"
0,0.799608488808401,0.525,0.318,0,"0","CDKN2D"
0,1.09757085238786,0.444,0.237,0,"0","XIST"
0,1.22394611382818,0.427,0.22,0,"0","POLE4"
0,1.1186386432929,0.481,0.274,0,"0","ROCK1"
0,0.863270098861663,0.467,0.261,0,"0","CMTM6"
0,1.38889003386524,0.367,0.161,0,"0","MED13L"
0,2.40361480433043,0.265,0.06,0,"0","IRS2"
0,0.994265069718037,0.536,0.331,0,"0","SEC11A"
0,1.29011334597774,0.4,0.195,0,"0","OGFR"
0,1.34749983632892,0.33,0.125,0,"0","BID"
0,1.61923337466282,0.326,0.122,0,"0","RBPJ"
0,0.93133057831657,0.651,0.447,0,"0","POLR2L"
0,1.76868371484896,0.304,0.101,0,"0","EVI2A"
0,0.855415892364802,0.543,0.341,0,"0","MYO1G"
0,0.953790478152183,0.499,0.297,0,"0","STMP1"
0,2.38134799076953,0.257,0.055,0,"0","PLXNC1"
0,0.894114041098002,0.648,0.446,0,"0","CSTB"
0,2.31481727957818,0.26,0.058,0,"0","TRIOBP"
0,2.25541265536191,0.263,0.062,0,"0","ADAM15"
0,1.61318908481987,0.319,0.118,0,"0","PLEKHB2"
0,2.03650006696421,0.277,0.076,0,"0","SLCO3A1"
0,1.42890723179115,0.346,0.145,0,"0","UBR4"
0,1.26034311953648,0.364,0.163,0,"0","SERPINB6"
0,0.990516292012566,0.412,0.211,0,"0","HACD4"
0,0.992776039845686,0.466,0.266,0,"0","RTN4"
0,1.13122017424639,0.438,0.238,0,"0","RNF181"
0,1.07383556625193,0.467,0.267,0,"0","UQCRC1"
0,0.91265933252606,0.626,0.426,0,"0","MTDH"
0,1.73773542684623,0.306,0.106,0,"0","CARS2"
0,1.73612046705814,0.301,0.101,0,"0","TNFRSF1A"
0,1.18453662506402,0.413,0.213,0,"0","CHMP2A"
0,0.543490948200118,0.997,0.797,0,"0","CD74"
0,1.27420220313878,0.279,0.08,0,"0","GSN"
0,2.38735521731912,0.258,0.059,0,"0","TLE3"
0,1.04920787410645,0.434,0.235,0,"0","PREX1"
0,0.924204433612443,0.554,0.356,0,"0","TMEM219"
0,1.04232941456515,0.505,0.307,0,"0","NDUFB1"
0,1.29835346543542,0.406,0.209,0,"0","PLD3"
0,1.0364370175513,0.466,0.269,0,"0","NAA38"
0,1.20729770822903,0.357,0.16,0,"0","MAP2K3"
0,1.24924977486922,0.393,0.197,0,"0","PTEN"
0,1.19843846988296,0.371,0.175,0,"0","IFI27L2"
0,2.10884616818296,0.265,0.069,0,"0","TSEN34"
0,0.843372450434596,0.754,0.558,0,"0","TPI1"
0,1.40501377571884,0.34,0.146,0,"0","TRIM8"
0,1.85732152201377,0.274,0.08,0,"0","HOTAIRM1"
0,1.61260835409981,0.277,0.083,0,"0","OAS1"
0,1.26129836088079,0.373,0.179,0,"0","PSTPIP1"
0,1.52528935546188,0.327,0.134,0,"0","GNG10"
0,1.58590076709391,0.324,0.131,0,"0","CSGALNACT2"
0,2.17324258131917,0.256,0.063,0,"0","BCKDK"
0,1.57430007142627,0.307,0.114,0,"0","RARA"
0,1.13380543793384,0.407,0.214,0,"0","DOCK2"
0,1.2687421006533,0.362,0.169,0,"0","EPN1"
0,1.50951537717356,0.32,0.128,0,"0","LPGAT1"
0,2.09859398636695,0.259,0.067,0,"0","NRROS"
0,1.7978040318636,0.277,0.086,0,"0","RPS6KA4"
0,1.39801362267378,0.306,0.115,0,"0","SEC14L1"
0,0.887606163818093,0.501,0.311,0,"0","MOB1A"
0,1.07767472379903,0.425,0.235,0,"0","UPP1"
0,0.90629668820288,0.768,0.579,0,"0","ENO1"
0,0.94405232554516,0.887,0.699,0,"0","SERP1"
0,1.50189517701996,0.313,0.125,0,"0","TIMM8B"
0,1.60288620483027,0.297,0.109,0,"0","NCOR2"
0,1.2328095447521,0.358,0.171,0,"0","FAM120A"
0,1.02817959565125,0.863,0.677,0,"0","ALDOA"
0,1.33493861045304,0.333,0.148,0,"0","NUDT3"
0,0.935956604195246,0.643,0.458,0,"0","SMAP2"
0,0.751400510055486,0.631,0.446,0,"0","SEC61B"
0,0.913202812364849,0.596,0.411,0,"0","PGAM1"
0,1.20895357146958,0.352,0.167,0,"0","MAP3K1"
0,0.868870464273364,0.529,0.345,0,"0","TGOLN2"
0,1.43347028998565,0.333,0.149,0,"0","PARP14"
0,1.15203338132972,0.308,0.124,0,"0","ANO6"
0,0.911782238528003,0.931,0.748,0,"0","EMP3"
0,1.75741782404591,0.274,0.091,0,"0","TYK2"
0,1.11223798719321,0.484,0.301,0,"0","HMGB2"
0,1.44694849631376,0.311,0.128,0,"0","HIPK3"
0,1.64169159986833,0.266,0.083,0,"0","ARRB1"
0,1.00724091872002,0.454,0.271,0,"0","SHKBP1"
0,0.851324672275114,0.544,0.362,0,"0","DEK"
0,1.70629416648205,0.265,0.083,0,"0","RRBP1"
0,0.866616796077533,0.66,0.479,0,"0","ACTR2"
0,1.03663480600825,0.412,0.231,0,"0","MBD2"
0,0.930701015422581,0.465,0.285,0,"0","TWF2"
0,1.54983735474372,0.287,0.107,0,"0","MANBA"
0,0.873150474164623,0.646,0.466,0,"0","ATP5MF"
0,0.878877141473362,0.778,0.599,0,"0","CD44"
0,0.857613991769357,0.499,0.32,0,"0","GNB1"
0,0.920025138604881,0.486,0.307,0,"0","DDX21"
0,0.915471307040646,0.417,0.238,0,"0","SUPT4H1"
0,1.47319145375415,0.298,0.119,0,"0","JOSD2"
0,1.07512216202416,0.389,0.211,0,"0","CHMP4B"
0,0.869710532090095,0.541,0.364,0,"0","BST2"
0,1.67845985025989,0.269,0.092,0,"0","CERT1"
0,1.18198531352371,0.349,0.172,0,"0","HOOK3"
0,1.44938427285058,0.298,0.122,0,"0","TMEM154"
0,1.83721542574233,0.253,0.077,0,"0","ZMIZ1"
0,1.76008137596896,0.259,0.083,0,"0","HEBP1"
0,0.951404667689412,0.452,0.276,0,"0","OS9"
0,0.975668886881634,0.826,0.65,0,"0","CALM2"
0,0.844744000192209,0.572,0.396,0,"0","AKAP13"
0,0.917732768731723,0.467,0.292,0,"0","USP3"
0,1.60777602188242,0.261,0.086,0,"0","IER5"
0,1.22115614600215,0.34,0.165,0,"0","FAM200B"
0,1.39415414427452,0.271,0.096,0,"0","CARD19"
0,1.41654504783313,0.297,0.122,0,"0","MAP3K11"
0,1.4646225055338,0.293,0.118,0,"0","DHRS4"
0,1.32014166381013,0.31,0.137,0,"0","CTDNEP1"
0,1.06825852220294,0.345,0.172,0,"0","G6PD"
0,1.78183611711122,0.263,0.091,0,"0","BEST1"
0,1.5796629347251,0.27,0.099,0,"0","RNPEP"
0,1.17757775907963,0.334,0.163,0,"0","HDLBP"
0,1.32293756777417,0.331,0.16,0,"0","TRMT1"
0,1.07337312703578,0.33,0.16,0,"0","MAPKAPK3"
0,1.64360827276085,0.258,0.089,0,"0","IL10RB"
0,1.0165947942628,0.365,0.196,0,"0","AKIRIN2"
0,1.625702720274,0.259,0.091,0,"0","VAMP3"
0,1.15138123746812,0.339,0.171,0,"0","EIF4E2"
0,1.34444506241092,0.296,0.128,0,"0","RAB27A"
0,0.708429823676007,0.774,0.607,0,"0","GPX4"
0,1.48490616518229,0.274,0.108,0,"0","LAMP2"
0,1.30009873472026,0.301,0.136,0,"0","MOB3A"
0,0.842694788801739,0.562,0.399,0,"0","UQCRQ"
0,1.4172588247697,0.28,0.117,0,"0","TPD52L2"
0,1.37171128646854,0.294,0.131,0,"0","CCDC88B"
0,1.25221690465506,0.975,0.814,0,"0","CYBA"
0,0.838614442297997,0.585,0.426,0,"0","USP15"
0,1.63690171207785,0.354,0.196,0,"0","IFI6"
0,1.29664427408287,0.286,0.128,0,"0","SRA1"
0,0.673495451927683,0.682,0.525,0,"0","PTP4A2"
0,0.788675248044775,0.874,0.717,0,"0","UQCR11"
0,0.770482387549381,0.7,0.543,0,"0","SRRM2"
0,1.43900883462287,0.261,0.105,0,"0","ZDHHC20"
0,1.15847742713961,0.312,0.156,0,"0","CELF1"
0,0.776309154090478,0.797,0.643,0,"0","COX5B"
0,0.793909673625704,0.864,0.71,0,"0","COX6B1"
0,1.26491491554695,0.274,0.121,0,"0","IL6R"
0,1.33201795880331,0.271,0.118,0,"0","COMMD9"
0,1.4243526279072,0.256,0.103,0,"0","ARHGAP27"
0,1.49870705543088,0.254,0.101,0,"0","SERTAD2"
0,2.8376896150827,1,0.848,0,"0","S100A6"
0,1.49062590400438,0.251,0.099,0,"0","SPAG9"
0,1.19987192451064,0.28,0.129,0,"0","JARID2"
0,1.30436529259577,0.27,0.119,0,"0","CYB5R4"
0,1.29789505601702,0.272,0.121,0,"0","EP300"
0,0.753430794103632,0.623,0.472,0,"0","WAS"
0,1.43537941785539,0.274,0.126,0,"0","MX2"
0,1.3315978004286,0.257,0.109,0,"0","AP1B1"
0,1.30786469003728,0.267,0.122,0,"0","PKN2"
0,0.696195348042186,0.774,0.629,0,"0","HIGD2A"
0,1.19752629094388,0.258,0.113,0,"0","CCPG1"
0,1.26896965865432,0.251,0.11,0,"0","DUSP23"
0,0.944600909257778,0.95,0.819,0,"0","ARPC3"
0,0.771718337442588,0.936,0.806,0,"0","TPM3"
0,0.624379871396484,0.74,0.611,0,"0","UBL5"
0,0.754383307798102,0.932,0.805,0,"0","RHOA"
0,1.20638088992573,0.996,0.87,0,"0","OAZ1"
0,0.621289677473664,0.87,0.754,0,"0","GMFG"
0,0.521551289703392,0.87,0.769,0,"0","YWHAB"
0,0.838768953194601,0.994,0.897,0,"0","MYL6"
0,1.07036566788138,0.996,0.906,0,"0","H3F3A"
0,0.654418819879826,0.887,0.799,0,"0","LSP1"
0,0.958148928254523,0.805,0.721,0,"0","CRIP1"
0,1.50307090129138,0.999,0.918,0,"0","VIM"
0,0.767286565350473,0.978,0.911,0,"0","ATP5MC2"
0,1.52407197638297,0.999,0.933,0,"0","GAPDH"
0,1.01814920603442,1,0.943,0,"0","SH3BGRL3"
0,1.07784060047252,0.997,0.948,0,"0","MT-ND4"
0,0.506499301260403,0.941,0.893,0,"0","SLC25A6"
0,0.697362841074155,0.996,0.953,0,"0","MT-ND2"
0,1.07642994185964,0.998,0.961,0,"0","ATP5F1E"
0,0.916128697034702,0.998,0.965,0,"0","SERF2"
0,0.854390038670668,0.999,0.98,0,"0","MT-ND1"
0,2.5031440842783,1,0.989,0,"0","FTL"
0,1.68747042386581,1,0.994,0,"0","FTH1"
0,0.623037481980601,1,0.998,0,"0","TMSB10"
0,0.610978129863896,1,0.999,0,"0","ACTB"
2.47032822920623e-322,1.05982622295998,0.355,0.193,4.86481738177583e-318,"0","FLII"
3.79047163489404e-320,0.893186398115214,0.476,0.302,7.46457579059684e-316,"0","PRKAR1A"
3.60372470207897e-317,0.849081515820131,0.494,0.319,7.09681505580411e-313,"0","ANAPC11"
9.94995246887036e-317,0.780096300925852,0.57,0.406,1.95944413969464e-312,"0","WASF2"
1.03635817967657e-314,0.643653874061063,0.634,0.464,2.04090016323706e-310,"0","RNASET2"
1.1975058304909e-313,0.823097142549056,0.614,0.468,2.35824823198572e-309,"0","RNF213"
2.83704316645204e-312,0.854208506998667,0.394,0.221,5.586989107694e-308,"0","SNX2"
2.1871411303264e-309,0.878279305517915,0.302,0.152,4.30713702795178e-305,"0","IRF7"
3.15748119266883e-309,1.00618682490596,0.354,0.193,6.21802771272273e-305,"0","TACC1"
2.32816340667973e-308,1.10159299039933,0.339,0.183,4.5848521967744e-304,"0","ANKRD13D"
3.42776603323956e-307,0.795569578159934,0.568,0.408,6.75029964925866e-303,"0","PAK2"
1.87378845150833e-306,0.927153760767682,0.42,0.253,3.69005159755536e-302,"0","TM9SF2"
1.83994056221292e-303,0.986324419936089,0.388,0.225,3.62339494916591e-299,"0","STAT6"
3.34472637867741e-301,1.07424113582482,0.398,0.239,6.58676965752943e-297,"0","VAMP5"
1.25758143334624e-299,1.04312650097945,0.335,0.18,2.47655511668875e-295,"0","MAP3K2"
6.45948239134182e-293,0.836940840670941,0.482,0.315,1.27206586732695e-288,"0","AURKAIP1"
2.70296734999576e-292,1.09023634776768,0.289,0.145,5.32295360234665e-288,"0","TRIP12"
7.94527751287537e-292,1.1059672694349,0.294,0.15,1.56466350061055e-287,"0","MEF2A"
1.48947401181979e-290,0.966964141400828,0.371,0.212,2.93322117147672e-286,"0","CCNY"
3.62253992524146e-289,0.935747215673904,0.376,0.217,7.13386787477801e-285,"0","NAAA"
4.10154235345867e-285,0.971537709075166,0.354,0.199,8.07716735666615e-281,"0","SH3GLB1"
9.11388552666932e-284,0.716568981484383,0.585,0.436,1.79479747676699e-279,"0","ARF5"
4.81616563816493e-281,0.881153438854969,0.423,0.262,9.4844749912382e-277,"0","NCKAP1L"
2.02241868437576e-280,1.03270587838668,0.34,0.19,3.98274911514118e-276,"0","AKR1A1"
8.00079401438184e-278,1.00518120559036,0.563,0.411,1.57559636525222e-273,"0","MT2A"
1.56774483978734e-276,0.881888447669946,0.423,0.264,3.08735991299321e-272,"0","HM13"
5.47927104957376e-276,0.815613342541898,0.496,0.337,1.07903284779256e-271,"0","ROMO1"
1.09762640876859e-274,1.09805368004818,0.283,0.145,2.16155568678798e-270,"0","TMEM165"
4.241997841539e-274,1.20344467663723,0.26,0.129,8.35376634934276e-270,"0","IFI35"
6.50148597211867e-274,1.14176793223105,0.261,0.128,1.28033763248933e-269,"0","ZNF524"
1.84292787694533e-272,0.699995829186087,0.594,0.45,3.62927786806844e-268,"0","WDR83OS"
6.2129033369956e-271,0.931636739424625,0.256,0.121,1.22350705415454e-266,"0","STX7"
6.48240138912582e-271,0.964016863386582,0.322,0.175,1.27657930556055e-266,"0","RAP2B"
1.48980528922653e-270,0.887621236104302,0.418,0.26,2.9338735560738e-266,"0","CCDC69"
1.61843543485256e-269,0.649891828126169,0.657,0.533,3.18718490185515e-265,"0","NDUFA11"
1.58311808167317e-268,0.740103647008955,0.399,0.232,3.11763443823898e-264,"0","ACTN4"
1.9558975701004e-266,1.07444118623456,0.294,0.155,3.85174908479871e-262,"0","ADPGK"
1.89106103515423e-265,1.05011027647212,0.297,0.157,3.72406649652923e-261,"0","MTMR14"
3.42416898421172e-265,0.68204753771482,0.496,0.326,6.74321598060815e-261,"0","PRKCB"
3.18897260713865e-264,0.684371628752392,0.422,0.258,6.28004375523814e-260,"0","DYNLL1"
1.57547460870994e-262,1.00135070713248,0.305,0.163,3.10258214693249e-258,"0","ARID1A"
2.85383195761827e-262,0.92144454699956,0.34,0.192,5.62005127413765e-258,"0","JPT1"
4.54573728017272e-262,0.845830516225945,0.416,0.259,8.95192042584414e-258,"0","REEP5"
3.23489234277839e-261,1.09896099185603,0.256,0.126,6.37047349063347e-257,"0","RELB"
1.55509871383972e-257,1.1211942592568,0.253,0.126,3.06245589716456e-253,"0","LRRFIP2"
1.06314752416455e-255,0.943272312039404,0.344,0.197,2.09365641933725e-251,"0","GTF2I"
1.03324397094612e-251,0.76494332459711,0.438,0.28,2.0347673519842e-247,"0","RGS19"
4.59551836739414e-249,1.03945242351918,0.29,0.156,9.04995432090928e-245,"0","SCNM1"
5.4678455495862e-249,0.916721256523387,0.312,0.171,1.07678282408001e-244,"0","ARF3"
9.9580450327339e-248,0.648279953413645,0.303,0.161,1.96103780829629e-243,"0","APP"
1.66574405853642e-246,0.966956585681427,0.318,0.178,3.28034977447577e-242,"0","PTRHD1"
8.20898676688194e-246,0.937267924068459,0.34,0.197,1.61659576400206e-241,"0","PPP1CB"
1.93088775071773e-244,1.05077088447953,0.281,0.15,3.80249724748842e-240,"0","VMA21"
3.18430582407674e-244,0.98338759231142,0.267,0.137,6.27085345935433e-240,"0","HIPK2"
2.50518534214279e-241,0.968458429626647,0.318,0.181,4.9334614942818e-237,"0","TUBGCP2"
4.14189347495085e-241,0.604279077400101,0.676,0.559,8.15663082022071e-237,"0","STK17B"
1.4240495229102e-239,0.637034734246512,0.623,0.495,2.80438072546706e-235,"0","PSMA7"
2.89685097001484e-239,1.04642950345457,0.285,0.155,5.70476861525022e-235,"0","WASHC2C"
9.95591142096727e-238,1.01229053408477,0.291,0.159,1.96061763613108e-233,"0","CHCHD5"
8.54125837153839e-237,0.740051486268044,0.382,0.233,1.68203001110705e-232,"0","RIOK3"
3.3376248841527e-236,0.742238796856369,0.49,0.34,6.57278468436192e-232,"0","EIF3A"
1.03962840149589e-234,1.16053032729032,0.253,0.131,2.04734021106586e-230,"0","PLIN2"
1.33046930214047e-233,0.688694486298023,0.547,0.411,2.62009319670523e-229,"0","COX5A"
2.73232349745594e-228,0.902636897430297,0.333,0.196,5.38076466353998e-224,"0","PSMA4"
4.95902862001143e-228,0.774172910137922,0.455,0.31,9.7658150613885e-224,"0","PPP4C"
1.10010884299599e-227,0.983451423956571,0.297,0.167,2.16644434451201e-223,"0","TRIM38"
2.19515642106018e-227,0.664760771735606,0.561,0.421,4.3229215399938e-223,"0","COPE"
2.25874989550109e-226,0.958428750588335,0.284,0.155,4.4481561692103e-222,"0","WASHC4"
5.68893335907752e-226,1.04028448320627,0.258,0.135,1.12032164640314e-221,"0","A1BG"
1.05761729537108e-225,0.682833858526058,0.572,0.439,2.08276573977426e-221,"0","ATP5ME"
1.98619409662493e-225,0.684887365529226,0.535,0.392,3.91141203448348e-221,"0","TCF25"
2.83404264971331e-225,0.790759994345615,0.37,0.224,5.58108019008042e-221,"0","ID2"
1.40837238670662e-224,0.755037454791334,0.47,0.327,2.77350774114136e-220,"0","NDUFA2"
1.57680693357668e-223,1.325981371498,0.321,0.196,3.10520589429256e-219,"0","ISG15"
6.64228481916444e-220,0.729267664078862,0.474,0.33,1.30806514943805e-215,"0","SEM1"
5.0892066426292e-219,1.01611944257971,0.263,0.141,1.00221746413297e-214,"0","GLTP"
3.02985575759498e-218,0.996065003536255,0.25,0.131,5.96669494343179e-214,"0","CLIP1"
5.96205896612193e-218,0.510375909435692,0.728,0.637,1.17410827219839e-213,"0","ATP5F1D"
7.34436081234322e-217,0.763922606232879,0.398,0.253,1.44632497477475e-212,"0","RIN3"
7.956376823904e-216,0.615565333797235,0.55,0.411,1.56684928793141e-211,"0","SQSTM1"
5.5015367695953e-213,0.904683270502276,0.313,0.183,1.0834176360364e-208,"0","SHOC2"
3.17420679433243e-209,0.925856292536474,0.275,0.151,6.25096544007885e-205,"0","SFT2D1"
3.31010648872251e-209,0.744778436731182,0.372,0.232,6.51859270824124e-205,"0","IQGAP2"
6.41956405634643e-209,0.89219941613652,0.337,0.205,1.2642047496163e-204,"0","MAP4K4"
5.77083006284455e-207,0.778304268157223,0.396,0.258,1.13644956427598e-202,"0","ZNHIT1"
4.3169355815973e-206,0.765691574892598,0.418,0.279,8.50134124083957e-202,"0","KDELR1"
4.83764043533553e-206,0.836545515913732,0.386,0.25,9.52676530930625e-202,"0","JMJD1C"
2.25738721993564e-205,0.50378692092063,0.716,0.619,4.44547265221926e-201,"0","PRR13"
1.93179948275844e-204,0.755091191742586,0.426,0.287,3.8042927213962e-200,"0","XRN2"
7.03328387624186e-201,0.920088049649171,0.29,0.168,1.38506459374831e-196,"0","SNF8"
9.40227429226181e-200,0.835084120329188,0.325,0.196,1.85158987637512e-195,"0","EIF4G1"
2.98367045220702e-198,0.904695361736177,0.277,0.156,5.87574222153128e-194,"0","CREBBP"
2.38112922927333e-196,0.875810144619139,0.31,0.185,4.68915779120797e-192,"0","LSM10"
5.55669812693885e-195,0.639841442837928,0.527,0.397,1.09428056213807e-190,"0","MICOS10"
5.39145327125801e-192,0.721135659843505,0.437,0.303,1.06173889270884e-187,"0","POMP"
6.41633766279875e-191,0.815881086773923,0.354,0.225,1.26356937593496e-186,"0","KMT2C"
1.36813714092596e-188,0.852712993314412,0.319,0.195,2.6942724716255e-184,"0","TRIM44"
1.79765244021838e-188,0.600967881079339,0.524,0.393,3.54011695052206e-184,"0","PRDX5"
3.41216583142709e-186,0.760398344165774,0.367,0.237,6.71957817182936e-182,"0","NIN"
1.31640933297638e-185,0.774606302751488,0.37,0.242,2.59240489943039e-181,"0","MRPL52"
8.19185749603023e-184,0.707761874539882,0.25,0.136,1.61322249669323e-179,"0","PTPRJ"
1.00144826547592e-183,0.874121510844098,0.298,0.179,1.97215206920173e-179,"0","USP4"
1.14635798826322e-183,0.597652059385076,0.559,0.435,2.25752278628676e-179,"0","ATP5PD"
2.78718822504145e-182,0.679443834218384,0.441,0.311,5.48880977157414e-178,"0","BNIP2"
1.46873939214546e-181,0.700012909635443,0.452,0.323,2.89238848495205e-177,"0","COPS9"
1.90525913290194e-181,0.545704620552911,0.547,0.416,3.75202681042379e-177,"0","DBI"
5.47930551527929e-181,0.739415086544281,0.381,0.252,1.07903963512395e-176,"0","IFI16"
8.39958814926692e-181,0.556609367734678,0.582,0.462,1.65413089423513e-176,"0","PSMB10"
6.63759191245894e-180,0.530148794500865,0.652,0.558,1.30714097532054e-175,"0","NDUFA1"
5.37348005512829e-179,0.768304020210162,0.323,0.2,1.05819942725641e-174,"0","MIEN1"
9.76722791818442e-178,0.893740087980978,0.274,0.161,1.92346019392806e-173,"0","ETHE1"
5.77033931540236e-177,0.90136824405385,0.269,0.157,1.13635292138219e-172,"0","HADHB"
1.00302526029603e-176,0.627946934583636,0.486,0.358,1.97525764510097e-172,"0","VAPA"
2.25809222011355e-176,0.635413656387067,0.512,0.389,4.44686100906961e-172,"0","NDUFC2"
7.24140140635263e-175,0.588754594770662,0.515,0.386,1.42604917895302e-170,"0","CANX"
2.10403195690718e-173,0.752165052333259,0.312,0.191,4.14347013273731e-169,"0","HK1"
6.23159728174472e-173,0.907415288820833,0.252,0.144,1.22718845269399e-168,"0","GUSB"
8.83551497215185e-173,0.525791749824455,0.583,0.462,1.73997796346586e-168,"0","ARPC4"
3.02936490906374e-171,0.871880085843429,0.258,0.149,5.96572831541922e-167,"0","ARL8B"
3.13324461935624e-171,0.52184129379708,0.61,0.506,6.17029862889824e-167,"0","BRK1"
3.43830785182246e-171,0.747849216887248,0.349,0.226,6.77105965259397e-167,"0","DYNLT1"
2.16361083808342e-170,0.680088905507529,0.345,0.22,4.26079882343768e-166,"0","UBE2J1"
5.70135059573316e-166,0.915046478473184,0.291,0.18,1.12276697281773e-161,"0","XAF1"
3.45655739529336e-164,0.726268316919083,0.321,0.202,6.80699847855122e-160,"0","IGF2R"
7.79869693898517e-164,0.744729235529712,0.34,0.22,1.53579738819435e-159,"0","CIAO2A"
8.24318099568722e-164,0.779350118852328,0.325,0.209,1.62332963348068e-159,"0","ATP6AP1"
1.26466873995239e-163,0.621172966806325,0.464,0.339,2.49051214958825e-159,"0","PRDX1"
1.46741048094236e-163,0.882847768632107,0.302,0.19,2.88977146011979e-159,"0","CTNNB1"
4.70366549374011e-163,0.771685772273682,0.308,0.192,9.26292845682241e-159,"0","AC004687.1"
1.2747465635459e-162,0.779772613266429,0.325,0.209,2.51035840759093e-158,"0","PSMB4"
3.80489633747324e-162,0.875210467230629,0.268,0.16,7.49298235738605e-158,"0","MLX"
8.56658581735093e-162,0.72394341236199,0.364,0.244,1.68701774501092e-157,"0","LAMTOR5"
4.10156978332384e-161,0.749620558663618,0.336,0.218,8.07722137429964e-157,"0","CLTB"
6.47712431868015e-161,0.520754032237642,0.631,0.537,1.27554009207768e-156,"0","ATP6V0E1"
1.74953520904656e-160,0.818744492556054,0.269,0.161,3.44535968717539e-156,"0","CTDSP2"
1.26610254922883e-159,0.780776102594239,0.293,0.181,2.49333575019633e-155,"0","VTI1B"
1.84454507797544e-159,0.707933126519468,0.338,0.218,3.63246262205703e-155,"0","CMTM7"
2.65841054445475e-158,0.65464869854117,0.426,0.303,5.23520788519474e-154,"0","KLF13"
2.88546757541557e-158,0.755129083312021,0.307,0.193,5.68235129626588e-154,"0","IGFLR1"
6.45659741521206e-158,0.58002189912259,0.528,0.414,1.27149772897771e-153,"0","COX7B"
1.51905659418309e-157,0.668896047781335,0.273,0.162,2.99147815092476e-153,"0","TUBB4B"
7.259997376476e-156,0.810485917052536,0.276,0.168,1.42971128334942e-151,"0","RNF13"
1.40660291773386e-155,0.811423369492886,0.283,0.174,2.77002312589329e-151,"0","CHD4"
9.78798313646617e-155,0.742119354072897,0.293,0.182,1.92754751906428e-150,"0","CAT"
2.66462278536394e-154,0.845153001132226,0.269,0.163,5.2474416512172e-150,"0","ARRDC1"
8.5454063140267e-154,0.701970239688839,0.287,0.175,1.68284686542128e-149,"0","HDGF"
9.53734966702125e-154,0.602131636784688,0.49,0.373,1.8781902699265e-149,"0","PET100"
4.2376978694988e-151,0.677719902732235,0.385,0.268,8.34529841440398e-147,"0","TMEM256"
3.96821093061416e-150,0.764506238573305,0.306,0.196,7.81459778565847e-146,"0","DCP2"
1.37610902432425e-149,0.823009725323327,0.253,0.151,2.70997150160175e-145,"0","RC3H1"
3.11676949785818e-148,0.739971249769082,0.297,0.187,6.13785417213212e-144,"0","LASP1"
9.01691165582734e-148,0.515156648558543,0.37,0.248,1.77570041238208e-143,"0","NORAD"
2.76652854450626e-147,0.598140776588653,0.355,0.234,5.44812466269618e-143,"0","REL"
4.08961226907263e-147,0.693177713311409,0.327,0.213,8.05367344148473e-143,"0","MAPK1"
2.05080724002669e-146,0.735382081674806,0.316,0.206,4.03865469778456e-142,"0","ERICH1"
1.37321860295849e-145,0.737575165835056,0.297,0.189,2.70427939480615e-141,"0","TOP1"
1.69285279764752e-145,0.687311803841017,0.364,0.25,3.33373501440727e-141,"0","YY1"
1.94957810076455e-145,0.511164898997511,0.416,0.288,3.83930415383563e-141,"0","DOK2"
1.39102160295633e-144,0.813695749009445,0.263,0.161,2.73933884270191e-140,"0","TMED5"
7.19564840687514e-144,0.778731249586853,0.286,0.18,1.41703904076592e-139,"0","GMIP"
7.69274181930646e-143,0.698354165068382,0.328,0.216,1.51493164647602e-138,"0","RB1"
9.80593904555804e-143,0.714950520183401,0.343,0.232,1.93108357624175e-138,"0","CALCOCO2"
3.17350108337157e-142,0.590336162912281,0.469,0.356,6.24957568348364e-138,"0","SRSF9"
4.63211132255548e-142,0.743986560007021,0.299,0.192,9.12201682750852e-138,"0","SLIRP"
1.91494189525397e-140,0.739656368996882,0.332,0.223,3.77109507432364e-136,"0","ABTB1"
2.63090300217651e-138,0.59698324931015,0.455,0.345,5.1810372821862e-134,"0","RAB5C"
2.89081501568821e-138,0.72655475025611,0.318,0.21,5.69288201039478e-134,"0","UBA1"
9.98985856299799e-138,0.78601778841936,0.256,0.156,1.96730284681119e-133,"0","PELI1"
5.44166571940266e-137,0.640471395503619,0.384,0.27,1.07162723012197e-132,"0","ACADVL"
8.04176657806326e-136,0.725171837445171,0.319,0.213,1.583665092218e-131,"0","DNAJC7"
1.28663026864233e-135,0.580085664357716,0.473,0.365,2.53376098803735e-131,"0","ANP32A"
2.52322391992318e-135,0.651457872029706,0.373,0.261,4.96898486550471e-131,"0","EIF4EBP2"
2.86915181644101e-135,0.662935203357728,0.385,0.275,5.65022067211727e-131,"0","NDUFS6"
3.05483800780908e-135,0.756787205655131,0.295,0.192,6.01589248877842e-131,"0","TNFSF12"
6.52723310385924e-135,0.53973454476589,0.474,0.359,1.285408015143e-130,"0","NDUFB7"
3.08799081422607e-132,0.69108002104783,0.31,0.204,6.0811803104554e-128,"0","DNAJC4"
4.94926937522973e-131,0.747446685894176,0.265,0.167,9.74659618063991e-127,"0","DNAJC3"
6.15505123558292e-130,0.533545277101447,0.41,0.294,1.21211423982334e-125,"0","DIAPH1"
7.22298574580764e-130,0.680958324554248,0.333,0.227,1.4224225829219e-125,"0","LAPTM4A"
5.95449552785984e-129,0.604917991379536,0.352,0.242,1.17261880430144e-124,"0","ADAM10"
1.45251649277521e-127,0.759392462132519,0.264,0.167,2.86044072922222e-123,"0","TMEM30A"
4.28053330148343e-126,0.750062689355576,0.26,0.163,8.42965423061131e-122,"0","SLC38A10"
3.63374576200462e-124,0.767312615816893,0.258,0.164,7.1559355291157e-120,"0","TIMM17B"
4.58960319890852e-124,0.630459651491379,0.392,0.286,9.03830557961055e-120,"0","HSD17B11"
2.06646286294136e-121,0.646395265966627,0.331,0.227,4.06948531599042e-117,"0","KCNAB2"
2.75087157621603e-121,0.580316790638878,0.373,0.264,5.41729139504223e-117,"0","BOD1L1"
5.91037291626663e-120,0.548480178769295,0.394,0.287,1.16392973840039e-115,"0","STAT1"
4.2126145385443e-119,0.668026825354064,0.295,0.196,8.2959018107553e-115,"0","VPS35"
1.00199157215761e-118,0.635313157948369,0.327,0.225,1.97322200304999e-114,"0","FLOT1"
2.48309380214049e-117,0.660001233958957,0.311,0.211,4.88995662455528e-113,"0","DNAJC15"
5.89649537377832e-117,0.750351935687427,0.253,0.161,1.16119683395817e-112,"0","CSNK1D"
6.96200480483615e-117,0.707589574701182,0.291,0.195,1.37102760621638e-112,"0","RNASEH2C"
1.01546929180729e-116,0.672212983476422,0.307,0.209,1.99976367635609e-112,"0","NDUFB5"
1.09920870072348e-116,0.709601011265648,0.284,0.189,2.16467169433475e-112,"0","RAD23B"
5.44808643817225e-115,0.63065388236613,0.319,0.219,1.07289166226926e-110,"0","COPA"
5.70995697173411e-113,0.731791173923545,0.252,0.162,1.1244618264436e-108,"0","TIMM13"
7.02056969279543e-113,0.646319389065384,0.325,0.227,1.3825607896022e-108,"0","COX17"
4.35149052368494e-110,0.673042829409897,0.292,0.198,8.56939028829276e-106,"0","KDM2A"
1.5606813722373e-109,0.625312268898202,0.362,0.266,3.07344982634691e-105,"0","LRPAP1"
2.0289451959082e-109,0.648194047602038,0.251,0.161,3.99560177430203e-105,"0","RAB8B"
4.84407642369201e-109,0.62643483052596,0.333,0.236,9.53943970117667e-105,"0","NDUFA7"
1.23894661703265e-107,0.504459714578527,0.479,0.382,2.43985757292239e-103,"0","SF3B5"
2.81149086880785e-107,0.517542339510785,0.436,0.333,5.5366689679433e-103,"0","CHCHD10"
8.94828254209997e-107,0.703332881139363,0.263,0.174,1.76218528101575e-102,"0","RBM5"
1.32074252468894e-106,0.575636958676666,0.409,0.312,2.60093825386992e-102,"0","OSBPL8"
1.82311479324576e-106,0.651763210360593,0.301,0.208,3.59025996233888e-102,"0","IDH3G"
6.31974677566191e-106,0.517343146314065,0.466,0.369,1.2445477325311e-101,"0","DDX3X"
1.24397387499788e-105,0.551591738888401,0.399,0.301,2.44975775203333e-101,"0","NAPA"
3.28631659505333e-105,0.693387581081964,0.262,0.173,6.47174327063852e-101,"0","SDHB"
2.24521407415338e-104,0.514472576011192,0.429,0.328,4.42150007623025e-100,"0","CFLAR"
2.57144533430708e-103,0.663405175405699,0.274,0.184,5.06394729685094e-99,"0","PTK2B"
8.57157075567082e-103,0.58676203300574,0.366,0.269,1.68799942891425e-98,"0","WSB1"
1.46552884227154e-102,0.571444242851604,0.37,0.273,2.88606594908535e-98,"0","DYNC1H1"
3.18267844633903e-102,0.533317363065278,0.423,0.328,6.26764866437545e-98,"0","PSMB6"
5.56237929336314e-102,0.584822214094569,0.323,0.228,1.095399354242e-97,"0","RNF166"
2.51446275468283e-101,0.530189349563528,0.435,0.34,4.95173150279689e-97,"0","PSMA6"
3.69533854022966e-101,0.659357258324065,0.267,0.179,7.27723018727426e-97,"0","SLC38A2"
9.47291059131292e-101,0.561222436360128,0.332,0.237,1.86550028274725e-96,"0","SETX"
1.17522750172333e-98,0.887078635505464,0.336,0.253,2.31437551914375e-94,"0","FKBP5"
1.1986339487235e-98,0.633497221150538,0.286,0.197,2.3604698352212e-94,"0","EIF6"
1.44195263697366e-98,0.608593015942985,0.279,0.19,2.83963732799223e-94,"0","RALBP1"
3.67653409947381e-98,0.654603260378573,0.274,0.186,7.24019860209377e-94,"0","MSL3"
8.73110228396697e-98,0.577298441052757,0.321,0.228,1.71941597278161e-93,"0","NRDC"
1.20902641625313e-97,0.679662479431745,0.263,0.178,2.38093572152729e-93,"0","CYTH4"
4.06400361082974e-97,0.693376994017121,0.258,0.173,8.00324231080701e-93,"0","FBXO9"
5.62863732385456e-97,0.584721538375567,0.403,0.312,1.10844754818668e-92,"0","UBE2L6"
7.3637089104047e-96,0.623682481562855,0.287,0.199,1.450135195726e-91,"0","ACAA1"
1.24683782273763e-95,0.546677792816738,0.379,0.285,2.45539772431722e-91,"0","HNRNPH1"
1.9178407362553e-95,0.632182581965595,0.276,0.189,3.77680376190757e-91,"0","FAM50A"
2.66870486981161e-95,0.614233268628193,0.304,0.215,5.25548050012001e-91,"0","ETFB"
1.33206381940158e-94,0.561926978381475,0.42,0.334,2.62323327954754e-90,"0","ATP6AP2"
8.44740791633845e-91,0.502786696474288,0.354,0.26,1.66354804096453e-86,"0","MMP24OS"
2.69289842957297e-90,0.6078470092869,0.27,0.186,5.30312487735805e-86,"0","SPEN"
4.23615108372984e-89,0.628037014655305,0.266,0.183,8.34225232918917e-85,"0","CDC40"
1.6859196313471e-87,0.535329911575122,0.53,0.467,3.32008153001185e-83,"0","ZFP36L1"
5.76144791893546e-87,0.586792322577037,0.3,0.215,1.13460193867596e-82,"0","PSMB2"
8.47531279405091e-87,0.530512021409142,0.346,0.257,1.66904334853245e-82,"0","MRPL41"
7.50901308467397e-85,0.504200507392753,0.406,0.32,1.47874994676484e-80,"0","RNF7"
5.06156572996652e-83,0.580299951210628,0.28,0.198,9.96774139202307e-79,"0","BAG1"
2.5349439488583e-81,0.554779707702143,0.299,0.216,4.99206511848665e-77,"0","GADD45B"
2.33357364672061e-80,0.554056213580026,0.311,0.227,4.59550658248689e-76,"0","MAP7D1"
2.42434802752368e-80,0.570835506295149,0.263,0.184,4.77426857060238e-76,"0","PHPT1"
2.32242877276023e-79,0.585742564871039,0.288,0.208,4.57355898219672e-75,"0","GNPTG"
7.50191245923472e-79,0.587145094345823,0.262,0.184,1.47735162059709e-74,"0","NSD1"
1.45487427215596e-75,0.577490133842962,0.292,0.214,2.86508390415674e-71,"0","ELOC"
2.20565547735287e-75,0.502575451613881,0.352,0.27,4.34359733155101e-71,"0","VPS29"
7.50301449583852e-74,0.587768210033653,0.259,0.185,1.47756864466548e-69,"0","IFNAR1"
7.86320101087032e-74,0.552858141243288,0.301,0.223,1.54850017507069e-69,"0","NDUFB3"
8.13434725413066e-73,0.559532239468211,0.265,0.19,1.60189700475595e-68,"0","ALYREF"
1.08512059961178e-72,0.590238738901045,0.273,0.198,2.13692799681548e-68,"0","NLRP1"
1.93560626538469e-72,0.517046850996356,0.315,0.236,3.81178941842206e-68,"0","PTPN2"
1.40293400752103e-71,0.547997700394469,0.288,0.212,2.76279794101117e-67,"0","DNAJA1"
5.02789451161102e-71,0.502527444554988,0.32,0.241,9.90143266171558e-67,"0","CTDSP1"
2.77561161398459e-70,0.519262000518327,0.306,0.229,5.46601195141986e-66,"0","CYC1"
1.35819754050504e-69,0.570528978613648,0.282,0.208,2.67469841651657e-65,"0","LSM6"
6.87147473619136e-68,0.540709445552717,0.257,0.184,1.35319951979816e-63,"0","SNX1"
4.74039639771067e-67,0.548129220115339,0.256,0.185,9.33526262601163e-63,"0","DPM3"
6.46926225210297e-61,0.500645943785687,0.287,0.216,1.27399181530664e-56,"0","PJA2"
3.91697789888869e-54,0.516360389769033,0.257,0.193,7.71370457628149e-50,"0","FAM174C"
1.078351198697e-52,0.500391435533582,0.251,0.188,2.12359701559401e-48,"0","QARS"
0,1.64530586170629,0.837,0.317,0,"1","LEF1"
0,1.38698011664258,0.876,0.433,0,"1","TCF7"
0,1.6864834689748,0.666,0.238,0,"1","CCR7"
0,1.55878365152794,0.701,0.285,0,"1","PRKCQ-AS1"
0,1.46791234615863,0.748,0.345,0,"1","LINC00861"
0,1.40400650855735,0.647,0.255,0,"1","MAL"
0,1.32513655620839,0.678,0.303,0,"1","CAMK4"
0,1.251508165988,0.726,0.36,0,"1","PIK3IP1"
0,0.591003814784273,0.921,0.557,0,"1","IL7R"
0,1.15503390939814,0.857,0.498,0,"1","NOSIP"
0,0.7002006532632,0.831,0.495,0,"1","CD3D"
0,0.711338637455324,0.985,0.664,0,"1","CD3E"
0,1.5870854645011,0.47,0.169,0,"1","TRABD2A"
0,0.653918994188493,0.986,0.686,0,"1","LTB"
0,1.16698237636935,0.571,0.277,0,"1","RCAN3"
0,1.16945986008665,0.588,0.296,0,"1","GIMAP5"
0,0.85872359952987,0.769,0.479,0,"1","LEPROTL1"
0,2.16132462089347,0.381,0.094,0,"1","FHIT"
0,0.975799888906403,0.648,0.363,0,"1","FLT3LG"
0,0.939554607303821,0.576,0.298,0,"1","CD27"
0,1.33353873453901,0.484,0.211,0,"1","IL6ST"
0,0.722539982145013,0.656,0.385,0,"1","CD3G"
0,0.766199180161623,0.886,0.616,0,"1","SELL"
0,0.973322356332587,0.967,0.697,0,"1","LDHB"
0,0.923324089892358,0.689,0.42,0,"1","GIMAP7"
0,1.14339450544519,0.521,0.253,0,"1","OXNAD1"
0,1.28793925823972,0.495,0.227,0,"1","PCED1B"
0,0.965354386885129,0.721,0.454,0,"1","NDFIP1"
0,1.13301941509628,0.524,0.258,0,"1","BCL11B"
0,0.893977670622064,0.869,0.606,0,"1","PCED1B-AS1"
0,1.09021514292895,0.532,0.272,0,"1","ABLIM1"
0,1.18059921717286,0.499,0.242,0,"1","SATB1"
0,0.904970154763104,0.873,0.616,0,"1","C12orf57"
0,0.88738486517636,0.563,0.308,0,"1","CD6"
0,0.953827470048905,0.908,0.659,0,"1","GAS5"
0,1.15172611534204,0.505,0.256,0,"1","AC243960.1"
0,1.01587929875672,0.578,0.333,0,"1","PIM1"
0,1.82660086310396,0.343,0.101,0,"1","CHRM3-AS2"
0,0.764055632749481,0.716,0.477,0,"1","FOXP1"
0,1.31675621203818,0.418,0.181,0,"1","TRAT1"
0,0.606885310214512,0.673,0.439,0,"1","FCMR"
0,0.937580360610822,0.51,0.276,0,"1","ITK"
0,0.773887596172155,0.736,0.502,0,"1","TMEM123"
0,1.24606054478435,0.421,0.189,0,"1","MYC"
0,0.72133401347298,0.701,0.472,0,"1","GYPC"
0,2.50485005846825,0.28,0.052,0,"1","ADTRP"
0,1.10572160680351,0.449,0.221,0,"1","TESPA1"
0,0.96821048384346,0.494,0.266,0,"1","DGKA"
0,0.768448779011871,0.651,0.435,0,"1","SNHG8"
0,0.745703191659197,0.643,0.428,0,"1","MCUB"
0,0.727756366333394,0.563,0.352,0,"1","LINC01138"
0,0.642168318538481,0.705,0.499,0,"1","PRMT2"
0,0.913640159477759,0.425,0.22,0,"1","INPP4B"
0,0.899952201394513,0.512,0.308,0,"1","GIMAP1"
0,1.09120361024278,0.409,0.206,0,"1","MAML2"
0,0.907416583288914,0.424,0.222,0,"1","LDLRAP1"
0,0.734873718014706,0.693,0.493,0,"1","ST13"
0,0.771748135886934,0.737,0.541,0,"1","ETS1"
0,1.73643506017536,0.276,0.086,0,"1","EPHX2"
0,1.01150853117743,0.379,0.19,0,"1","SERINC5"
0,0.906114764369199,0.368,0.184,0,"1","NELL2"
0,0.588403419921919,0.743,0.562,0,"1","TRAF3IP3"
0,1.26216505962241,0.315,0.137,0,"1","ITGA6"
0,1.605294034376,0.271,0.094,0,"1","LINC01550"
0,1.30525322323004,0.299,0.128,0,"1","MLLT3"
0,1.12832218110167,0.328,0.16,0,"1","CHMP7"
0,0.7035560361983,0.851,0.688,0,"1","EIF3E"
0,0.623816094969128,0.84,0.686,0,"1","EIF4B"
0,0.787409696046134,0.955,0.808,0,"1","SNHG29"
0,0.658387853575863,0.924,0.778,0,"1","NOP53"
0,0.730023547094073,0.982,0.864,0,"1","NPM1"
0,0.83935423995041,0.995,0.884,0,"1","SARAF"
0,0.657671760232913,0.981,0.915,0,"1","TOMM7"
0,0.773865379303631,1,0.957,0,"1","EEF1B2"
0,0.628295018168043,0.998,0.965,0,"1","EEF1G"
0,0.530419078210483,0.993,0.967,0,"1","RPL38"
0,0.521365863036446,1,0.978,0,"1","RPSA"
0,0.509090237337173,1,0.98,0,"1","RPS29"
0,0.731278479802015,1,0.98,0,"1","RPS5"
0,0.521929557982496,0.999,0.984,0,"1","RPL4"
0,0.562691400033591,1,0.986,0,"1","RPL10A"
0,0.632707071944723,1,0.99,0,"1","RPL22"
0,0.567499649362481,1,0.991,0,"1","RPL21"
0,0.532796508539835,1,0.992,0,"1","RPL24"
0,0.601686205670923,1,0.992,0,"1","RPL9"
0,0.681639903279153,1,0.993,0,"1","RPL5"
0,0.554747121651053,1,0.993,0,"1","RPL3"
0,0.539300569676186,1,0.994,0,"1","RPS16"
0,0.655983136784933,1,0.995,0,"1","RPS25"
0,0.569573798170509,1,0.996,0,"1","RPL14"
0,0.621769406255511,1,0.996,0,"1","RPS6"
0,0.544876265917813,1,0.996,0,"1","RPL36"
0,0.573739553984924,1,0.996,0,"1","RPS21"
0,0.594926801968622,1,0.997,0,"1","RPS23"
0,0.533140033186088,1,0.997,0,"1","RPS18"
0,0.593249840831838,1,0.997,0,"1","RPS3"
0,0.549438918477827,1,0.997,0,"1","RPL18"
0,0.584539125635421,1,0.997,0,"1","RPS4X"
0,0.639156755218834,1,0.998,0,"1","RPL11"
0,0.60656552892874,1,0.998,0,"1","RPS8"
0,0.62936594252371,1,0.998,0,"1","RPS27"
0,0.644665568379734,1,0.998,0,"1","RPS27A"
0,0.716899923462577,1,0.998,0,"1","RPL32"
0,0.621014690126772,1,0.998,0,"1","RPL35A"
0,0.616521255725296,1,0.998,0,"1","RPL34"
0,0.761304215598292,1,0.998,0,"1","RPS3A"
0,0.534326499084611,1,0.998,0,"1","RPL37"
0,0.65537748575931,1,0.998,0,"1","RPS14"
0,0.740767293572808,1,0.998,0,"1","RPS12"
0,0.708562330212815,1,0.998,0,"1","RPL30"
0,0.662657891644956,1,0.998,0,"1","RPS13"
0,0.642267523007272,1,0.998,0,"1","RPS15A"
0,0.574890456296444,1,0.998,0,"1","RPL13"
0,0.564263929771692,1,0.998,0,"1","RPL19"
0,0.538829905273595,1,0.998,0,"1","RPS28"
0,0.538128308929031,1,0.998,0,"1","RPL39"
0,0.558359498374223,1,0.998,0,"1","RPL10"
0,0.57316594970195,1,0.999,0,"1","EEF1A1"
0,0.525396061767618,1,0.999,0,"1","TPT1"
8.65217640310108e-319,0.919535375305672,0.431,0.248,1.7038730990627e-314,"1","BCL2"
1.13930084023148e-308,0.722008594150326,0.544,0.348,2.24362514466786e-304,"1","MGAT4A"
2.44886364078994e-295,0.580211687142312,0.729,0.567,4.82254716780762e-291,"1","EIF2S3"
2.14645622451488e-290,0.700493983164853,0.441,0.253,4.22701624293716e-286,"1","CD5"
9.63603813818925e-286,1.16401712552811,0.253,0.117,1.89762499055361e-281,"1","APBB1"
1.56237832149208e-280,0.545458658682126,0.713,0.532,3.07679162851436e-276,"1","SOD1"
8.47606309157123e-277,0.515396473710787,0.688,0.474,1.66919110462312e-272,"1","LCK"
8.38757987532895e-272,0.890674421363078,0.326,0.171,1.65176610484853e-267,"1","TXK"
2.27820565310954e-265,1.08487440327648,0.284,0.144,4.48647039266862e-261,"1","SH3YL1"
2.06138768807233e-263,0.519524480719671,0.713,0.532,4.05949077412083e-259,"1","SEPTIN6"
1.30022015055756e-261,0.769943273620895,0.397,0.23,2.560523542493e-257,"1","PDE3B"
1.11748805848695e-260,0.668525060400079,0.522,0.34,2.20066923357836e-256,"1","LBH"
9.92511257105656e-260,0.66857914604201,0.476,0.296,1.95455241861817e-255,"1","TC2N"
1.22081875641507e-252,0.863635052396775,0.397,0.239,2.4041583770082e-248,"1","SNHG32"
6.95566170378243e-248,1.04276970159859,0.271,0.138,1.36977845932587e-243,"1","SESN3"
1.49633743616304e-246,0.7959930504772,0.418,0.257,2.94673731303588e-242,"1","CCDC18-AS1"
3.70981643667041e-243,0.727824766581127,0.482,0.318,7.30574150873504e-239,"1","TGFBR2"
4.62213843533321e-239,0.589258519078912,0.649,0.494,9.10237722070169e-235,"1","IKZF1"
1.26731959996177e-238,0.882950243087792,0.335,0.188,2.49573248820471e-234,"1","THEM4"
3.43145324479629e-238,0.562141711602073,0.652,0.488,6.75756087497733e-234,"1","RSL1D1"
2.66415598417651e-234,0.56668496507808,0.616,0.449,5.24652237963881e-230,"1","ADD3"
1.61808212437978e-227,0.771888642129006,0.4,0.245,3.18648912754109e-223,"1","PIM2"
2.67550828946803e-227,0.631008173439136,0.525,0.359,5.26887847444939e-223,"1","PSIP1"
1.40615392106568e-225,0.515443975289173,0.694,0.543,2.76913891675464e-221,"1","UXT"
4.75825472874092e-223,0.722231988654643,0.397,0.241,9.3704310373095e-219,"1","NUCB2"
2.90758362133586e-218,0.652040821474466,0.473,0.314,5.7259044254967e-214,"1","HSPB1"
2.9855167794841e-216,0.569962595437969,0.516,0.345,5.87937819383805e-212,"1","RHOH"
5.7337358296119e-216,0.588781149697295,0.573,0.416,1.12914459692547e-211,"1","PPP1R2"
1.60793037654659e-215,0.684968452190654,0.271,0.139,3.16649729053319e-211,"1","BACH2"
1.87893294182303e-215,0.655822842706987,0.491,0.332,3.7001826423321e-211,"1","GCC2"
9.21166112806226e-213,0.526738071236377,0.693,0.563,1.8140524259493e-208,"1","NSA2"
2.64308015906747e-211,0.725780052573907,0.424,0.272,5.20501775725157e-207,"1","OCIAD2"
7.91414154678777e-211,0.948620121218659,0.272,0.146,1.55853189480892e-206,"1","IPCEF1"
4.55902459758604e-205,0.922453565482566,0.27,0.145,8.97808714002619e-201,"1","STMN3"
3.54305548731188e-202,0.529448318636369,0.577,0.41,6.97733917116328e-198,"1","SEPTIN1"
1.99712303457923e-198,0.842416308360395,0.322,0.19,3.93293439199687e-194,"1","RAPGEF6"
9.69697905027784e-198,0.592536708570016,0.564,0.414,1.90962608437121e-193,"1","SNHG5"
3.05614398238799e-194,0.620397545669893,0.5,0.351,6.01846434451668e-190,"1","ATP1A1"
4.2443345465941e-187,0.754877470873964,0.358,0.222,8.35836802260776e-183,"1","AC119396.1"
1.61134953169635e-185,0.802284529711458,0.32,0.192,3.17323063276962e-181,"1","THOC3"
1.56822493111624e-181,0.639028092657259,0.464,0.322,3.08830535684721e-177,"1","TMC8"
1.12982566837868e-177,0.539464944382159,0.527,0.378,2.22496568873814e-173,"1","RASA3"
6.08395296268279e-176,0.760242088938085,0.334,0.206,1.19811285694112e-171,"1","PDE7A"
2.84637606632117e-171,0.623638313574728,0.46,0.323,5.60536838740628e-167,"1","CYLD"
8.67635017184808e-167,0.630330996371453,0.386,0.25,1.70863363934204e-162,"1","S1PR1"
1.40002823788529e-164,0.7421548953777,0.293,0.173,2.75707560886751e-160,"1","KCNA3"
1.92299313506786e-163,0.788680287437235,0.289,0.172,3.78695038088913e-159,"1","ITPKB"
2.32639230089608e-161,0.577994907558842,0.451,0.313,4.58136435815464e-157,"1","PLSCR3"
3.7145528097261e-154,0.622820773470135,0.392,0.263,7.3150688481936e-150,"1","SNHG7"
4.78175200103284e-153,0.740161682059931,0.314,0.197,9.41670421563398e-149,"1","MHENCR"
1.10429965250219e-152,0.768866775028007,0.319,0.202,2.17469730567257e-148,"1","UBQLN2"
8.55636816332119e-150,0.770562758962009,0.258,0.15,1.68500558240284e-145,"1","FAM102A"
1.4326683483405e-149,0.83175069677031,0.261,0.154,2.82135377838695e-145,"1","ILF3-DT"
3.28478981234774e-148,0.77196863846526,0.282,0.172,6.4687365774564e-144,"1","FOXO1"
4.41947056235031e-148,0.517929876810167,0.485,0.35,8.70326337843646e-144,"1","TNFAIP8"
7.08651621302532e-147,0.717849785398988,0.28,0.168,1.39554763783108e-142,"1","SCML4"
5.11068550422906e-144,0.794084314064811,0.288,0.179,1.00644729634783e-139,"1","SOCS3"
4.12691379357999e-142,0.757954392694026,0.264,0.158,8.12713133369708e-138,"1","SELENOM"
2.65922024626047e-141,0.771751541336317,0.264,0.158,5.23680243096074e-137,"1","ARMH1"
1.30376404724859e-140,0.503102732270193,0.505,0.374,2.56750253824665e-136,"1","ZC3HAV1"
9.24696992355788e-139,0.704782205972377,0.312,0.2,1.82100578704625e-134,"1","CRLF3"
7.381561113472e-133,0.504211371049153,0.508,0.386,1.45365083007604e-128,"1","FBL"
3.12304009071116e-130,0.556034265273041,0.399,0.279,6.15020285063749e-126,"1","TMEM243"
2.24455804517586e-126,0.695730946033829,0.276,0.173,4.42020815836481e-122,"1","ATP6V0E2"
1.60058079388155e-125,0.524727606702715,0.471,0.352,3.15202375739095e-121,"1","ALKBH7"
2.17793098351408e-123,0.52754270011054,0.443,0.325,4.28899948583428e-119,"1","PPA1"
8.38053909727951e-123,0.635168617347882,0.33,0.221,1.65037956442725e-118,"1","IMPDH2"
1.57588568633734e-114,0.733042566495198,0.251,0.157,3.10339168210412e-110,"1","ANXA2R"
8.63075206887933e-114,0.539511035996012,0.404,0.293,1.69965400492441e-109,"1","HSPD1"
1.47639930194208e-111,0.688004129352536,0.275,0.18,2.90747314531453e-107,"1","LETMD1"
4.90276804010886e-111,0.637223216291485,0.314,0.213,9.65502110138637e-107,"1","EPB41L4A-AS1"
2.15876489434728e-110,0.622932014190307,0.324,0.222,4.2512557064381e-106,"1","CHD3"
1.48986799549798e-109,0.523384036536121,0.37,0.262,2.93399704353417e-105,"1","DOCK10"
6.8769785078906e-109,0.517818065830838,0.352,0.244,1.3542833775589e-104,"1","DENND2D"
2.16755675439264e-108,0.617050412447086,0.296,0.197,4.26856951642543e-104,"1","SNHG1"
1.39940804032061e-98,0.675169638569808,0.265,0.176,2.75585425380338e-94,"1","GIMAP2"
1.00026481988769e-96,0.557789825859617,0.324,0.227,1.96982150980484e-92,"1","JAK3"
1.13333482305387e-95,0.503265590664879,0.308,0.21,2.23187626703999e-91,"1","SFXN1"
9.8703504639359e-90,0.599018447436251,0.281,0.194,1.9437681168629e-85,"1","MAPKAPK5-AS1"
2.52251131099819e-89,0.525693078403458,0.339,0.244,4.96758152474873e-85,"1","ARID5B"
9.26864013275639e-89,0.556825520008301,0.276,0.188,1.82527330134371e-84,"1","GABPB1-AS1"
5.45642193763235e-83,0.561396318152668,0.267,0.183,1.07453317217794e-78,"1","RASGRP1"
1.88440837913964e-82,0.516631861530078,0.337,0.247,3.7109654210397e-78,"1","PABPC4"
3.02922415089807e-81,0.572758622788944,0.264,0.182,5.96545112036357e-77,"1","ATF7IP2"
2.42843378747241e-76,0.51550719089883,0.332,0.247,4.78231465766942e-72,"1","LSM5"
2.72932056022162e-74,0.538632033872665,0.252,0.174,5.37485097924443e-70,"1","TMEM131L"
6.16487676586382e-64,0.515446884711753,0.26,0.187,1.21404918150156e-59,"1","RNF138"
6.83484517171757e-64,0.522912869805251,0.263,0.189,1.34598605966634e-59,"1","RPS10-NUDT3"
0,1.80917744544475,0.573,0.199,0,"2","AQP3"
0,1.24450881645464,0.931,0.567,0,"2","IL7R"
0,1.49162742437719,0.666,0.306,0,"2","ITGB1"
0,0.717340553517613,0.844,0.503,0,"2","CD3D"
0,1.18924716041394,0.6,0.273,0,"2","MAL"
0,1.45979126111074,0.535,0.211,0,"2","INPP4B"
0,1.14755543569856,0.964,0.643,0,"2","IL32"
0,0.987167677495999,0.726,0.406,0,"2","LIME1"
0,1.16754691420561,0.713,0.396,0,"2","ARHGAP15"
0,1.08634056599647,0.641,0.325,0,"2","CD2"
0,1.58318227663403,0.518,0.207,0,"2","TRADD"
0,0.983958518978389,0.675,0.367,0,"2","FLT3LG"
0,0.6491396373646,0.982,0.674,0,"2","CD3E"
0,1.25735774223755,0.604,0.298,0,"2","PBXIP1"
0,0.898569011742164,0.73,0.424,0,"2","SPOCK2"
0,0.717833244540599,0.684,0.389,0,"2","CD3G"
0,1.23228673251616,0.989,0.695,0,"2","LTB"
0,1.28201061741021,0.535,0.246,0,"2","CD5"
0,0.615572292448272,0.75,0.463,0,"2","TCF7"
0,1.32303673275654,0.518,0.236,0,"2","TTC39C"
0,0.813530406668643,0.749,0.469,0,"2","CD69"
0,1.02354112271585,0.586,0.312,0,"2","CD6"
0,0.916093095440877,0.657,0.393,0,"2","DNAJB1"
0,1.5702465889376,0.414,0.152,0,"2","GPR183"
0,0.901781022097422,0.548,0.289,0,"2","RCAN3"
0,1.18068892209997,0.479,0.221,0,"2","OPTN"
0,1.72363875093494,0.41,0.153,0,"2","GATA3"
0,1.03449251394601,0.551,0.303,0,"2","PLSCR3"
0,0.79318078480519,0.954,0.707,0,"2","LDHB"
0,1.18638820864177,0.428,0.187,0,"2","TRAT1"
0,1.17809712970938,0.45,0.213,0,"2","ITM2A"
0,1.00339659329804,0.572,0.336,0,"2","TNFAIP3"
0,0.632158836116793,0.757,0.522,0,"2","NOSIP"
0,1.36218303676051,0.376,0.145,0,"2","CD82"
0,0.625973831593335,0.723,0.493,0,"2","LEPROTL1"
0,0.870234230309974,0.595,0.366,0,"2","CDKN1B"
0,1.05369565277512,0.464,0.239,0,"2","CLDND1"
0,1.39228168065958,0.378,0.153,0,"2","PRDM1"
0,1.05982882157217,0.441,0.221,0,"2","RORA"
0,1.12958407197247,0.477,0.257,0,"2","CORO1B"
0,1.00319037977895,0.45,0.231,0,"2","ARID5B"
0,0.84354894527345,0.488,0.273,0,"2","DGKA"
0,0.55953615556906,0.891,0.682,0,"2","IL2RG"
0,0.973157962704299,0.46,0.252,0,"2","CDC25B"
0,0.91787036084541,0.436,0.229,0,"2","TESPA1"
0,0.965376685825923,0.45,0.245,0,"2","S1PR1"
0,0.939220894291776,0.874,0.67,0,"2","GSTK1"
0,1.10801500151615,0.423,0.223,0,"2","PTGER2"
0,1.14955408900204,0.391,0.195,0,"2","MDFIC"
0,1.54365002786557,0.301,0.106,0,"2","AP3M2"
0,0.777131696357351,0.904,0.711,0,"2","CRIP1"
0,1.8231614826706,0.272,0.079,0,"2","CD40LG"
0,1.08782593306339,0.369,0.181,0,"2","TRAC"
0,1.21345616907357,0.36,0.172,0,"2","SOCS3"
0,1.23490546220176,0.329,0.145,0,"2","CDC14A"
0,0.532693872672938,0.986,0.802,0,"2","IFITM1"
0,1.45269112701239,0.286,0.105,0,"2","CD28"
0,0.605127983687119,0.945,0.788,0,"2","TLE5"
0,0.674513467043664,0.904,0.772,0,"2","KLF2"
0,0.554340281066988,0.938,0.823,0,"2","HSPA8"
0,0.632148611246895,0.952,0.862,0,"2","ZFP36L2"
0,0.53878810680839,0.946,0.86,0,"2","HINT1"
0,0.97524743075231,0.897,0.811,0,"2","JUNB"
0,0.575529495574597,0.995,0.922,0,"2","CD52"
0,0.617424607362698,0.984,0.932,0,"2","FXYD5"
2.30289036996193e-317,0.751390823911787,0.577,0.361,4.53508200556602e-313,"2","TAGAP"
5.12502466276907e-316,0.724398428668975,0.54,0.317,1.00927110683911e-311,"2","SYNE2"
2.24333295395976e-314,0.618677470894583,0.726,0.51,4.41779558623295e-310,"2","TMEM123"
6.02034410135684e-314,0.592954640134794,0.718,0.476,1.1855863638802e-309,"2","LCK"
8.50409473734809e-309,0.834031489571821,0.524,0.318,1.67471137662596e-304,"2","CYLD"
2.27604192303023e-308,0.827320125663505,0.43,0.228,4.48220935902342e-304,"2","CD4"
2.24972724984007e-299,0.971237344394864,0.386,0.202,4.43038787311006e-295,"2","SFXN1"
1.07556350184832e-298,0.616809105826672,0.563,0.329,2.11810720418989e-294,"2","CAMK4"
4.48844656697537e-295,1.2528316968093,0.255,0.109,8.8390978243446e-291,"2","SIT1"
5.86242777952081e-294,0.66443664300932,0.605,0.382,1.15448790262103e-289,"2","LAT"
1.76807329916835e-292,0.615187515295073,0.743,0.546,3.48186674805224e-288,"2","ANXA1"
4.27629864359126e-289,1.29691861677564,0.254,0.11,8.42131491882427e-285,"2","PASK"
1.21234787095832e-288,0.588742048462517,0.748,0.545,2.38747666227822e-284,"2","ETS1"
1.50423985753687e-281,0.721927428460365,0.524,0.313,2.96229955144736e-277,"2","CD27"
9.93100297002558e-281,1.04648715378029,0.312,0.15,1.95571241488714e-276,"2","ERN1"
1.76894096745567e-278,0.865502093581882,0.477,0.287,3.48357544721046e-274,"2","SPTAN1"
1.9366239226007e-278,0.663799492597737,0.579,0.373,3.81379349077756e-274,"2","PIK3R1"
3.89145430892969e-278,0.941025879841243,0.363,0.189,7.66344097057525e-274,"2","THEM4"
9.79224395775057e-274,0.956860254393099,0.371,0.198,1.92838660259982e-269,"2","PAG1"
8.21366371231367e-270,1.04866274841952,0.304,0.147,1.61751679486593e-265,"2","FAM102A"
2.20985681515326e-263,0.7239345770694,0.567,0.374,4.35187102608131e-259,"2","PLP2"
2.12811171592268e-261,1.00301645700691,0.329,0.168,4.19089040216652e-257,"2","CCND2"
6.46671008738035e-253,0.924283468380262,0.332,0.172,1.27348921750781e-248,"2","KCNA3"
4.0218107235419e-252,1.05435925197585,0.341,0.183,7.92015185787107e-248,"2","TAB2"
1.08773155722607e-239,0.732890362852712,0.553,0.367,2.14206975564529e-235,"2","SLC2A3"
3.90154120294513e-237,0.579503633200845,0.669,0.485,7.68330509095985e-233,"2","ANKRD12"
6.3363115815463e-231,0.690219652751789,0.559,0.376,1.24780983975391e-226,"2","IL10RA"
4.6916675982369e-229,0.81620294543057,0.418,0.247,9.23930100120794e-225,"2","PIM2"
6.8416137220583e-227,0.605277725359148,0.598,0.411,1.34731899028494e-222,"2","PEBP1"
1.70104368756685e-225,0.742532603637727,0.427,0.254,3.3498653339254e-221,"2","BCL2"
4.71315408859593e-225,0.926400847749697,0.347,0.194,9.28161434667197e-221,"2","CA5B"
6.18782487469936e-225,0.570653903544167,0.614,0.416,1.21856835257454e-220,"2","ISG20"
1.17892542703661e-223,0.63482204151096,0.487,0.299,2.32165784346321e-219,"2","TC2N"
8.82288742240342e-221,0.51343043067604,0.715,0.537,1.73749122009391e-216,"2","SOD1"
2.88793446274027e-216,1.03973680192047,0.252,0.122,5.68720933747442e-212,"2","SIRPG"
1.36874185480761e-213,0.650665519153953,0.526,0.347,2.69546333467263e-209,"2","PIM1"
1.47718344560386e-212,0.632111380854861,0.59,0.415,2.90901735942769e-208,"2","FAM107B"
2.11162788818591e-211,0.643312445594942,0.467,0.289,4.15842880020452e-207,"2","ITK"
8.79904513829984e-210,1.04562783982636,0.269,0.137,1.73279595908539e-205,"2","TMEM238"
1.72616054123012e-209,0.877240003217236,0.306,0.162,3.39932795384448e-205,"2","BIRC3"
3.38667116332754e-209,1.02228996996704,0.294,0.156,6.66937152194093e-205,"2","PTGER4"
1.94401498901397e-208,0.767533291346859,0.354,0.199,3.82834871786522e-204,"2","SERINC5"
1.11574689295806e-206,0.673058455727446,0.451,0.279,2.1972403563023e-202,"2","CD96"
1.82653594716407e-204,0.583172445600107,0.544,0.36,3.59699724075019e-200,"2","SKAP1"
2.01159994234838e-204,0.981394868463091,0.25,0.123,3.96144376646666e-200,"2","GPRIN3"
9.06739818513137e-203,0.61840134273383,0.538,0.363,1.78564272459792e-198,"2","PRDX2"
7.43191958167512e-201,0.619403258879977,0.495,0.317,1.46356792321928e-196,"2","GIMAP5"
2.90003711532619e-198,0.806950489448378,0.34,0.193,5.71104309121186e-194,"2","THOC3"
2.54848936212823e-197,0.604881346923178,0.449,0.276,5.01874010083912e-193,"2","BCL11B"
2.70940330917106e-197,0.691092385959803,0.439,0.275,5.33562793675056e-193,"2","OCIAD2"
1.60807267467852e-195,0.620357336753334,0.52,0.349,3.1667775182444e-191,"2","TNFAIP8"
1.21271570098875e-194,0.665103743766597,0.483,0.319,2.38820102995715e-190,"2","EML4"
9.34231961181537e-194,1.0300903158094,0.318,0.182,1.8397830011548e-189,"2","USP10"
2.01628901263489e-193,0.621775007737873,0.497,0.327,3.97067795258189e-189,"2","P2RY8"
2.45217909106815e-193,0.536874392692925,0.595,0.413,4.82907628404051e-189,"2","SEPTIN1"
6.16597823188237e-193,0.94069653891371,0.25,0.125,1.21426609320459e-188,"2","SUSD3"
2.41632946630619e-191,0.93359937407209,0.275,0.145,4.75847761799677e-187,"2","TNFSF8"
1.73987242811686e-186,0.921110107223671,0.277,0.148,3.42633077269053e-182,"2","STMN3"
1.07182396401054e-185,0.926364232251984,0.27,0.143,2.11074293232595e-181,"2","ODF2L"
3.51279231130674e-184,0.523380983746688,0.594,0.421,6.91774189865636e-180,"2","ACAP1"
3.24152139055546e-183,0.574778997510992,0.539,0.37,6.38352807442087e-179,"2","BIN1"
1.10058989425478e-181,0.80518870562739,0.317,0.179,2.16739167875595e-177,"2","RASGRP1"
3.55547635757462e-180,0.511679298494062,0.572,0.398,7.00179959097171e-176,"2","EZR"
5.01283134294954e-180,0.684011193388701,0.44,0.285,9.87176876367053e-176,"2","MZT2A"
5.13352606479196e-179,0.776980702667843,0.35,0.208,1.01094528793948e-174,"2","TMEM173"
2.60250812877546e-174,0.619192740022142,0.438,0.281,5.1251192579975e-170,"2","ITGB7"
9.80876448808098e-169,0.597406450722241,0.482,0.324,1.93163999063779e-164,"2","EMB"
1.57494426787855e-164,0.722232081751637,0.41,0.268,3.10153774673323e-160,"2","STT3B"
9.48571634230201e-164,0.500678897276235,0.639,0.49,1.86802211928954e-159,"2","LDHA"
5.96460529574982e-161,0.704853509664341,0.372,0.232,1.17460972089201e-156,"2","SH3BP5"
5.90342560859125e-158,0.895695577647601,0.264,0.147,1.16256160509987e-153,"2","GALT"
7.66333408373062e-157,0.828471032769038,0.28,0.159,1.50914038110907e-152,"2","SELENOM"
1.09260333892875e-156,0.859027082112352,0.316,0.19,2.15166375535238e-152,"2","TOB1"
1.64466233837745e-156,0.508285612069517,0.575,0.42,3.23883354296671e-152,"2","PPP1R2"
2.12473796702019e-153,0.572554904137842,0.411,0.265,4.18424647845286e-149,"2","ICAM2"
9.25257330785085e-153,0.549139540463279,0.513,0.362,1.82210926151507e-148,"2","NSD3"
2.08422375210877e-151,0.713710858865732,0.366,0.232,4.10446183502779e-147,"2","ESYT1"
3.54238981168293e-151,0.510311836373435,0.522,0.365,6.97602825614719e-147,"2","PSIP1"
2.62956049959478e-150,0.634658191811243,0.434,0.293,5.17839349185201e-146,"2","CORO7"
1.05314580209169e-144,0.663619581397546,0.326,0.198,2.07396002805917e-140,"2","FKBP11"
1.80983322829232e-144,0.686464474396149,0.369,0.239,3.56410457647606e-140,"2","PDCD5"
7.67644256987925e-143,0.503593373396341,0.524,0.372,1.51172183528632e-138,"2","TSTD1"
4.89317429301728e-142,0.793564662613521,0.255,0.144,9.63612813523893e-138,"2","SAMSN1"
1.7568254661086e-140,0.629045869642914,0.379,0.245,3.45971639040767e-136,"2","ELOVL5"
4.03149951142453e-137,0.666348479373757,0.351,0.224,7.93923198784833e-133,"2","SMAP1"
5.85073172967411e-136,0.722574927298358,0.313,0.193,1.15218459952472e-131,"2","SLC2A4RG"
3.00462274901692e-135,0.554850621021619,0.442,0.303,5.91700357963902e-131,"2","PPP2R5C"
2.76631691383669e-131,0.676023411962621,0.297,0.18,5.44770789841859e-127,"2","PDE4B"
9.88417048299076e-126,0.712566659331613,0.308,0.194,1.94648969321537e-121,"2","ADSL"
3.89929874190985e-124,0.593779837624757,0.366,0.241,7.67888901244306e-120,"2","PHF1"
9.74804375673182e-124,0.764733391023237,0.278,0.169,1.9196822570132e-119,"2","RHBDD2"
5.68639451746076e-123,0.792520648104659,0.328,0.214,1.11982167232355e-118,"2","CITED2"
5.18674932066799e-122,0.639197826204331,0.325,0.208,1.02142654371915e-117,"2","SEC11C"
7.28215495669465e-121,0.654479167041969,0.33,0.213,1.43407477562188e-116,"2","DANCR"
4.63624450437398e-120,0.590592177531703,0.407,0.282,9.13015630246367e-116,"2","SBDS"
1.13831820937667e-117,0.660822829950318,0.323,0.209,2.24169004972547e-113,"2","VOPP1"
5.71213480291523e-116,0.588626985021925,0.371,0.251,1.1248907067381e-111,"2","NECAP2"
2.57323542400874e-113,0.759448725126247,0.253,0.153,5.06747252050041e-109,"2","CFAP97"
3.65154771940966e-113,0.689106984202717,0.282,0.176,7.19099292383344e-109,"2","ITPKB"
1.56238903131989e-112,0.803762154269477,0.252,0.153,3.07681271937827e-108,"2","PDE4D"
1.31234621446724e-111,0.624223661778837,0.386,0.27,2.58440340015033e-107,"2","NR3C1"
3.2350621269618e-108,0.729247482854904,0.252,0.154,6.37080784662587e-104,"2","STAT5B"
6.17377938575448e-107,0.649270793881747,0.286,0.182,1.21580237443663e-102,"2","CCSER2"
1.71811953907836e-104,0.624833371016874,0.308,0.202,3.38349280830702e-100,"2","MALT1"
8.63850293432524e-104,0.591468092334397,0.312,0.204,1.70118038285667e-99,"2","LY9"
1.94340438332853e-101,0.566394936726138,0.347,0.237,3.82714625208888e-97,"2","GSPT1"
1.97785537091441e-101,0.606346700211266,0.322,0.216,3.89499058194174e-97,"2","CLPP"
7.74316723490006e-100,0.6149000560184,0.315,0.21,1.52486192356887e-95,"2","GOLGA7"
2.03578293841497e-99,0.615931466935006,0.277,0.176,4.0090673406206e-95,"2","ATP6V0E2"
2.31278589537966e-96,0.540431412270316,0.317,0.21,4.55456926377116e-92,"2","MYC"
3.36543565689217e-96,0.525532086298284,0.375,0.264,6.62755243911774e-92,"2","DOCK10"
5.83789715815674e-96,0.633894515633938,0.285,0.186,1.14965708735581e-91,"2","CRYBG1"
1.84554331850781e-95,0.611921737648151,0.28,0.182,3.63442845713743e-91,"2","CCDC107"
2.05927362095425e-93,0.555662134288638,0.323,0.218,4.0553275417452e-89,"2","HMGN4"
5.08015306210611e-93,0.552432159939003,0.349,0.244,1.00043454252056e-88,"2","SNHG16"
7.25078392393337e-92,0.65028069727407,0.28,0.184,1.4278968781402e-87,"2","RNF19A"
9.75821688265474e-90,0.615277608901824,0.262,0.169,1.9216856507012e-85,"2","MAP4K1"
2.81295571323973e-88,0.656015026265153,0.252,0.162,5.53955368608299e-84,"2","LMF2"
7.65477143235163e-85,0.585871997577095,0.269,0.177,1.50745413817301e-80,"2","NSMCE3"
3.19176045387857e-82,0.541123750299201,0.308,0.212,6.28553386182307e-78,"2","ARHGEF3"
1.61237191233702e-80,0.559321451449139,0.291,0.198,3.1752440069653e-76,"2","GORASP2"
1.46078686442541e-77,0.58081825103027,0.261,0.174,2.87672757211296e-73,"2","SCML4"
3.67910236155601e-77,0.578909902319245,0.263,0.176,7.24525628061225e-73,"2","BCAS2"
2.10819932059498e-75,0.50527060394958,0.319,0.225,4.15167692204769e-71,"2","TRAPPC6A"
6.79141211275826e-75,0.522137733572726,0.274,0.185,1.33743278736549e-70,"2","FAM117A"
5.44151115367196e-74,0.515447251144721,0.349,0.255,1.07159679149262e-69,"2","S1PR4"
9.60134353408554e-69,0.535547501132509,0.26,0.177,1.89079258216747e-64,"2","AKIRIN1"
2.47763539933452e-68,0.525417410934332,0.282,0.197,4.87920739190948e-64,"2","CEP57"
3.13684381726136e-66,0.527461939090562,0.267,0.186,6.17738652933279e-62,"2","HTATSF1"
0,4.59559623976562,0.931,0.065,0,"3","GZMB"
0,4.42546720906543,0.977,0.132,0,"3","PRF1"
0,4.66721719769213,0.939,0.095,0,"3","GNLY"
0,4.06939300295479,0.925,0.084,0,"3","KLRD1"
0,3.51588398033438,0.99,0.178,0,"3","CST7"
0,3.37061481004581,0.967,0.165,0,"3","GZMA"
0,5.1974841037104,0.86,0.064,0,"3","SPON2"
0,3.83107598277271,1,0.204,0,"3","NKG7"
0,4.55278491225829,0.853,0.06,0,"3","FGFBP2"
0,3.11048299531526,0.871,0.083,0,"3","FCGR3A"
0,3.8880779084817,0.884,0.118,0,"3","HOPX"
0,5.29070676056952,0.788,0.028,0,"3","KLRF1"
0,4.10144989203735,0.851,0.11,0,"3","IL2RB"
0,4.84401986250926,0.784,0.053,0,"3","CLIC3"
0,1.09651529184812,0.979,0.294,0,"3","TYROBP"
0,2.54065082455861,0.822,0.146,0,"3","KLRB1"
0,3.26485042677786,0.989,0.323,0,"3","CTSW"
0,3.30835138482473,0.773,0.116,0,"3","MATK"
0,4.16950167879283,0.712,0.068,0,"3","CCL4"
0,2.53793195453424,0.813,0.173,0,"3","KLRK1"
0,2.95359278269276,0.687,0.071,0,"3","GZMH"
0,1.54269326129853,0.876,0.26,0,"3","FCER1G"
0,4.14727807242495,0.662,0.048,0,"3","S1PR5"
0,4.05245707477537,0.637,0.042,0,"3","ADGRG1"
0,6.03199641762956,0.605,0.011,0,"3","SH2D1B"
0,2.17078735911447,0.876,0.283,0,"3","CCL5"
0,2.80081715475284,0.766,0.178,0,"3","APMAP"
0,2.3321058763208,0.852,0.296,0,"3","GZMM"
0,2.36296450549553,0.711,0.155,0,"3","RHOC"
0,3.10268112907337,0.682,0.129,0,"3","CMC1"
0,2.60673039951372,0.941,0.388,0,"3","CD247"
0,2.70401068095633,0.705,0.175,0,"3","MAP3K8"
0,4.1745767023941,0.56,0.04,0,"3","TTC38"
0,2.2723239396727,0.834,0.315,0,"3","EFHD2"
0,1.76535225000349,0.752,0.243,0,"3","DUSP2"
0,4.43887762406969,0.526,0.027,0,"3","PRSS23"
0,4.31985036968358,0.515,0.026,0,"3","TRDC"
0,3.59450930920144,0.522,0.052,0,"3","TBX21"
0,2.07872362407008,0.642,0.175,0,"3","TPST2"
0,2.66467490909076,0.591,0.128,0,"3","SH2D2A"
0,1.64874087084939,0.691,0.232,0,"3","PLEK"
0,3.82044260575988,0.496,0.038,0,"3","FCRL6"
0,3.74274508479224,0.494,0.044,0,"3","PTGDR"
0,3.10629568685974,0.521,0.073,0,"3","CX3CR1"
0,1.83735582902446,0.897,0.45,0,"3","LITAF"
0,4.12946463278202,0.488,0.042,0,"3","IGFBP7"
0,2.34806746185154,0.983,0.543,0,"3","CD7"
0,1.93504519429892,0.613,0.177,0,"3","C12orf75"
0,2.62216826372275,0.542,0.11,0,"3","CHST12"
0,4.77577710879258,0.452,0.023,0,"3","XCL2"
0,1.9958495514211,0.721,0.295,0,"3","GNG2"
0,1.28501559553267,0.639,0.215,0,"3","FGR"
0,1.80309770012022,0.869,0.449,0,"3","ARL4C"
0,2.23180150193634,0.56,0.141,0,"3","SAMD3"
0,1.85579488939834,0.783,0.367,0,"3","DDIT4"
0,2.5440495073214,0.513,0.099,0,"3","NCR3"
0,1.70950961186557,0.689,0.277,0,"3","CD63"
0,1.61756904739631,0.796,0.392,0,"3","SLC9A3R1"
0,1.67407112728743,0.721,0.319,0,"3","PLAC8"
0,1.99378420801516,0.579,0.177,0,"3","AOAH"
0,1.56544101291915,0.771,0.373,0,"3","ZAP70"
0,2.30812424988293,0.537,0.14,0,"3","SYTL3"
0,2.39671034536007,0.51,0.116,0,"3","PYHIN1"
0,2.50770912026753,0.506,0.112,0,"3","CD300A"
0,2.21570628943994,0.543,0.151,0,"3","APOBEC3G"
0,1.59126866981896,0.67,0.279,0,"3","CTSC"
0,2.16571113296458,0.535,0.151,0,"3","RUNX3"
0,4.65627769992007,0.403,0.02,0,"3","CD160"
0,2.07158825131332,0.608,0.23,0,"3","TRBC1"
0,2.07538118426691,0.699,0.325,0,"3","ABHD17A"
0,1.74473981381982,0.63,0.257,0,"3","SPN"
0,1.75746726241385,0.793,0.421,0,"3","IER2"
0,1.81205986021719,0.588,0.216,0,"3","SYNE1"
0,1.72833773381216,0.588,0.218,0,"3","ID2"
0,2.85955984741285,0.446,0.076,0,"3","MCTP2"
0,1.03598128371257,0.784,0.416,0,"3","CTSD"
0,2.4333255210572,0.48,0.112,0,"3","HSH2D"
0,1.43364859403279,0.854,0.492,0,"3","PLAAT4"
0,1.46652193179937,0.661,0.305,0,"3","PRKCH"
0,3.86353195045143,0.389,0.033,0,"3","CHST2"
0,3.55392266032934,0.425,0.071,0,"3","AREG"
0,3.59168835137406,0.385,0.033,0,"3","C1orf21"
0,1.7583128967303,0.576,0.227,0,"3","ARPC5L"
0,1.36471169972895,0.981,0.632,0,"3","SRGN"
0,2.37218880494958,0.454,0.106,0,"3","FOSL2"
0,2.88054627596155,0.413,0.066,0,"3","CEP78"
0,2.26324782614943,0.479,0.132,0,"3","GNPTAB"
0,5.16811987176252,0.356,0.01,0,"3","NCR1"
0,1.80233966457726,0.526,0.187,0,"3","RASSF1"
0,1.11393856981611,0.571,0.232,0,"3","ZEB2"
0,2.35528109152584,0.427,0.088,0,"3","CXXC5"
0,1.93888004801101,0.5,0.161,0,"3","ADAM8"
0,2.58489132298005,0.411,0.074,0,"3","TGFBR3"
0,4.90702278946563,0.351,0.015,0,"3","AKR1C3"
0,1.30848159343486,0.743,0.408,0,"3","IRF1"
0,1.633983184463,0.567,0.232,0,"3","ACTN4"
0,1.73126399269533,0.531,0.198,0,"3","UBE2F"
0,1.33411403364658,0.612,0.282,0,"3","DOK2"
0,2.16799132941461,0.434,0.105,0,"3","ABI3"
0,1.83364915180122,0.435,0.117,0,"3","ITGAM"
0,1.31581368765708,0.729,0.412,0,"3","DBI"
0,1.31325426701931,0.706,0.391,0,"3","MBP"
0,4.21532010273541,0.333,0.019,0,"3","KLRC1"
0,1.36051283628074,0.622,0.312,0,"3","DHRS7"
0,1.25611002952531,0.685,0.377,0,"3","PAXX"
0,0.708637386434313,0.818,0.514,0,"3","GSTP1"
0,1.44512976959601,0.546,0.246,0,"3","PXN"
0,1.77683036805984,0.463,0.163,0,"3","GPR65"
0,2.43109187366925,0.385,0.086,0,"3","LPCAT1"
0,2.40060947469347,0.391,0.092,0,"3","METRNL"
0,1.25361726536328,0.653,0.354,0,"3","XBP1"
0,1.57987612922881,0.497,0.198,0,"3","C5orf56"
0,1.66318934841269,0.468,0.17,0,"3","TXK"
0,1.44419649123584,0.533,0.235,0,"3","ITGAL"
0,1.33808639737601,0.447,0.151,0,"3","STOM"
0,1.94398478712598,0.408,0.112,0,"3","LAT2"
0,2.13446698154636,0.402,0.107,0,"3","TFDP2"
0,0.972241902829188,0.752,0.457,0,"3","TRBC2"
0,1.85892065638767,0.435,0.14,0,"3","TSEN54"
0,1.26375028422584,0.643,0.352,0,"3","PPP1R18"
0,1.96059973941466,0.396,0.105,0,"3","MYBL1"
0,1.37651275449452,0.604,0.314,0,"3","ARHGAP9"
0,3.45101227944419,0.324,0.035,0,"3","CD38"
0,1.28758617299107,0.621,0.332,0,"3","FAM49B"
0,1.28250685128324,0.628,0.339,0,"3","OSTF1"
0,1.12945151910183,0.609,0.321,0,"3","SYNE2"
0,1.04126306401727,0.911,0.625,0,"3","CLIC1"
0,3.20894212106144,0.327,0.041,0,"3","PLEKHF1"
0,1.4186397374392,0.535,0.249,0,"3","SASH3"
0,0.99542360332473,0.871,0.586,0,"3","RAP1B"
0,1.46492958634878,0.556,0.273,0,"3","ALOX5AP"
0,1.09106379664444,0.826,0.543,0,"3","BIN2"
0,2.95089409173384,0.327,0.047,0,"3","CD244"
0,1.32874855895066,0.685,0.407,0,"3","HSPA5"
0,0.85240109168459,0.55,0.272,0,"3","MYO1F"
0,1.64681696441431,0.47,0.192,0,"3","CDK2AP2"
0,1.28750918997548,0.823,0.546,0,"3","PDIA3"
0,1.5504143636257,0.452,0.177,0,"3","VPS37B"
0,1.51698575810881,0.449,0.178,0,"3","G6PD"
0,1.66479416957643,0.433,0.163,0,"3","NFATC2"
0,1.0837399231165,0.902,0.632,0,"3","CD99"
0,4.01766611983837,0.288,0.019,0,"3","IL18RAP"
0,1.53252256479018,0.446,0.179,0,"3","PTPN4"
0,1.12797157568452,0.611,0.345,0,"3","CLEC2B"
0,1.11551219356705,0.608,0.342,0,"3","SYTL1"
0,4.4561658256232,0.286,0.021,0,"3","MYOM2"
0,0.964822772009407,0.653,0.389,0,"3","ADGRE5"
0,1.11701547535883,0.618,0.356,0,"3","NDUFB7"
0,2.62080417267213,0.321,0.061,0,"3","AUTS2"
0,1.03672348720555,0.635,0.375,0,"3","BSG"
0,2.44880510285091,0.331,0.072,0,"3","GK5"
0,5.16825918072411,0.267,0.008,0,"3","NCAM1"
0,1.04892163998639,0.795,0.537,0,"3","PPP1CA"
0,1.08424173870622,0.67,0.413,0,"3","FYN"
0,3.02699681327517,0.303,0.046,0,"3","AC092821.3"
0,1.02968923585234,0.773,0.516,0,"3","SUN2"
0,1.44404982378979,0.906,0.65,0,"3","JAK1"
0,1.02704131150316,0.728,0.472,0,"3","CD53"
0,2.45337619593729,0.326,0.071,0,"3","MVD"
0,0.92039079079893,0.691,0.436,0,"3","IQGAP1"
0,1.2405958205712,0.521,0.269,0,"3","SDF4"
0,3.37239412602251,0.282,0.03,0,"3","OSBPL5"
0,1.60065995189111,0.452,0.201,0,"3","IGF2R"
0,1.49818124087915,0.972,0.722,0,"3","HCST"
0,1.35794481135074,0.468,0.22,0,"3","RNF125"
0,1.32411557400752,0.784,0.536,0,"3","CALR"
0,1.46001920333079,0.976,0.728,0,"3","ITGB2"
0,2.08676152852142,0.327,0.08,0,"3","PTPN12"
0,1.36309359571193,0.44,0.194,0,"3","FKBP11"
0,1.03839600666156,0.713,0.468,0,"3","NDUFB2"
0,1.66996932490344,0.4,0.156,0,"3","DIP2A"
0,1.91693639857749,0.362,0.118,0,"3","NR4A2"
0,1.11162849796358,0.931,0.688,0,"3","IL2RG"
0,0.982086475117604,0.72,0.477,0,"3","ANXA6"
0,1.0258197669498,0.805,0.562,0,"3","SEPTIN7"
0,1.26996597572485,0.444,0.202,0,"3","MAPRE2"
0,1.79220151786044,0.902,0.661,0,"3","ZFP36"
0,0.795932149755553,0.831,0.59,0,"3","FLNA"
0,1.16156301254554,0.422,0.187,0,"3","GBP5"
0,1.23546874104849,0.581,0.346,0,"3","CD81"
0,1.13373651794142,0.861,0.627,0,"3","MSN"
0,2.70865654691264,0.276,0.044,0,"3","SLAMF7"
0,3.36493623338894,0.258,0.026,0,"3","LINC02384"
0,1.78246011025977,0.32,0.089,0,"3","SLA2"
0,0.93247475993984,0.694,0.463,0,"3","PSMB10"
0,1.2357479490757,0.925,0.695,0,"3","UBB"
0,2.7297527693182,0.277,0.047,0,"3","YES1"
0,1.72617943030778,0.315,0.087,0,"3","ZBTB16"
0,1.02924362481025,0.821,0.593,0,"3","LY6E"
0,1.29091923902025,0.45,0.223,0,"3","SIPA1"
0,3.12769277772057,0.261,0.036,0,"3","MAFF"
0,3.19219093978112,0.255,0.032,0,"3","HAVCR2"
0,1.7506878573433,0.33,0.11,0,"3","BHLHE40"
0,0.85926442794355,0.808,0.589,0,"3","TGFB1"
0,0.930195088154563,0.956,0.737,0,"3","PTPRCAP"
0,1.28137655389645,0.398,0.18,0,"3","STAT4"
0,2.79816426326777,0.257,0.039,0,"3","RGS3"
0,1.33801267486216,0.307,0.094,0,"3","GSN"
0,1.55226272108407,0.35,0.139,0,"3","CISD3"
0,1.4086476839208,0.365,0.155,0,"3","RFTN1"
0,1.50554665250541,0.345,0.138,0,"3","LAIR1"
0,1.44466188879359,0.35,0.145,0,"3","ACAA2"
0,1.47327652295202,0.345,0.141,0,"3","CEMIP2"
0,2.40581222899549,0.262,0.059,0,"3","SERTAD1"
0,2.36840115591319,0.253,0.051,0,"3","PLAAT3"
0,1.73990374784115,0.299,0.098,0,"3","PRR5"
0,1.42365428449259,0.339,0.139,0,"3","RAB29"
0,0.907488499506347,0.862,0.663,0,"3","CCND3"
0,2.09423011238562,0.251,0.054,0,"3","TIGIT"
0,2.1546225131938,0.26,0.063,0,"3","ZNF600"
0,1.59734112125591,0.314,0.118,0,"3","GTF3C1"
0,1.59809830468971,0.999,0.809,0,"3","IFITM1"
0,1.87475843848955,0.275,0.086,0,"3","SERTAD3"
0,1.83064837820394,0.268,0.082,0,"3","SLC15A4"
0,1.85994231077605,0.256,0.076,0,"3","GSAP"
0,1.56532520887597,0.281,0.102,0,"3","JAZF1"
0,0.907109217416635,0.887,0.708,0,"3","PPIB"
0,0.667210041618831,0.88,0.702,0,"3","EVL"
0,1.80997415392805,0.251,0.073,0,"3","SYTL2"
0,1.64914404400477,0.992,0.825,0,"3","IFITM2"
0,0.828360229875159,0.878,0.716,0,"3","LCP1"
0,1.01695174762696,0.969,0.828,0,"3","CYBA"
0,1.00018971794909,0.953,0.812,0,"3","ARPC2"
0,1.10215347541473,0.961,0.823,0,"3","RAC2"
0,0.694084616706522,0.927,0.803,0,"3","LSP1"
0,0.755270627744948,0.924,0.802,0,"3","PSME1"
0,0.96229322913297,0.987,0.893,0,"3","CALM1"
0,0.547851504718451,0.931,0.84,0,"3","YWHAZ"
0,0.677813719071203,0.984,0.923,0,"3","MYL12A"
0,0.594246978419704,0.969,0.927,0,"3","PTPRC"
0,0.870863734338966,0.994,0.964,0,"3","H3F3B"
0,0.600228219799952,0.987,0.961,0,"3","ACTG1"
0,0.762485793878702,0.996,0.972,0,"3","CFL1"
0,0.513147224027827,0.981,0.959,0,"3","PPIA"
0,1.16607408620853,1,0.99,0,"3","PFN1"
0,0.790076182157059,1,0.995,0,"3","HLA-A"
0,0.900180140395181,1,0.995,0,"3","HLA-C"
0,0.786071649671706,1,0.999,0,"3","HLA-B"
0,0.514270789689765,1,0.999,0,"3","ACTB"
0,0.740910774383673,1,1,0,"3","B2M"
1.38338380835549e-321,1.41508603784041,0.325,0.131,2.72429773379447e-317,"3","ATP2B4"
1.39030072739727e-320,1.03288047902312,0.609,0.378,2.73791922246344e-316,"3","BZW1"
2.78147559031975e-314,1.17363523742737,0.471,0.242,5.47755988001669e-310,"3","DENND2D"
5.42059591270554e-314,1.50692684119062,0.293,0.113,1.0674779530891e-309,"3","APOBEC3C"
6.40538252423286e-314,0.926751337962035,0.664,0.434,1.26141198049718e-309,"3","P4HB"
3.29273011804918e-312,0.825700868852732,0.701,0.468,6.48437342147424e-308,"3","WIPF1"
5.37986382287745e-308,1.12757616747356,0.488,0.262,1.05945658263926e-303,"3","PIP4K2A"
1.51724910747452e-306,1.10236603039992,0.497,0.267,2.98791866734957e-302,"3","DSTN"
2.79002284786223e-302,0.78160866748515,0.753,0.544,5.49439199429508e-298,"3","GUK1"
1.92951157494357e-301,1.15173709683296,0.388,0.176,3.79978714453637e-297,"3","MIDN"
1.8379519941746e-299,1.27066570860823,0.318,0.13,3.61947886212804e-295,"3","RAB37"
1.50943739385027e-298,1.20924703527359,0.429,0.214,2.97253505970933e-294,"3","MAPK1"
3.20436138065857e-297,1.21845187654473,0.348,0.149,6.31034886693092e-293,"3","PDE4D"
4.08648815060742e-297,1.54817757512458,0.274,0.104,8.0475211149912e-293,"3","STARD3NL"
5.76373930108937e-296,1.59152138786075,0.256,0.094,1.13505318056353e-291,"3","NFKBIB"
1.69939281913427e-293,0.901832083631295,0.605,0.363,3.34661427872111e-289,"3","SKAP1"
6.66331570451654e-291,1.55578853697336,0.277,0.108,1.31220676169044e-286,"3","TMIGD2"
3.77773786981089e-287,1.42608276933411,0.289,0.115,7.43949918701858e-283,"3","PTPN22"
4.23573766743227e-284,1.50939497410669,0.255,0.094,8.34143818847437e-280,"3","VAV3"
1.23819792360246e-279,1.29953577281577,0.314,0.131,2.43838317095032e-275,"3","TENT5C"
8.50142190013556e-278,0.99288985639262,0.533,0.306,1.6741850147937e-273,"3","BTN3A2"
2.27969180044316e-277,1.44621067139779,0.346,0.159,4.48939706261272e-273,"3","SDF2L1"
4.27403195162689e-273,0.746948548193352,0.746,0.554,8.41685112233884e-269,"3","PSMB9"
6.38589741893832e-273,1.03389722801262,0.474,0.253,1.25757477871152e-268,"3","RAB5IF"
1.65052936484031e-269,1.48389539025469,0.294,0.124,3.25038747818003e-265,"3","CD320"
7.23467087247133e-269,0.900402486510138,0.619,0.406,1.42472373491578e-264,"3","RALY"
9.01588313982177e-268,1.19225554494471,0.374,0.179,1.7754978667251e-263,"3","CBLB"
8.99291914181977e-267,1.02451437813182,0.526,0.309,1.77097556659857e-262,"3","UTRN"
1.73230665176478e-264,1.0124124697422,0.491,0.275,3.41143148932038e-260,"3","RBM38"
3.56959273698692e-263,0.796686556662598,0.713,0.524,7.02959897694834e-259,"3","PSME2"
4.21355575956297e-262,1.01204144173684,0.533,0.32,8.29775535730735e-258,"3","AKNA"
8.79606785065391e-261,1.06937602404783,0.36,0.165,1.73220964182927e-256,"3","PRDM1"
2.15875193518019e-260,0.68645240877611,0.769,0.573,4.25123018595034e-256,"3","TPI1"
8.91466286483497e-259,0.890309272598911,0.593,0.375,1.75556455797195e-254,"3","BST2"
3.76045907429652e-254,1.12637940874936,0.335,0.151,7.40547205501214e-250,"3","KLRG1"
5.03811466646331e-254,0.908349556256058,0.581,0.37,9.92155921266619e-250,"3","CD164"
8.25278631660862e-254,0.739433683011015,0.688,0.474,1.62522120932974e-249,"3","RNF213"
3.80779120962208e-253,0.865205145835274,0.633,0.418,7.49868322910877e-249,"3","MT2A"
3.38972647041158e-252,1.25739212330408,0.334,0.154,6.67538833818152e-248,"3","TSPAN32"
3.14626684859274e-250,1.0347973535875,0.479,0.274,6.19594330493369e-246,"3","SCP2"
9.27158303408658e-248,0.704062580373034,0.794,0.649,1.82585284690267e-243,"3","UCP2"
1.49763325839836e-244,1.38372928457288,0.272,0.114,2.94928917576389e-240,"3","MIB2"
7.5366349514596e-243,0.977559783715616,0.427,0.223,1.48418952099094e-238,"3","GLIPR2"
8.26733726787404e-242,0.890597839774917,0.564,0.353,1.62808672816244e-237,"3","HMGN3"
1.07539332998972e-237,0.757562320911925,0.701,0.517,2.11777208474876e-233,"3","HLA-F"
1.14844178279202e-237,0.789927022107584,0.661,0.463,2.26162640285232e-233,"3","POLR2L"
1.44636079837708e-235,1.3675738552979,0.261,0.109,2.84831832024399e-231,"3","SACM1L"
2.35032809570854e-235,0.966315099375006,0.439,0.236,4.62850111887883e-231,"3","OPTN"
4.08726942782479e-235,1.26578483238851,0.336,0.162,8.04905968421537e-231,"3","TRAPPC10"
7.19569552787671e-234,0.8213425592258,0.618,0.411,1.41704832030476e-229,"3","TBC1D10C"
1.19557948304822e-232,0.952429398812126,0.483,0.28,2.35445467596685e-228,"3","RHOF"
1.30249959788372e-231,1.24035312419887,0.304,0.138,2.56501245811241e-227,"3","DNAJC1"
2.8602695467698e-231,0.790144669972977,0.643,0.447,5.63272881845377e-227,"3","SELPLG"
3.56789644623397e-227,1.07592439288721,0.391,0.204,7.02625847156856e-223,"3","MIEN1"
6.41572197572428e-226,1.13099665319905,0.371,0.19,1.26344812867938e-221,"3","LASP1"
1.03187246924669e-223,1.19912518129051,0.328,0.158,2.0320664536875e-219,"3","IDI1"
7.23147771439363e-223,1.18755280251175,0.347,0.173,1.42409490629554e-218,"3","HDDC2"
2.82066967087036e-220,0.862471032888107,0.555,0.361,5.55474478284499e-216,"3","DDOST"
8.92100726257134e-217,1.28628641475418,0.273,0.12,1.75681396021817e-212,"3","SIRT2"
9.46699461377495e-217,0.979224603552345,0.453,0.26,1.8643352492907e-212,"3","RIN3"
2.50562514612239e-215,0.909089185416691,0.489,0.291,4.93432760025881e-211,"3","SELENOK"
2.55917731521987e-215,1.08166650555581,0.388,0.207,5.03978788686249e-211,"3","RPS6KA1"
1.89798083919058e-212,1.20031221910664,0.306,0.145,3.73769366661801e-208,"3","HIPK2"
9.39001269599894e-211,1.19390926109564,0.32,0.156,1.84917520022307e-206,"3","ZBTB1"
1.54756771589118e-210,0.917028269969296,0.493,0.301,3.04762510290451e-206,"3","BANF1"
2.80233247455368e-208,0.673159609751143,0.713,0.546,5.51863334213857e-204,"3","HSP90B1"
8.49300469936302e-207,0.846473877053996,0.517,0.317,1.67252741544556e-202,"3","STK17A"
1.27591097646933e-206,0.972675196404902,0.417,0.233,2.51265148596106e-202,"3","POLR2G"
1.7106864512267e-206,0.536065121766012,0.841,0.74,3.36885482840073e-202,"3","MYL12B"
6.21382535086271e-205,1.09905558945213,0.327,0.161,1.22368862634539e-200,"3","ARAP2"
2.58179683441133e-203,0.838341707752336,0.524,0.329,5.08433250600624e-199,"3","CFLAR"
2.93343745622233e-203,0.804047683808127,0.553,0.358,5.77681838253864e-199,"3","YWHAQ"
1.08062019292152e-202,0.928899174878675,0.459,0.272,2.12806534592035e-198,"3","TMED9"
2.13154945425577e-201,1.15298172868401,0.33,0.166,4.19766034026589e-197,"3","CDK17"
1.12726703966794e-200,0.979261944091024,0.411,0.231,2.21992698121808e-196,"3","ARIH2"
2.12252101535136e-197,0.891326040913306,0.355,0.179,4.17988063553143e-193,"3","LYAR"
2.73492388260307e-197,0.698869577327462,0.63,0.441,5.38588560201022e-193,"3","DRAP1"
5.06253447511641e-197,1.31625751078695,0.251,0.111,9.96964914184674e-193,"3","SSBP3"
9.23823932840111e-196,0.928162376657601,0.442,0.259,1.81928647094203e-191,"3","CYCS"
1.36991824574089e-195,0.665915159921672,0.731,0.58,2.69778000133753e-191,"3","RBM39"
1.39908778701724e-195,0.773185156267047,0.585,0.399,2.75522357897304e-191,"3","PRDX5"
1.58321772428855e-195,0.878272839340245,0.472,0.285,3.11783066444144e-191,"3","TAP1"
3.00840473248917e-193,0.998142231714516,0.4,0.225,5.92445143969092e-189,"3","HMOX2"
7.49586545555574e-193,1.11807433397784,0.272,0.125,1.47616078416259e-188,"3","SH2D1A"
1.37292889528307e-192,0.79134919726199,0.595,0.419,2.70370887348096e-188,"3","ARF6"
6.50409111939623e-191,0.857385137556902,0.492,0.307,1.2808506641427e-186,"3","MACF1"
1.20624213172699e-188,1.13896702921022,0.301,0.148,2.37545263000997e-184,"3","ARID5A"
9.96221915715951e-188,0.917663485485318,0.454,0.275,1.96185981861942e-183,"3","PDIA6"
1.62272101163761e-187,0.700517889053676,0.644,0.467,3.19562448821795e-183,"3","ARPC4"
1.44169356677897e-186,0.842591808841472,0.566,0.383,2.83912714105782e-182,"3","PIK3R1"
1.43023132135356e-185,0.980586628412335,0.408,0.236,2.81655454114156e-181,"3","TES"
9.74206974932003e-185,0.967301649646415,0.387,0.217,1.91850579573359e-180,"3","TADA3"
1.29222923393855e-184,0.826721036791127,0.515,0.332,2.54478703039518e-180,"3","RBM8A"
1.05855288818012e-183,1.00420015418013,0.355,0.19,2.08460820269311e-179,"3","ARHGAP25"
4.39329468365213e-183,0.74344198177154,0.548,0.358,8.65171522051613e-179,"3","MYO1G"
9.75845288345698e-183,1.17493516484718,0.272,0.129,1.92173212633918e-178,"3","YARS"
7.798717209275e-182,0.929380182118612,0.407,0.232,1.53580138002253e-177,"3","PITPNC1"
7.95961855699888e-182,1.00349370356131,0.56,0.389,1.56748768242979e-177,"3","HIST1H1E"
9.17350692772745e-182,0.752531586495949,0.397,0.215,1.80653871927737e-177,"3","AGTRAP"
2.52571645848926e-181,0.935394785907025,0.406,0.234,4.9738934217029e-177,"3","INPP5D"
1.01664818478361e-180,0.509570686362393,0.758,0.603,2.00208527029436e-176,"3","ARF1"
3.89011476637914e-176,0.805085182794228,0.497,0.319,7.66080300943043e-172,"3","TBCB"
4.11338304682445e-176,1.06667088538596,0.316,0.164,8.10048523411139e-172,"3","STX8"
1.21103602738534e-175,0.732845037586291,0.57,0.389,2.38489324872995e-171,"3","MAP1LC3B"
1.40730545682038e-175,0.8437397236829,0.483,0.306,2.77140663611638e-171,"3","DGKZ"
4.26906290901834e-175,1.22646672072612,0.255,0.12,8.40706558672981e-171,"3","MANF"
4.30984015829302e-173,1.1519268384271,0.25,0.115,8.48736822372645e-169,"3","ATP8A1"
4.55750244261248e-173,0.920896397132759,0.386,0.219,8.97508956023676e-169,"3","IDH2"
1.98837646166708e-172,1.03276355277063,0.289,0.143,3.91570976596097e-168,"3","RAB27A"
4.42449658497818e-172,0.817093711769789,0.501,0.325,8.71316112479754e-168,"3","RASSF5"
1.39045615717995e-171,0.910113772430719,0.412,0.245,2.73822531033447e-167,"3","SRPK2"
4.2744276857937e-171,0.792421689294384,0.483,0.305,8.41763044163353e-167,"3","PPP2R5C"
6.92556268493653e-170,0.896133188996818,0.456,0.286,1.36385105954455e-165,"3","ITGB7"
1.15617087268854e-169,0.857736547034084,0.423,0.253,2.27684729958554e-165,"3","SELENOT"
3.17508905773017e-169,0.86497580418152,0.469,0.298,6.25270288138802e-165,"3","ADD1"
5.90080569330024e-169,0.813875825220613,0.485,0.312,1.16204566518162e-164,"3","IDS"
1.12873531579134e-168,1.05966260352535,0.312,0.163,2.22281845738789e-164,"3","RAB8B"
3.30709932906092e-165,0.864641059311857,0.488,0.321,6.51267070871967e-161,"3","STK10"
4.21201255071114e-165,0.970147243950679,0.396,0.237,8.29471631611545e-161,"3","CTBP1"
7.05599498400815e-165,0.997378897626527,0.329,0.177,1.38953709220073e-160,"3","NT5C"
5.6598529981512e-164,0.717400972562885,0.549,0.374,1.11459485092592e-159,"3","CD47"
6.73017620132424e-163,0.974198920241743,0.373,0.215,1.32537359932678e-158,"3","MRPS6"
3.34747068150674e-161,0.791766947001729,0.481,0.31,6.59217401309123e-157,"3","POMP"
3.4686526454216e-160,0.842404793517223,0.434,0.267,6.83081765462875e-156,"3","RASAL3"
8.87749789431195e-160,0.838492813138737,0.421,0.256,1.74824566032685e-155,"3","MYDGF"
1.26965506898753e-159,0.779205684689332,0.433,0.264,2.50033172735714e-155,"3","DNAJB6"
4.55469656080393e-159,0.74174404605657,0.554,0.387,8.96956393719117e-155,"3","CDC42SE1"
4.42777499384966e-158,0.510551793069686,0.813,0.713,8.71961729538813e-154,"3","NCL"
3.28490246423796e-157,1.09534423258023,0.268,0.134,6.46895842282381e-153,"3","CYB561D2"
6.14363492957008e-155,0.963503447862036,0.33,0.182,1.20986602668024e-150,"3","CCDC107"
2.88371941500829e-153,0.722899741573036,0.528,0.358,5.67890864397582e-149,"3","SIGIRR"
6.26007793661661e-153,0.599160946077411,0.67,0.513,1.23279714805791e-148,"3","TAPBP"
1.69511348983584e-152,0.790000785145887,0.485,0.322,3.33818699553371e-148,"3","LMAN2"
1.939277451772e-152,0.999265920947287,0.299,0.158,3.81901908577459e-148,"3","VPS26B"
3.34922266911511e-152,1.05168785272048,0.287,0.15,6.5956242022884e-148,"3","PIGT"
5.00720608205076e-149,0.738306380164838,0.512,0.348,9.86069093738257e-145,"3","ARL6IP1"
2.27630939707117e-148,0.706519778213902,0.429,0.265,4.48273609565226e-144,"3","RAB1B"
1.27121137666241e-147,1.03565739588829,0.27,0.138,2.50339656406128e-143,"3","DERL1"
2.38770077747997e-147,0.548227684956635,0.667,0.506,4.70209914109131e-143,"3","C9orf16"
7.16970296855534e-147,0.836916095453074,0.434,0.276,1.4119296055976e-142,"3","BRD2"
2.6974222348417e-144,0.60963048482215,0.756,0.663,5.31203360707376e-140,"3","EIF3G"
6.0455314148845e-144,0.859734817003939,0.37,0.217,1.1905465015332e-139,"3","GADD45B"
7.7720883987788e-144,0.812695971123854,0.424,0.267,1.53055736837151e-139,"3","POLR3GL"
1.22935161600959e-143,0.797803340558762,0.463,0.307,2.42096213740769e-139,"3","PKN1"
1.53005420562404e-143,1.00234340835897,0.279,0.146,3.01313574713541e-139,"3","ITCH"
3.74719553066459e-143,0.981501640355366,0.286,0.152,7.37935215853778e-139,"3","APOL6"
1.21241043125891e-140,0.617888673598957,0.627,0.475,2.38759986227818e-136,"3","ATP5IF1"
1.38394559189136e-140,0.519384688225657,0.688,0.516,2.72540405411165e-136,"3","PRMT2"
2.91485673073272e-139,0.858397827597028,0.374,0.225,5.74022735983195e-135,"3","PTPRA"
1.21990243145118e-138,0.847997423242616,0.364,0.216,2.40235385825681e-134,"3","TMEM109"
3.62997816812963e-138,0.870478732334451,0.326,0.183,7.14851600649768e-134,"3","SERPINB6"
6.88615754773103e-138,0.620279767135773,0.561,0.397,1.35609100587467e-133,"3","CCDC85B"
7.17776690536113e-138,0.695430735867905,0.395,0.234,1.41351763667277e-133,"3","PTGER2"
1.12374557057641e-137,0.9397954067529,0.312,0.175,2.21299215213612e-133,"3","RPA2"
1.97425018836485e-137,1.04957883707823,0.251,0.128,3.88789089594691e-133,"3","PLEKHA1"
8.76788226921242e-136,0.586409114342735,0.644,0.492,1.726659055276e-131,"3","ARHGDIA"
2.39600777678143e-135,0.545914776173525,0.557,0.376,4.71845811481567e-131,"3","C1orf162"
5.38589049593549e-135,0.765455756358586,0.395,0.242,1.06064341536458e-130,"3","IQGAP2"
1.00095613989551e-134,0.773338857057591,0.457,0.302,1.97118292629623e-130,"3","C17orf49"
4.32789952321995e-134,0.5110007634376,0.609,0.451,8.52293253107705e-130,"3","WDR1"
5.19188655291632e-134,0.939042737088252,0.308,0.173,1.02243821886581e-129,"3","GPAA1"
8.972218150334e-134,0.77982595698816,0.395,0.243,1.76689892034527e-129,"3","PRKACB"
1.79358150536157e-133,0.557008877387061,0.654,0.506,3.53210005850855e-129,"3","PARK7"
5.7041283151113e-133,0.790525768940598,0.434,0.284,1.12331398909487e-128,"3","RNF167"
5.76333802780377e-132,1.04739332949134,0.282,0.155,1.1349741578154e-127,"3","CBX4"
7.86206498010151e-132,0.522924866131883,0.633,0.465,1.54827645653139e-127,"3","CAST"
5.81417925575494e-130,0.593608067996928,0.559,0.395,1.14498632083582e-125,"3","NDUFC2"
2.83925452261929e-129,0.830405199184415,0.376,0.232,5.59134393139416e-125,"3","RNF166"
1.65217742649066e-127,0.891206046483597,0.323,0.188,3.25363300598806e-123,"3","NFATC3"
2.26353669196952e-126,0.703334588589724,0.497,0.346,4.45758280749557e-122,"3","TMED10"
6.58733432513903e-125,0.569518060134846,0.628,0.481,1.29724374864963e-120,"3","PSMB8"
9.58635336385452e-124,0.803733951571059,0.333,0.195,1.88784056794387e-119,"3","IKZF3"
1.93546836381827e-123,0.835651488228446,0.336,0.199,3.81151784886732e-119,"3","AC004687.1"
3.23059194830526e-123,0.932760938576078,0.252,0.133,6.36200472379755e-119,"3","AP2A1"
4.72531275542258e-123,0.945231707322559,0.294,0.167,9.3055584092537e-119,"3","SYAP1"
8.06754567763526e-123,0.939611194620786,0.279,0.155,1.58874177029671e-118,"3","TINF2"
4.49429539517918e-122,0.937088780054157,0.254,0.135,8.85061592172636e-118,"3","PARP15"
6.05009973143679e-121,0.626992683868647,0.546,0.392,1.19144614011185e-116,"3","SHISA5"
1.83031972579217e-120,0.678647662914536,0.507,0.362,3.60444863600252e-116,"3","LAMP1"
6.75117857974626e-120,0.948129051899561,0.259,0.14,1.32950959770943e-115,"3","WDR45"
1.75658388802376e-119,0.500329857479749,0.628,0.48,3.45924065068519e-115,"3","TRAPPC1"
4.21335272982563e-119,0.637504484362473,0.462,0.31,8.2973555308456e-115,"3","SLC44A2"
5.32223567396249e-119,0.655796215569355,0.465,0.315,1.04810787127343e-114,"3","UBE2L6"
1.6814863446769e-118,0.557152450954476,0.473,0.314,3.31135105857223e-114,"3","VASP"
1.5189158204304e-117,0.890349202487653,0.311,0.184,2.99120092517358e-113,"3","PDIA4"
2.41340410549308e-117,0.67025399040854,0.488,0.343,4.75271670494752e-113,"3","SPCS2"
2.58629251889288e-117,0.609327953551787,0.552,0.402,5.09318585745574e-113,"3","CYFIP2"
4.36656775810852e-117,0.763509816518415,0.377,0.238,8.59908188604311e-113,"3","PIN1"
1.10076193698708e-116,0.670056703670043,0.511,0.37,2.16773048250867e-112,"3","SNRPB"
1.1039866134361e-116,0.747217582528383,0.407,0.265,2.17408083783971e-112,"3","RASA2"
1.43100396471237e-115,0.643910284271625,0.506,0.36,2.81807610770806e-111,"3","VCP"
2.65214538530332e-115,0.655595829954458,0.427,0.28,5.22286990727784e-111,"3","PARP8"
3.63570127062315e-114,0.706276801690937,0.446,0.305,7.15978651223816e-110,"3","TMED2"
5.60982258002287e-114,0.749943482218496,0.373,0.236,1.1047423606839e-109,"3","ZNF428"
1.09990314035333e-113,0.730688971769545,0.368,0.23,2.16603925429782e-109,"3","COMMD7"
2.49380934545248e-113,0.65316338238411,0.457,0.31,4.91105874399958e-109,"3","RNPEPL1"
1.9078027367016e-111,0.71897397774783,0.391,0.254,3.75703592938646e-107,"3","FBXW5"
4.25361801539003e-109,0.707677763247505,0.394,0.257,8.37664995770759e-105,"3","RNF126"
2.93698082253445e-108,0.624721379411189,0.537,0.404,5.78379633381708e-104,"3","SRSF2"
4.91721204547582e-108,0.673124600982889,0.381,0.242,9.68346568115552e-104,"3","REL"
1.3428788994752e-106,0.604244289240148,0.496,0.352,2.64453141673651e-102,"3","SORL1"
2.74143304306777e-106,0.764107915740318,0.288,0.167,5.39870409171336e-102,"3","UBE2E3"
1.23489633032416e-105,0.621361813540646,0.474,0.332,2.43188134330737e-101,"3","PSMB6"
1.36480805228456e-105,0.738078086333755,0.281,0.16,2.68771649736398e-101,"3","ERN1"
2.61801037725443e-105,0.626803611872465,0.441,0.301,5.15564783592716e-101,"3","DIAPH1"
1.97968188732297e-104,0.786091035738934,0.317,0.192,3.89858754070512e-100,"3","MLLT6"
8.03324198763165e-104,0.572825869138267,0.545,0.405,1.5819863446243e-99,"3","FMNL1"
1.18266586049432e-102,0.76707556462783,0.384,0.256,2.32902387907147e-98,"3","PREX1"
4.46325371229415e-102,0.502423834198957,0.653,0.532,8.78948553562086e-98,"3","ICAM3"
7.57785473736872e-102,0.675535287210903,0.424,0.29,1.49230693343002e-97,"3","LRP10"
2.09632097220176e-101,0.650514035697521,0.446,0.312,4.12828489055692e-97,"3","PSMD8"
2.59655536130069e-101,0.531488747768644,0.413,0.273,5.11339647300944e-97,"3","DYNLL1"
8.52162571961033e-101,0.852559873157516,0.277,0.163,1.67816375296286e-96,"3","SAMD9"
1.28928712654857e-100,0.687204459040816,0.415,0.283,2.53899313831211e-96,"3","PPP1R12A"
1.31717815270362e-100,0.731014870246735,0.391,0.262,2.59391893611924e-96,"3","SSBP4"
1.28910193578897e-98,0.809938482569676,0.296,0.179,2.53862844214922e-94,"3","B4GALT1"
1.56002681016379e-98,0.657969256523402,0.486,0.351,3.07216079725556e-94,"3","HIST1H4C"
8.903915151039e-98,0.79433195708,0.31,0.191,1.75344801069411e-93,"3","HELZ"
1.34165826547491e-97,0.810578892365372,0.307,0.189,2.64212762219974e-93,"3","PRKX"
3.59490903973699e-97,0.764084224415985,0.304,0.185,7.07945437195405e-93,"3","PIK3R5"
8.78361162366475e-97,0.597549666308933,0.537,0.404,1.7297566370483e-92,"3","TCF25"
2.3961308247861e-96,0.779946595138177,0.295,0.178,4.71870043325127e-92,"3","TMEM9B"
5.22618287415469e-95,0.665916348289141,0.391,0.263,1.02919219340728e-90,"3","DCTN3"
1.50319645356627e-94,0.512986173483624,0.563,0.427,2.96024477600805e-90,"3","CSK"
1.82694743417987e-94,0.51829595620984,0.577,0.442,3.59780758213041e-90,"3","SELENOW"
2.70131517939086e-94,0.632790574968432,0.431,0.3,5.31969998277443e-90,"3","MAF1"
1.19206423281326e-93,0.803048810475026,0.295,0.181,2.34753209367915e-89,"3","IFNGR1"
1.84023449919272e-93,0.762547634268004,0.358,0.237,3.62397379926022e-89,"3","DNM2"
5.15975598403268e-93,0.816690460988415,0.259,0.152,1.01611074593555e-88,"3","GLTP"
5.33917678624901e-93,0.554995310520673,0.368,0.237,1.05144408451602e-88,"3","RORA"
5.61367573999392e-93,0.547857870556212,0.447,0.313,1.105501163477e-88,"3","NDUFA6"
8.94732400853086e-93,0.86408475159534,0.26,0.154,1.76199651699998e-88,"3","PPP2R5A"
9.19788660054954e-93,0.77423323928651,0.301,0.186,1.81133980824622e-88,"3","ITGB1BP1"
1.21917416573807e-92,0.56527873625481,0.441,0.306,2.40091968458799e-88,"3","NAPA"
1.43907926857308e-92,0.641237902573201,0.408,0.279,2.83397880360097e-88,"3","CASP4"
4.01509363583502e-92,0.790325163955018,0.276,0.165,7.90692389704991e-88,"3","BTN3A1"
8.29261027977179e-92,0.576673756894525,0.476,0.344,1.63306374239546e-87,"3","PSMA6"
9.37989322034469e-92,0.78121849971725,0.296,0.183,1.84718237188248e-87,"3","NAXE"
1.30417232399343e-91,0.51738365249763,0.57,0.442,2.56830655764025e-87,"3","TMEM59"
1.99417357233482e-91,0.696349142296232,0.365,0.244,3.92712601599896e-87,"3","CTDSP1"
2.00672927701177e-91,0.539960432944708,0.85,0.819,3.95185196521928e-87,"3","JUNB"
7.70667781402813e-91,0.60721731075742,0.445,0.315,1.51767606191656e-86,"3","LNPEP"
3.12357301386851e-90,0.770387769564798,0.335,0.219,6.15125233621125e-86,"3","KDELR2"
3.36913452577221e-90,0.646454949466918,0.378,0.253,6.63483662160322e-86,"3","RPS19BP1"
3.88400284033121e-90,0.654289842698479,0.363,0.239,7.64876679346426e-86,"3","CCDC12"
7.95317673963187e-90,0.551347476500846,0.484,0.352,1.5662190953357e-85,"3","RAB5C"
1.71456361073025e-89,0.748265681981777,0.305,0.191,3.37649011861107e-85,"3","STARD7"
4.51258680267722e-89,0.624065261152833,0.404,0.276,8.88663719051225e-85,"3","SLFN5"
5.14316426702718e-89,0.729207213697951,0.328,0.212,1.01284333910566e-84,"3","BUD31"
6.68804174875867e-89,0.569470230861161,0.508,0.383,1.31707606158304e-84,"3","NDUFA12"
8.16659130968639e-89,0.64086007339186,0.388,0.262,1.60824682661654e-84,"3","IFI16"
8.38579378488642e-89,0.792661783167181,0.299,0.187,1.65141437005768e-84,"3","PHPT1"
2.4107818812791e-88,0.507322864621391,0.592,0.469,4.74755275880293e-84,"3","SRSF7"
2.6041903961244e-88,0.552862882327457,0.475,0.344,5.12843214708778e-84,"3","TSC22D4"
3.67521751077654e-87,0.610267383595932,0.431,0.306,7.23760584397224e-83,"3","SPSB3"
8.73636684828032e-87,0.612634529438256,0.363,0.24,1.72045272343184e-82,"3","SH3BP5"
5.08380203690448e-86,0.652449570949877,0.385,0.264,1.0011531351276e-81,"3","SHFL"
1.52555936799191e-84,0.6255848950372,0.433,0.313,3.00428406338647e-80,"3","DNAJC8"
1.99824241485846e-84,0.639077781462882,0.379,0.258,3.93513878758076e-80,"3","SH3BP1"
4.3963063173964e-84,0.615285142418797,0.426,0.305,8.65764603084872e-80,"3","NDUFV1"
5.98956401955223e-84,0.661733702439111,0.349,0.232,1.17952484237042e-79,"3","CYC1"
1.50036262508845e-83,0.582934911625839,0.463,0.34,2.95466411758668e-79,"3","RBBP4"
2.7150736852269e-83,0.604809631441606,0.395,0.273,5.34679460831734e-79,"3","MEAF6"
8.47067567720164e-83,0.510630565742712,0.54,0.414,1.66813016111132e-78,"3","DDX6"
8.50783697294822e-83,0.6550820684474,0.348,0.232,1.67544833508269e-78,"3","TMX4"
3.37292186725626e-82,0.652124200041805,0.352,0.234,6.64229503318775e-78,"3","KCNAB2"
3.38362544990719e-82,0.645823360728524,0.387,0.269,6.66337359850224e-78,"3","PSMA5"
3.86905423279672e-82,0.650869744837228,0.416,0.301,7.61932850064658e-78,"3","MAP2K2"
4.85469072979005e-82,0.67407183497388,0.341,0.226,9.56034245417554e-78,"3","HEXA"
5.94650116591219e-82,0.760204101595864,0.279,0.174,1.17104447460309e-77,"3","DNAJC3"
9.33409592415136e-82,0.675453372902199,0.342,0.228,1.83816351034313e-77,"3","SF3B4"
2.39275890328431e-80,0.580876421076383,0.447,0.326,4.7120601082378e-76,"3","MAT2B"
8.3126413127433e-80,0.584039563033729,0.346,0.229,1.63700845371854e-75,"3","RAB8A"
9.27773862382333e-80,0.813723607122602,0.256,0.157,1.82706506718953e-75,"3","FDPS"
1.26510359336317e-79,0.509671653317716,0.516,0.393,2.49136850641009e-75,"3","UFC1"
2.01472684026567e-79,0.780390769600575,0.266,0.165,3.96760156653518e-75,"3","IVNS1ABP"
2.70645186645583e-79,0.710400289522216,0.317,0.208,5.32981566061146e-75,"3","BCL7C"
3.16997599475143e-79,0.527716336809466,0.564,0.454,6.242633726464e-75,"3","YPEL3"
3.82101732734589e-78,0.735891540914517,0.27,0.168,7.52472942274226e-74,"3","CSNK1D"
8.63061540100159e-78,0.696761535682656,0.324,0.215,1.69962709091924e-73,"3","ARHGEF3"
8.8769869412551e-78,0.594153208488701,0.397,0.279,1.74814503834137e-73,"3","PPM1G"
1.2851929146934e-75,0.512557272823593,0.497,0.38,2.53093040690571e-71,"3","RNPS1"
2.2857239610083e-75,0.752847521398158,0.268,0.169,4.50127619641364e-71,"3","INPP4A"
2.66085367480795e-75,0.644873900062363,0.352,0.242,5.24001914179929e-71,"3","CASP8"
7.85074874842663e-75,0.538575325897268,0.455,0.338,1.54604795102766e-70,"3","PPP2R1A"
1.40462389046603e-74,0.668277375722356,0.278,0.176,2.76612582749475e-70,"3","EHD1"
1.91258170506635e-74,0.737166994149494,0.254,0.157,3.76644715178716e-70,"3","GATAD2A"
2.17439249272117e-74,0.706070147919495,0.285,0.183,4.2820311359158e-70,"3","MCRIP1"
4.64877331227492e-74,0.569408559714858,0.434,0.321,9.154829283863e-70,"3","SUMO1"
1.33254730407818e-73,0.654059681985876,0.307,0.201,2.62418540592115e-69,"3","PSTPIP1"
1.67545566350418e-73,0.666888236171927,0.288,0.185,3.29947483813877e-69,"3","CCDC124"
2.03414297334945e-73,0.516805615152723,0.411,0.29,4.00583775741708e-69,"3","CD96"
4.83205249656689e-73,0.579155595561465,0.384,0.27,9.51576098148917e-69,"3","PPP3CC"
1.80639049871547e-72,0.562444419368562,0.437,0.323,3.55732480912038e-68,"3","ENSA"
2.62540941029784e-72,0.547089207862322,0.421,0.306,5.17021875169953e-68,"3","ACP1"
4.02642289570294e-72,0.754723092661804,0.252,0.157,7.9292346085078e-68,"3","GBP4"
4.10500029451354e-72,0.580724898543778,0.39,0.276,8.08397707998552e-68,"3","CCDC69"
1.16442062258399e-70,0.510674381984407,0.521,0.41,2.29309353205466e-66,"3","SRSF3"
2.34084639768398e-70,0.554413708086815,0.415,0.302,4.60982881095907e-66,"3","DEF6"
4.8476727979792e-70,0.613852137090626,0.334,0.228,9.54652204106044e-66,"3","ADH5"
1.01480701159194e-69,0.570668078612071,0.402,0.292,1.99845944792802e-65,"3","NDUFS8"
4.92183084226042e-69,0.572149595245903,0.365,0.256,9.69256147766344e-65,"3","NCBP2AS2"
6.04047089115916e-69,0.634708119766646,0.321,0.217,1.18954993259597e-64,"3","RBBP7"
1.27381203520907e-68,0.660252039997296,0.306,0.204,2.50851804093721e-64,"3","ESYT2"
3.30709182027262e-68,0.520273916668556,0.455,0.344,6.51265592166286e-64,"3","OTUB1"
6.04582157618668e-68,0.693571422145907,0.255,0.161,1.19060364299844e-63,"3","EMC6"
9.90508020085025e-68,0.606218287263169,0.269,0.172,1.95060744395344e-63,"3","TUBB4B"
1.91062487468207e-67,0.715455989191838,0.263,0.169,3.76259356571141e-63,"3","POLR2K"
9.33929277585384e-67,0.519807501609791,0.442,0.33,1.8391869263489e-62,"3","TMC6"
9.60716512606507e-67,0.623505635360847,0.278,0.179,1.89193902827599e-62,"3","ATOX1"
1.24356666921622e-66,0.622489170629396,0.316,0.215,2.4489558416875e-62,"3","GOLGA7"
4.14768218518249e-66,0.612324634079811,0.317,0.215,8.16803052727987e-62,"3","SH3GLB1"
4.49434942164324e-66,0.69406640336441,0.273,0.179,8.85072231604204e-62,"3","DCAF5"
5.25350808504459e-66,0.501293519356389,0.318,0.21,1.03457334718783e-61,"3","LYST"
5.98264093877534e-66,0.575321436040237,0.374,0.268,1.17816148007303e-61,"3","SSNA1"
1.15360546683282e-65,0.523953892077058,0.383,0.274,2.27179524583387e-61,"3","ICAM2"
1.49978914826943e-65,0.605441050022909,0.33,0.229,2.95353476968698e-61,"3","PPP6R1"
2.18632554511709e-65,0.659974804293426,0.285,0.189,4.30553089599909e-61,"3","PSMC3"
2.50931808622776e-65,0.700826882628942,0.257,0.166,4.94160010720834e-61,"3","GET3"
2.575133809016e-65,0.583982660408781,0.349,0.245,5.0712110100952e-61,"3","IMP3"
1.7839308636237e-64,0.635447626823038,0.297,0.2,3.51309504973415e-60,"3","SRP19"
2.51964192106875e-64,0.675182350750984,0.276,0.181,4.96193083516069e-60,"3","CIAO1"
3.78421037799758e-64,0.707231092890264,0.373,0.272,7.45224549739064e-60,"3","HIST1H1D"
1.00135954517217e-63,0.572725887241222,0.384,0.279,1.97197735230756e-59,"3","DCXR"
2.38399328652965e-63,0.695518837613434,0.252,0.162,4.69479797916284e-59,"3","MOB4"
3.17333966824645e-63,0.545967998816157,0.364,0.259,6.24925780867774e-59,"3","TAP2"
9.76577732996948e-63,0.659045112549956,0.276,0.183,1.92317452959089e-58,"3","RO60"
1.13943806913985e-61,0.590418329410978,0.333,0.233,2.24389538955711e-57,"3","FLOT1"
1.66134317307479e-61,0.603449386327177,0.312,0.215,3.27168311073618e-57,"3","SEC11C"
1.69897614320813e-61,0.567126919473007,0.459,0.36,3.34579371881977e-57,"3","TECR"
3.24021988739415e-61,0.568443283431313,0.354,0.253,6.3809650242453e-57,"3","PUF60"
3.37860932234242e-60,0.565254755458688,0.332,0.233,6.65349533848892e-56,"3","ADRM1"
1.8697682872873e-59,0.610663993986764,0.327,0.231,3.68213468815489e-55,"3","DDX39A"
1.22869151802812e-58,0.598382871019545,0.285,0.192,2.41966220645278e-54,"3","AKR1B1"
1.45542624401933e-58,0.631254144108687,0.25,0.162,2.86617090234727e-54,"3","ZBTB38"
2.20902301360042e-58,0.559646171712293,0.336,0.237,4.35022902068331e-54,"3","DYNLT1"
1.87180615922833e-57,0.598313925083973,0.302,0.209,3.68614786936835e-53,"3","LSM2"
4.26533726465174e-57,0.583914622170207,0.343,0.248,8.39972867527868e-53,"3","CCDC88C"
1.5526294851997e-56,0.654094135220785,0.252,0.166,3.05759324520377e-52,"3","PTGER4"
1.56809370035442e-56,0.544538214484129,0.355,0.258,3.08804692410795e-52,"3","TMEM160"
4.97099409002857e-56,0.504765737866821,0.466,0.365,9.78937866149326e-52,"3","BAX"
1.25611803814465e-55,0.636816353545145,0.255,0.17,2.47367325251825e-51,"3","DCAF11"
1.78235265948327e-55,0.593573050670555,0.295,0.204,3.5099870923204e-51,"3","EIF6"
2.4032444111979e-55,0.572280544173766,0.314,0.22,4.73270921897202e-51,"3","CMTM3"
1.90503092217805e-54,0.607814822853351,0.267,0.18,3.75157739504524e-50,"3","CCND2"
4.68911842043836e-54,0.582005327140426,0.33,0.238,9.23428090536926e-50,"3","UHMK1"
5.89866842716591e-54,0.635249403803255,0.263,0.178,1.16162477336178e-49,"3","RCN2"
1.21012802200364e-53,0.608613574099016,0.276,0.189,2.38310511373178e-49,"3","IER3IP1"
2.4775268726663e-53,0.512380545618814,0.358,0.263,4.87899367034175e-49,"3","SMARCE1"
3.33351211032668e-52,0.586261227648356,0.298,0.211,6.56468539886633e-48,"3","COPZ1"
5.33436620931617e-52,0.580229230263137,0.281,0.195,1.05049673760063e-47,"3","MAPRE1"
8.16555712862705e-52,0.616761934583187,0.284,0.199,1.60804316534052e-47,"3","GPATCH8"
1.05172738667282e-51,0.511782829891226,0.361,0.267,2.07116674257478e-47,"3","SNRPC"
1.59397844721258e-51,0.502402528387696,0.368,0.273,3.13902175609574e-47,"3","PDCD6"
1.78381046270905e-51,0.620447320152246,0.258,0.176,3.51285794421294e-47,"3","GPS1"
3.47225687722526e-51,0.517158672476437,0.301,0.211,6.8379154683197e-47,"3","TACC1"
3.62157591174993e-51,0.592851750577772,0.291,0.204,7.13196944300914e-47,"3","BRD7"
8.04614904362677e-51,0.609042863570519,0.263,0.179,1.58452813116142e-46,"3","KAT6B"
1.43724590026372e-50,0.625288324660149,0.25,0.169,2.83036835138935e-46,"3","ABT1"
1.57453391272067e-50,0.525093332543598,0.313,0.223,3.10072963432082e-46,"3","PHB"
4.14132099615735e-49,0.656042111259746,0.253,0.174,8.15550343773267e-45,"3","FKBP2"
1.69269159495042e-48,0.517078590043412,0.332,0.243,3.33341755793587e-44,"3","NAA10"
5.56046464240986e-48,0.584414899425624,0.277,0.195,1.09502230202977e-43,"3","DCAF7"
5.90921889890356e-48,0.555406846202879,0.272,0.189,1.16370247776108e-43,"3","NRBP1"
6.22599742366245e-48,0.677564443574763,0.254,0.176,1.22608567264185e-43,"3","HIST1H1C"
9.95157189281784e-48,0.510233270857357,0.331,0.243,1.95976305285262e-43,"3","TMEM179B"
4.22250236817842e-47,0.600790464103038,0.276,0.195,8.31537391365375e-43,"3","ALYREF"
5.53810456368565e-47,0.512679574844783,0.328,0.241,1.09061893172662e-42,"3","LSM3"
9.21500756579908e-47,0.511748540722897,0.294,0.209,1.81471143993281e-42,"3","ARL5A"
1.19557363348284e-46,0.528733382245131,0.348,0.26,2.35444315641776e-42,"3","CCNH"
2.79366114499463e-46,0.506879094824507,0.272,0.189,5.50155689283793e-42,"3","RNF19A"
1.74283325483598e-45,0.563459120452247,0.268,0.188,3.4321615287485e-41,"3","TLE4"
4.98545357407412e-45,0.571866276230014,0.262,0.183,9.81785372342417e-41,"3","FIBP"
9.67487367701231e-45,0.50145142344616,0.328,0.243,1.90527287321403e-40,"3","SNRK"
1.36739702333227e-44,0.561522516421432,0.266,0.187,2.69281495804824e-40,"3","VPS4B"
1.96473937126897e-44,0.558211746123035,0.272,0.193,3.86916124383998e-40,"3","SAP30BP"
8.45592160990412e-44,0.568164955456347,0.274,0.196,1.66522464263842e-39,"3","MPG"
1.32488945424532e-43,0.520829301901581,0.292,0.211,2.60910480224531e-39,"3","CDK13"
3.16287659756882e-43,0.502936883021974,0.32,0.237,6.22865288359228e-39,"3","DNTTIP2"
4.13270514441207e-43,0.516116187526921,0.324,0.242,8.1385362408907e-39,"3","IRF9"
2.92526926301912e-41,0.516560991118737,0.275,0.198,5.76073275966356e-37,"3","SS18L2"
2.18278266654973e-40,0.501830977235996,0.269,0.193,4.29855390523639e-36,"3","SZRD1"
2.5452306870788e-40,0.519112331329739,0.286,0.209,5.01232279206427e-36,"3","RNF187"
6.16738821662186e-40,0.544768535542832,0.273,0.198,1.21454376149934e-35,"3","ADSS"
1.26268175718338e-31,0.522277727392311,0.262,0.197,2.48659918442123e-27,"3","PLCL2"
0,8.5981755558036,0.971,0.01,0,"4","MS4A1"
0,7.67774019999601,0.98,0.023,0,"4","CD79A"
0,3.74639604966317,0.952,0.097,0,"4","HLA-DQA1"
0,9.2347039047512,0.851,0.003,0,"4","LINC00926"
0,6.77698548470465,0.836,0.013,0,"4","BANK1"
0,6.63314230489531,0.816,0.009,0,"4","IGHM"
0,4.73867685789217,0.845,0.073,0,"4","CD79B"
0,3.19929605513927,0.954,0.191,0,"4","HLA-DQB1"
0,3.49154330954761,0.998,0.25,0,"4","HLA-DRA"
0,5.31373927867506,0.755,0.035,0,"4","AFF3"
0,5.13835095869026,0.743,0.047,0,"4","RALGPS2"
0,2.38677584825885,0.845,0.155,0,"4","HLA-DRB5"
0,2.76310888021381,0.992,0.302,0,"4","HLA-DRB1"
0,6.35019133831372,0.692,0.007,0,"4","NIBAN3"
0,3.044811795704,0.99,0.313,0,"4","HLA-DPA1"
0,3.00241824322874,0.984,0.317,0,"4","HLA-DPB1"
0,9.10176964156912,0.662,0.002,0,"4","FCER2"
0,7.38309328200728,0.66,0.004,0,"4","TCL1A"
0,3.63915085004431,0.747,0.097,0,"4","MEF2C"
0,2.68073594026204,0.804,0.161,0,"4","HLA-DMA"
0,4.05161682472266,0.703,0.079,0,"4","HVCN1"
0,8.40795697597157,0.586,0.002,0,"4","FCRL1"
0,6.52538653041842,0.583,0.009,0,"4","BLK"
0,8.86695191231514,0.571,0.002,0,"4","CD19"
0,1.56116788865462,0.841,0.276,0,"4","NCF1"
0,4.24054012281627,0.605,0.048,0,"4","SWAP70"
0,8.91501252380243,0.554,0.002,0,"4","CD22"
0,4.25583955022178,0.609,0.065,0,"4","PLPP5"
0,4.82601259949382,0.577,0.036,0,"4","P2RX5"
0,6.07671039734624,0.546,0.013,0,"4","ADAM28"
0,9.10157882151185,0.533,0.001,0,"4","FCRLA"
0,2.83680000044638,0.637,0.106,0,"4","HLA-DMB"
0,4.66098327646386,0.567,0.04,0,"4","CD83"
0,3.11383094365104,0.599,0.073,0,"4","IRF8"
0,4.22794638809453,0.544,0.043,0,"4","EAF2"
0,7.37658234250651,0.483,0.002,0,"4","IGHD"
0,9.86011643717681,0.481,0.001,0,"4","VPREB3"
0,6.18462992697541,0.484,0.009,0,"4","TNFRSF13C"
0,2.27744588518924,0.687,0.214,0,"4","SNX2"
0,5.5825957648134,0.482,0.013,0,"4","RUBCNL"
0,7.01245293103886,0.46,0.005,0,"4","HLA-DOB"
0,2.76618530578238,0.56,0.114,0,"4","CYB561A3"
0,2.95517836944405,0.521,0.08,0,"4","MARCH1"
0,2.8781284731346,0.519,0.084,0,"4","CXXC5"
0,2.80184777619877,0.559,0.128,0,"4","BACH2"
0,5.43828796010573,0.435,0.007,0,"4","SPIB"
0,3.01332059567411,0.505,0.081,0,"4","TPD52"
0,1.5042963709919,0.613,0.193,0,"4","LYN"
0,6.84913447248122,0.423,0.004,0,"4","POU2AF1"
0,2.10034215681685,0.485,0.067,0,"4","PDLIM1"
0,5.87652999168987,0.425,0.007,0,"4","BLNK"
0,3.05221034502408,0.495,0.081,0,"4","TSPAN3"
0,4.33972502944524,0.443,0.03,0,"4","CD40"
0,4.39072248742541,0.43,0.026,0,"4","ARHGAP24"
0,9.18607509559862,0.404,0.001,0,"4","PAX5"
0,2.00129065171837,0.662,0.26,0,"4","JUN"
0,2.5567220870916,0.511,0.114,0,"4","STX7"
0,3.57999765253782,0.395,0.012,0,"4","IGKC"
0,1.61915332578612,0.771,0.392,0,"4","EZR"
0,1.6160363809714,0.707,0.332,0,"4","SYNGR2"
0,2.1936910286693,0.483,0.11,0,"4","CALHM6"
0,6.11206718061119,0.376,0.005,0,"4","COBLL1"
0,3.56866306856028,0.394,0.023,0,"4","TCF4"
0,1.50995831961177,0.817,0.446,0,"4","FCMR"
0,3.211082664154,0.419,0.052,0,"4","CIITA"
0,9.58482305365024,0.364,0.001,0,"4","COL19A1"
0,3.80872121881565,0.398,0.036,0,"4","PALM2-AKAP2"
0,2.74374977511838,0.503,0.149,0,"4","IL4R"
0,4.94812288240744,0.361,0.009,0,"4","TSPAN13"
0,2.69619648767774,0.436,0.086,0,"4","SEL1L3"
0,2.10743154775728,0.469,0.122,0,"4","MTSS1"
0,4.44492079539867,0.367,0.02,0,"4","GNG7"
0,1.98182937981952,0.514,0.169,0,"4","PDE4B"
0,2.19287282986551,0.504,0.163,0,"4","ADK"
0,4.78495661041191,0.353,0.013,0,"4","PKIG"
0,1.56506761344707,0.531,0.193,0,"4","POU2F2"
0,5.21434850265435,0.35,0.014,0,"4","CD72"
0,2.01647398944692,0.488,0.156,0,"4","BIRC3"
0,1.9245445627873,0.498,0.169,0,"4","SP140"
0,9.30464051539958,0.329,0.001,0,"4","CD24"
0,1.65596490372364,0.556,0.23,0,"4","REL"
0,3.55417973374717,0.358,0.037,0,"4","CDCA7L"
0,2.01322103023201,0.42,0.099,0,"4","LY86"
0,4.02494368540826,0.34,0.021,0,"4","BCL11A"
0,1.88609402200738,0.493,0.174,0,"4","ZCCHC7"
0,3.38138297066558,0.353,0.036,0,"4","FCGR2B"
0,2.56760024950949,0.404,0.088,0,"4","CHPT1"
0,1.4185050974047,0.794,0.483,0,"4","RCSD1"
0,1.70988893747942,0.886,0.575,0,"4","CXCR4"
0,1.30183584760171,0.734,0.423,0,"4","SP100"
0,2.57677737084348,0.373,0.065,0,"4","BTK"
0,4.77156754942492,0.315,0.013,0,"4","CXCR5"
0,1.34665675011644,0.757,0.455,0,"4","ZFP36L1"
0,8.44387285306627,0.302,0.001,0,"4","LINC02397"
0,2.28879930053208,0.401,0.101,0,"4","GGA2"
0,4.30902090138232,0.317,0.019,0,"4","HLA-DOA"
0,1.65150724466184,0.494,0.196,0,"4","SYPL1"
0,3.05893127007573,0.349,0.051,0,"4","STRBP"
0,8.47535435560443,0.298,0.001,0,"4","LINC01857"
0,2.39962658003715,0.381,0.087,0,"4","FCHSD2"
0,2.48849849701517,0.381,0.089,0,"4","IFT57"
0,1.30996222338897,0.622,0.332,0,"4","PRKCB"
0,1.37511840596322,0.656,0.367,0,"4","TAGAP"
0,1.88043148613492,0.402,0.115,0,"4","LAT2"
0,1.66851123989272,0.419,0.132,0,"4","SYK"
0,1.22959294430016,0.668,0.382,0,"4","POLD4"
0,1.86762271216009,0.429,0.144,0,"4","UVRAG"
0,3.2412799601825,0.324,0.039,0,"4","RAB30"
0,1.85917400814507,0.386,0.106,0,"4","ALOX5"
0,2.16530049785801,0.388,0.108,0,"4","SNX29"
0,1.07432650466578,0.713,0.435,0,"4","SNX3"
0,5.48026624257239,0.285,0.008,0,"4","SNX22"
0,2.18113870047807,0.365,0.09,0,"4","ORAI2"
0,2.41337501417696,0.364,0.09,0,"4","SMIM14"
0,6.54103104704134,0.274,0.003,0,"4","PLEKHG1"
0,4.29772984295578,0.288,0.017,0,"4","STAP1"
0,0.906891226917988,0.695,0.425,0,"4","DUSP1"
0,2.24838363971732,0.287,0.018,0,"4","JCHAIN"
0,2.88426220814627,0.318,0.052,0,"4","FCRL3"
0,1.87129204290279,0.382,0.122,0,"4","ARHGAP17"
0,5.52541676869743,0.265,0.006,0,"4","FAM30A"
0,2.21254080469282,0.348,0.095,0,"4","ITPR1"
0,1.40496280329402,0.44,0.187,0,"4","IKZF3"
0,1.11414113573666,0.602,0.351,0,"4","SP110"
0,2.50749058801272,0.315,0.064,0,"4","GUCD1"
0,2.93281620861058,0.29,0.041,0,"4","GAPT"
0,0.977818409006838,0.742,0.494,0,"4","FOXP1"
0,5.72310504887115,0.252,0.004,0,"4","PNOC"
0,1.01202596113546,0.669,0.423,0,"4","ISG20"
0,2.02112190246256,0.356,0.111,0,"4","CAMK2D"
0,0.591393546138142,0.957,0.713,0,"4","LTB"
0,2.4022169480536,0.323,0.079,0,"4","ZNF318"
0,1.82418058611019,0.384,0.141,0,"4","YBX3"
0,1.19804132360947,0.414,0.171,0,"4","CTSH"
0,1.23692109148136,0.507,0.265,0,"4","SNHG7"
0,2.39256520456015,0.302,0.062,0,"4","PLCG2"
0,3.56668985440527,0.264,0.026,0,"4","SEMA4B"
0,4.33343777970701,0.253,0.015,0,"4","BCL7A"
0,1.26850446014703,0.47,0.232,0,"4","PARP1"
0,2.52829812583832,0.29,0.054,0,"4","HHEX"
0,2.8987391975968,0.274,0.04,0,"4","TLE1"
0,1.40552590214629,0.428,0.196,0,"4","MBD4"
0,1.93148853450587,0.337,0.108,0,"4","PLEKHA2"
0,2.60776538472428,0.271,0.042,0,"4","BASP1"
0,2.97961914537274,0.264,0.04,0,"4","C16orf74"
0,1.44122830148931,0.393,0.17,0,"4","NCOA3"
0,2.56242001040381,0.271,0.049,0,"4","ADAM19"
0,2.74395616062414,0.267,0.045,0,"4","QRSL1"
0,2.35288841061705,0.267,0.048,0,"4","CCDC50"
0,1.90757784845933,0.314,0.095,0,"4","P2RY10"
0,1.66985397107508,0.347,0.129,0,"4","PARP15"
0,2.405491527287,0.275,0.059,0,"4","TMEM156"
0,1.79238361980535,0.323,0.108,0,"4","PLEKHF2"
0,1.48508086171633,0.358,0.144,0,"4","SHMT2"
0,2.34519397096187,0.267,0.054,0,"4","FGD2"
0,1.50328229294447,0.345,0.134,0,"4","TMEM154"
0,1.53530223818072,0.342,0.133,0,"4","DRAM2"
0,2.61360173249584,0.257,0.048,0,"4","SIPA1L3"
0,1.64819624754735,0.251,0.042,0,"4","TSPAN33"
0,1.55717271841998,0.334,0.133,0,"4","ZNF107"
0,1.49018919675228,0.293,0.092,0,"4","DAPP1"
0,1.61720774497673,0.319,0.119,0,"4","CAMK1D"
0,2.05284649805055,0.27,0.073,0,"4","MGAT5"
0,2.10326398595445,0.266,0.07,0,"4","SMC6"
0,2.24382294849457,0.259,0.063,0,"4","AGPAT5"
0,2.04136445701905,0.257,0.068,0,"4","BCAS4"
0,1.91922985228842,0.269,0.081,0,"4","TCF3"
0,1.69930077643851,0.288,0.1,0,"4","DMXL1"
0,1.73596394378055,0.278,0.091,0,"4","TRAF5"
0,2.01017385516304,0.258,0.071,0,"4","OPN3"
0,3.60020102434189,1,0.815,0,"4","CD74"
0,1.99926966586563,0.25,0.069,0,"4","PMAIP1"
0,1.78336722492748,0.26,0.083,0,"4","CCDC32"
0,1.3870942848023,0.96,0.81,0,"4","TSC22D3"
0,2.3909565516705,1,0.89,0,"4","CD37"
0,1.11121967677049,0.983,0.901,0,"4","BTG1"
0,0.817036899626191,0.999,0.926,0,"4","CD52"
0,1.12354514989228,0.988,0.93,0,"4","LAPTM5"
0,0.709069928666106,0.985,0.939,0,"4","RPS11"
0,0.761357854186538,0.983,0.959,0,"4","TXNIP"
0,0.592343548704319,1,0.981,0,"4","RPS5"
0,0.594599420598225,1,0.997,0,"4","RPL18A"
0,0.538251922405701,1,0.998,0,"4","RPL8"
5.92878775009496e-323,1.65422995159319,0.267,0.091,1.1675561716262e-318,"4","CHD7"
1.91005778682226e-320,0.602408258084145,0.943,0.739,3.76147679958907e-316,"4","PTPRCAP"
7.1402367136977e-320,1.40497189301812,0.378,0.162,1.40612681602849e-315,"4","PARP14"
2.84070157621725e-317,1.40684879734116,0.384,0.169,5.59419361404463e-313,"4","BLOC1S2"
1.16156889948487e-305,1.26590746002037,0.352,0.144,2.28747763375556e-301,"4","SNX10"
3.28480020985712e-304,1.44717395390532,0.364,0.158,6.46875705327163e-300,"4","CD82"
2.70217916976592e-303,0.991092550240565,0.646,0.412,5.32140143902003e-299,"4","SEC62"
6.82914929101472e-301,1.34225835624597,0.389,0.176,1.34486436987953e-296,"4","EBLN3P"
1.34021761730534e-296,1.3658473038345,0.367,0.161,2.63929055375941e-292,"4","WASHC4"
8.52751334052629e-294,1.04754169902789,0.593,0.353,1.67932320214984e-289,"4","RHOH"
1.32283530094775e-292,1.28803649165327,0.328,0.132,2.6050595581564e-288,"4","TENT5C"
1.18295627964436e-289,1.56110037158243,0.274,0.101,2.32959580150364e-285,"4","KIAA0040"
7.10176284070606e-284,1.24016449795605,0.733,0.62,1.39855015622024e-279,"4","JUND"
3.93948056390694e-283,1.47857611437791,0.347,0.152,7.75801907450194e-279,"4","SNX9"
7.13283537368522e-283,1.57902608231617,0.262,0.095,1.40466927013983e-278,"4","VAV3"
2.19116113629387e-280,1.31610054123817,0.368,0.165,4.31505362570353e-276,"4","PPM1K"
1.22337050651617e-275,1.31330920678201,0.385,0.181,2.4091835384823e-271,"4","APPL1"
1.52938700858145e-272,1.15714390588354,0.442,0.224,3.01182183599945e-268,"4","CIAO2A"
3.70472073002262e-263,1.45365378213119,0.294,0.119,7.29570653363354e-259,"4","DNAJC10"
3.24847482286124e-260,1.18024068113318,0.428,0.218,6.39722146866065e-256,"4","RB1"
3.74570427140962e-259,0.654145367243025,0.415,0.201,7.37641542168696e-255,"4","ODC1"
2.36122607945434e-257,1.16291200749146,0.424,0.215,4.64996251826943e-253,"4","LMBRD1"
1.07109974675499e-256,1.29266434941646,0.385,0.188,2.10931673128459e-252,"4","SMARCB1"
2.04632520546185e-255,1.12839209925866,0.459,0.246,4.02982822711603e-251,"4","ELOVL5"
7.85915087464377e-253,1.40295062425277,0.346,0.158,1.5477025817436e-248,"4","PELI1"
1.36319357589794e-251,0.82178360250377,0.402,0.184,2.68453710901581e-247,"4","IFNGR2"
4.23338692115096e-245,1.46601416527708,0.271,0.109,8.33680886382258e-241,"4","AIDA"
5.18785184167617e-242,0.873140776786027,0.574,0.348,1.02164366318129e-237,"4","CD81"
1.75547200102399e-235,1.01234283633803,0.25,0.093,3.45705101161654e-231,"4","MARCKS"
2.12407176483486e-233,0.74437544017509,0.41,0.196,4.18293452648929e-229,"4","CTSZ"
7.95843174125777e-226,1.00098110345763,0.451,0.243,1.56725396280589e-221,"4","ARID5B"
5.05079090992647e-222,1.24724012755897,0.303,0.135,9.94652253891819e-218,"4","RELB"
1.9790928502543e-219,1.05658971029712,0.433,0.235,3.8974275500058e-215,"4","SH3BP5"
1.40355920631994e-217,1.23358213126383,0.338,0.162,2.76402914500585e-213,"4","PRDM2"
3.11684143559141e-207,1.30962942905771,0.254,0.105,6.13799583911017e-203,"4","JAZF1"
4.28351433550301e-202,1.25523256593077,0.351,0.179,8.43552478090609e-198,"4","MARCKSL1"
5.73743031579726e-199,0.851318998462216,0.607,0.419,1.12987215208995e-194,"4","ANKRD44"
9.67455183911684e-195,1.22476411216279,0.281,0.127,1.90520949367728e-190,"4","PPP3CA"
8.93730889015553e-194,0.962776637190483,0.392,0.209,1.76002423973833e-189,"4","ATP2A3"
2.6409301454345e-191,1.27046954615482,0.252,0.109,5.20078373540416e-187,"4","AMFR"
1.95446599629146e-187,0.710518391647348,0.598,0.394,3.84892988649677e-183,"4","PTPN6"
1.21540343061422e-186,1.03657359256142,0.405,0.227,2.39349397590858e-182,"4","UBE2J1"
3.19928156983348e-185,0.79972795555611,0.644,0.474,6.30034519547308e-181,"4","SMAP2"
3.9196347534489e-185,1.3207763464929,0.25,0.109,7.71893671996691e-181,"4","NFKB2"
1.09157589760131e-180,1.09214053055673,0.43,0.255,2.14964041514625e-176,"4","ATF7IP"
1.13032945098167e-177,1.10648607318417,0.32,0.161,2.2259577878182e-173,"4","MEF2A"
1.50305905510202e-174,1.12530321064621,0.321,0.163,2.9599741972124e-170,"4","SECISBP2L"
5.01388057866963e-174,1.0625791648796,0.279,0.13,9.87383502357409e-170,"4","HSH2D"
1.18932860108536e-173,1.17653565471895,0.265,0.122,2.3421448141174e-169,"4","AP1B1"
4.60741033554127e-173,0.947716346993736,0.461,0.285,9.07337317378141e-169,"4","ITSN2"
4.93944583553881e-172,0.916279984762211,0.46,0.282,9.72725068392657e-168,"4","EIF1B"
2.34185237353025e-171,1.23621151466808,0.263,0.123,4.61180987919311e-167,"4","VEGFB"
7.03014136996236e-170,1.14336049469948,0.296,0.146,1.38444573998669e-165,"4","ST6GAL1"
1.86017434278925e-169,0.899461186166999,0.5,0.32,3.66324133325487e-165,"4","STK17A"
4.00721146856268e-163,0.907943427723552,0.457,0.284,7.89140154504049e-159,"4","TMEM243"
4.68046252231943e-162,1.03866550809028,0.334,0.178,9.21723484520366e-158,"4","NT5C"
8.35220924133396e-162,0.853852464655436,0.516,0.344,1.6448005658959e-157,"4","RPL22L1"
1.48032561833009e-156,0.97062911722525,0.351,0.193,2.91520524017745e-152,"4","DCK"
7.45129013965257e-155,1.03143834921181,0.329,0.176,1.46738256720178e-150,"4","TRIM38"
1.61621379133428e-152,0.607236233662561,0.547,0.365,3.18280981927459e-148,"4","MTPN"
1.64716821170075e-152,0.900875158519245,0.417,0.251,3.24376835930229e-148,"4","LAMTOR5"
2.58283726567079e-151,0.745814730868445,0.553,0.378,5.08638142728549e-147,"4","TSTD1"
6.01132858670432e-149,1.08046537514038,0.295,0.153,1.18381093857968e-144,"4","BLCAP"
4.06949756707127e-147,1.05496882343226,0.261,0.127,8.01406155883345e-143,"4","PHTF2"
7.35594370627629e-144,0.559661066127944,0.874,0.781,1.44860599407699e-139,"4","KLF2"
6.83503432461963e-143,0.808916902429912,0.445,0.28,1.34602330954734e-138,"4","RBM38"
1.75780506012432e-141,0.617904864980473,0.662,0.505,3.46164550490283e-137,"4","SMCHD1"
2.81729178102908e-141,0.935097186612629,0.421,0.268,5.54809270438057e-137,"4","MKNK2"
3.70368106076959e-140,0.569178840505116,0.615,0.438,7.29365911297356e-136,"4","GRB2"
4.42228214522109e-137,1.01904187780544,0.262,0.131,8.7088002285839e-133,"4","DUSP22"
3.44935126956787e-136,0.943151631642494,0.341,0.194,6.79280745516e-132,"4","LSM10"
6.52711808353869e-136,0.941811887891651,0.337,0.19,1.28538536419127e-131,"4","GABPB1-AS1"
6.95737612073989e-136,0.742310671446435,0.535,0.377,1.37011607945731e-131,"4","SELENOF"
5.31056953101125e-135,1.12657521208413,0.255,0.129,1.04581045774204e-130,"4","RABEP1"
9.41776337965611e-134,0.892165654131435,0.258,0.127,1.85464014235568e-129,"4","SKAP2"
9.23877534603578e-132,0.88697020637061,0.336,0.19,1.81939202889483e-127,"4","MIS18BP1"
2.68522787688806e-129,0.99087441714297,0.27,0.14,5.28801925795565e-125,"4","CHD9"
5.68432776612193e-129,0.90103185097977,0.282,0.148,1.11941466698239e-124,"4","NOTCH2"
9.41749467035642e-127,0.919051381842,0.415,0.268,1.85458722543329e-122,"4","HERPUD1"
7.51135285498808e-126,1.05390957012053,0.256,0.132,1.4792107177328e-121,"4","TBC1D22A"
1.66752989539581e-123,0.623412267515898,0.581,0.426,3.28386662300297e-119,"4","CSK"
2.35715455871961e-123,0.94747274424563,0.308,0.173,4.64194447248653e-119,"4","TBC1D5"
2.41168316956533e-122,0.728477244397981,0.491,0.338,4.749327665825e-118,"4","CHCHD10"
2.53563286252274e-121,0.881006507704586,0.389,0.241,4.99342179616603e-117,"4","PPP1R15A"
2.72278777790787e-120,0.956582607832729,0.307,0.174,5.36198597103396e-116,"4","SP140L"
1.56178093758499e-119,1.0279409681266,0.257,0.135,3.07561520038613e-115,"4","PWP1"
4.00335543690211e-118,0.98777813658943,0.27,0.145,7.88380786189132e-114,"4","TANK"
2.04467036109715e-117,1.00867812170428,0.264,0.141,4.02656934210862e-113,"4","IQSEC1"
2.51384355501618e-117,0.741373965625763,0.451,0.301,4.95051211289336e-113,"4","ADD1"
6.40367421949956e-116,0.847230430737191,0.374,0.232,1.26107556404605e-111,"4","AC119396.1"
1.35983753413701e-114,0.770751367851647,0.627,0.493,2.67792805597602e-110,"4","CD69"
2.91195523275084e-111,0.506900682218697,0.356,0.206,5.73451343985622e-107,"4","MAP3K8"
5.37492113400702e-111,0.946911265678948,0.271,0.149,1.05848321892e-106,"4","DGKD"
2.5724163153223e-110,0.963948461853359,0.27,0.149,5.06585944976421e-106,"4","RIC1"
3.34809467036193e-110,0.530611915409745,0.618,0.466,6.59340283434375e-106,"4","EVI2B"
4.80600889468848e-110,0.642392713662692,0.518,0.369,9.46447331631003e-106,"4","NSD3"
4.83597633349497e-108,0.996316807107984,0.264,0.146,9.52348819355164e-104,"4","GLO1"
1.03588422389907e-107,0.576679501606011,0.588,0.447,2.03996680212443e-103,"4","LSM7"
1.33146024458329e-107,0.904613434000129,0.302,0.176,2.62204465965788e-103,"4","TMEM131L"
1.03088229598449e-103,0.715226318130542,0.417,0.277,2.03011650548225e-99,"4","TAF7"
1.31203009223749e-103,0.704881161789065,0.448,0.307,2.58378086064328e-99,"4","TAF1D"
2.20680318132004e-101,0.58206247293866,0.544,0.401,4.34585750497355e-97,"4","CD55"
3.23510137732028e-101,0.792049997446846,0.346,0.215,6.37088514235684e-97,"4","PDE7A"
4.46417833450232e-96,0.792771576049634,0.586,0.459,8.79130639413542e-92,"4","KLF6"
1.15925738208666e-95,0.51436771804998,0.612,0.477,2.28292556254326e-91,"4","GDI2"
2.6753049193627e-93,0.896108437962743,0.255,0.145,5.26847797770097e-89,"4","NGLY1"
6.04245919684851e-91,0.793725637016238,0.325,0.205,1.18994148963538e-86,"4","RNASEH2B"
5.38909692583094e-90,0.51988432653674,0.612,0.483,1.06127485760389e-85,"4","CD53"
5.75019650814568e-86,0.78220776380486,0.305,0.19,1.13238619834913e-81,"4","PTK2B"
6.65454247987816e-86,0.7477393543416,0.386,0.267,1.31047905056241e-81,"4","PTPN1"
6.41973321773542e-83,0.74858645475844,0.307,0.193,1.26423806256864e-78,"4","ATP2B1"
8.72031418944884e-83,0.667577091933559,0.386,0.263,1.71729147332816e-78,"4","JMJD1C"
1.95047627242215e-82,0.771162236442741,0.309,0.195,3.84107292328095e-78,"4","ARHGAP25"
2.19980870343452e-82,0.513178030001828,0.581,0.453,4.33208327967359e-78,"4","TCEA1"
2.7429457545832e-81,0.694645323960196,0.355,0.235,5.40168307450069e-77,"4","AFF4"
9.44596834850891e-81,0.516359063696986,0.567,0.446,1.86019454687186e-76,"4","ISCU"
2.54373393455992e-79,0.567663345728218,0.366,0.241,5.00937523732885e-75,"4","HIF1A"
6.34851814377418e-77,0.626272034062053,0.384,0.263,1.25021367805345e-72,"4","IFI16"
2.30893619134308e-74,0.575352333384906,0.438,0.317,4.54698804161193e-70,"4","FLOT2"
5.88396991518821e-74,0.671868491499586,0.3,0.191,1.15873019539801e-69,"4","VPS37B"
1.10346617932134e-73,0.631092072250399,0.354,0.239,2.17305594693751e-69,"4","INPP5D"
1.67871476625062e-73,0.603217390748023,0.39,0.27,3.30589298917736e-69,"4","PPP3CC"
2.1229078060261e-73,0.718682414965601,0.287,0.181,4.18064234240719e-69,"4","B4GALT1"
6.78105511721981e-73,0.711872975792615,0.313,0.205,1.3353931842341e-68,"4","CNPPD1"
1.65420035677354e-72,0.703823147430742,0.327,0.218,3.25761676259413e-68,"4","BBX"
3.43038643038293e-72,0.561481197213677,0.47,0.353,6.75545999735311e-68,"4","THRAP3"
4.23949240224706e-72,0.543902904656901,0.494,0.373,8.34883238774514e-68,"4","BTG2"
7.00024340859877e-71,0.790381939645594,0.254,0.156,1.37855793445535e-66,"4","STIM2"
7.04770916037985e-71,0.732896669883497,0.293,0.189,1.3879053649536e-66,"4","IFNAR1"
1.58474649588039e-69,0.78704387820613,0.266,0.168,3.12084127433725e-65,"4","TBC1D1"
8.17281033530269e-66,0.713983808975488,0.299,0.199,1.60947153933116e-61,"4","MDM4"
3.46263294356394e-64,0.515084587313589,0.476,0.365,6.81896305576047e-60,"4","PAPOLA"
3.83600057228886e-64,0.636261042712417,0.339,0.233,7.55423592700846e-60,"4","TRA2A"
2.9656625098312e-63,0.679437483233453,0.274,0.177,5.84027918061059e-59,"4","ANKRD10"
7.54146093034376e-63,0.713776879855578,0.271,0.175,1.4851399010126e-58,"4","SCAF4"
4.88863018340347e-61,0.517629965699196,0.455,0.345,9.62717942017646e-57,"4","MYCBP2"
9.37189841779942e-61,0.672671220182175,0.309,0.21,1.84560795541724e-56,"4","CDK13"
7.81372048953929e-60,0.724879070042026,0.274,0.181,1.53875597600497e-55,"4","FOXO1"
2.13082270466911e-59,0.576840184319259,0.38,0.275,4.19622915230487e-55,"4","CLEC2D"
9.26334180839555e-59,0.665566937507107,0.272,0.178,1.82422990232734e-54,"4","RCN2"
1.38930425010016e-58,0.646645787875605,0.267,0.174,2.73595685972224e-54,"4","OFD1"
3.37234424865581e-58,0.507767423637584,0.452,0.344,6.64115752887788e-54,"4","VPS13C"
1.76036155599442e-55,0.638463201619483,0.29,0.197,3.46668001221981e-51,"4","KDM4C"
8.89715403703116e-54,0.618399861522995,0.289,0.197,1.75211654451255e-49,"4","SHOC2"
5.99971553513483e-53,0.630751034829092,0.275,0.185,1.1815239803341e-48,"4","ARID1B"
2.79740012196578e-52,0.601947241273399,0.28,0.189,5.5089200601872e-48,"4","MAP3K1"
3.37620225927041e-52,0.687319688597581,0.273,0.186,6.64875510918122e-48,"4","AP3B1"
1.70500610066494e-51,0.607028169332831,0.293,0.202,3.35766851403947e-47,"4","RBM6"
1.44899635333424e-50,0.566967516267963,0.367,0.274,2.85350851862111e-46,"4","BOD1L1"
2.13199318125375e-45,0.567807846465157,0.272,0.188,4.19853417184301e-41,"4","CNTRL"
2.78609269679999e-45,0.575560120588226,0.274,0.19,5.48665234780823e-41,"4","CDC40"
7.0938440043722e-45,0.571873740143305,0.259,0.177,1.39699069978102e-40,"4","SNX5"
1.18914651460251e-43,0.549342198231767,0.305,0.22,2.34178623120672e-39,"4","MAP4K4"
3.4790679260211e-42,0.573217973580463,0.253,0.175,6.85132846671336e-38,"4","MAP4K1"
1.13769684945663e-40,0.539668318387575,0.32,0.237,2.24046640563494e-36,"4","PFKL"
1.95268210954622e-40,0.534104237835512,0.286,0.206,3.84541687832936e-36,"4","SNHG1"
3.46711710308636e-39,0.506154575165027,0.347,0.264,6.82779371110797e-35,"4","BAZ2A"
0,3.59693642631766,0.978,0.114,0,"5","CD8B"
0,2.39105028797395,0.879,0.14,0,"5","CD8A"
0,4.70117000909352,0.765,0.039,0,"5","LINC02446"
0,1.69094666476835,0.728,0.196,0,"5","KLRK1"
0,1.50196849537668,0.89,0.366,0,"5","LEF1"
0,2.17032389046226,0.688,0.184,0,"5","NELL2"
0,1.62640665542987,0.757,0.276,0,"5","CCR7"
0,1.08918034255594,0.9,0.476,0,"5","TCF7"
0,1.51188720224193,0.677,0.271,0,"5","OXNAD1"
0,1.28267281973832,0.729,0.325,0,"5","PRKCQ-AS1"
0,1.54801277763499,0.631,0.244,0,"5","NUCB2"
0,1.1682403909859,0.775,0.394,0,"5","PIK3IP1"
0,1.58140716853086,0.615,0.235,0,"5","PDE3B"
0,0.867804445439021,0.894,0.525,0,"5","CD3D"
0,1.12054143484814,0.688,0.319,0,"5","CD27"
0,0.979614768440508,0.88,0.533,0,"5","NOSIP"
0,1.78405682065787,0.504,0.16,0,"5","THEMIS"
0,0.966855751068492,0.681,0.34,0,"5","CAMK4"
0,1.52176480466389,0.533,0.195,0,"5","TRABD2A"
0,0.906338445510549,0.839,0.504,0,"5","LEPROTL1"
0,1.40742409022648,0.581,0.249,0,"5","PCED1B"
0,2.4889287275315,0.397,0.07,0,"5","KLRC4"
0,1.17414389024623,0.533,0.209,0,"5","ACTN1"
0,0.930413014097736,0.803,0.489,0,"5","GYPC"
0,1.16561750378301,0.608,0.294,0,"5","ABLIM1"
0,0.96728535865021,0.827,0.513,0,"5","PRMT2"
0,1.18166905182313,0.536,0.236,0,"5","LDLRAP1"
0,0.720319225302071,0.993,0.695,0,"5","CD3E"
0,1.82521127593907,0.389,0.113,0,"5","PASK"
0,2.75769385047992,0.322,0.05,0,"5","LRRN3"
0,2.88018500392191,0.301,0.042,0,"5","NT5E"
0,0.926055877829276,0.939,0.682,0,"5","GAS5"
0,0.835043601400719,0.976,0.723,0,"5","LDHB"
0,4.62728144888346,0.254,0.011,0,"5","CD248"
0,1.83110840384464,0.319,0.093,0,"5","APBA2"
0,0.707923407397543,0.962,0.822,0,"5","SNHG29"
0,0.806231961729084,0.987,0.875,0,"5","NPM1"
0,0.712029280404732,0.994,0.895,0,"5","SARAF"
0,0.780028516423025,0.999,0.962,0,"5","EEF1B2"
0,0.607880710533344,0.997,0.969,0,"5","EEF1G"
0,0.56865119051225,1,0.98,0,"5","RPSA"
0,0.780510184897258,1,0.982,0,"5","RPS5"
0,0.535501833688005,0.999,0.985,0,"5","RPL4"
0,0.61369803134688,0.986,0.973,0,"5","RPS26"
0,0.64282233221227,1,0.988,0,"5","RPL10A"
0,0.538189547132673,1,0.991,0,"5","RPL22"
0,0.515422384198409,1,0.992,0,"5","RPL21"
0,0.513070689728172,1,0.993,0,"5","RPL9"
0,0.596370823732145,1,0.994,0,"5","RPL5"
0,0.558519776801507,1,0.994,0,"5","RPL3"
0,0.544479107707562,1,0.996,0,"5","RPS25"
0,0.582152824856293,1,0.997,0,"5","RPL14"
0,0.637033405331191,1,0.997,0,"5","RPS6"
0,0.542810653227458,1,0.997,0,"5","RPS2"
0,0.532329825032393,1,0.997,0,"5","RPS21"
0,0.599453536057041,1,0.998,0,"5","RPS8"
0,0.503196140079263,1,0.998,0,"5","RPS27A"
0,0.668901463040483,1,0.998,0,"5","RPL32"
0,0.526403667172703,1,0.998,0,"5","RPL34"
0,0.695344447228431,1,0.998,0,"5","RPS3A"
0,0.57922760897528,1,0.998,0,"5","RPS23"
0,0.653744258098468,1,0.998,0,"5","RPS18"
0,0.504003691734046,1,0.998,0,"5","RPL30"
0,0.572206666146514,1,0.998,0,"5","RPS13"
0,0.541731661060718,1,0.998,0,"5","RPS3"
0,0.522347417441304,1,0.998,0,"5","RPS15A"
0,0.591712166038704,1,0.998,0,"5","RPL13"
0,0.523838704564591,1,0.998,0,"5","RPL19"
0,0.522985269578342,1,0.998,0,"5","RPS28"
0,0.600012565715352,1,0.998,0,"5","RPS4X"
0,0.529086648519033,1,0.999,0,"5","EEF1A1"
0,0.742032862142707,1,0.999,0,"5","RPS12"
1.97626258336499e-323,1.49849300325491,0.412,0.161,3.89185390542067e-319,"5","ARMH1"
1.20552017585264e-321,0.66710437196565,0.88,0.561,2.37403088230661e-317,"5","CD7"
3.61669886593876e-318,0.918496682914414,0.631,0.295,7.1223650766932e-314,"5","MAL"
1.7013755665909e-314,1.05550385929951,0.615,0.304,3.35051890328745e-310,"5","RCAN3"
2.41550777257119e-303,0.645084486128758,0.773,0.462,4.75685945652444e-299,"5","RGS10"
1.84900816141038e-295,0.74311713489646,0.892,0.641,3.64125177226545e-291,"5","C12orf57"
4.27810984812623e-295,1.10261325491277,0.553,0.264,8.42488172391499e-291,"5","SATB1"
3.34358812277209e-293,0.93521644599664,0.743,0.451,6.58452809017507e-289,"5","SNHG8"
3.51056811098484e-291,0.892158516072637,0.771,0.478,6.91336178096245e-287,"5","NDFIP1"
1.93906762441468e-288,1.02184407628514,0.648,0.351,3.81860587275982e-284,"5","LBH"
1.1290697649356e-287,0.755281914581408,0.892,0.631,2.22347708808769e-283,"5","PCED1B-AS1"
2.22338755387075e-281,0.83759889833114,0.713,0.387,4.37851710983767e-277,"5","LINC00861"
5.276946687103e-280,0.6731846676229,0.91,0.642,1.03918911109119e-275,"5","SELL"
1.85022046292852e-259,1.29704972213101,0.383,0.157,3.64363915764513e-255,"5","TSPAN32"
2.35720931168052e-259,1.03447876548915,0.604,0.327,4.64205229749246e-255,"5","TGFBR2"
4.29330312073652e-257,0.818401068307573,0.697,0.388,8.45480183566643e-253,"5","FLT3LG"
2.60981288626232e-252,1.13392146224892,0.459,0.21,5.13950451691638e-248,"5","MYC"
7.94655263544745e-252,1.34402113027586,0.372,0.153,1.56491461049867e-247,"5","SH3YL1"
2.30999086822437e-245,1.48828953807323,0.313,0.118,4.54906501679426e-241,"5","NAA16"
1.2617225116862e-238,1.65395633086683,0.271,0.096,2.48471014226362e-234,"5","CARS"
6.91549142434581e-236,0.643122694465734,0.886,0.702,1.36186772619642e-231,"5","EIF3E"
1.34107436438773e-229,0.895020266240543,0.633,0.363,2.64097774578876e-225,"5","MGAT4A"
4.59937401168154e-225,0.698070857328652,0.786,0.49,9.05754724120445e-221,"5","LCK"
5.90548045931262e-218,0.707885474642192,0.709,0.409,1.16296626685243e-213,"5","CD3G"
6.6006497867645e-214,1.40195862556426,0.279,0.105,1.29986596250753e-209,"5","EPHX2"
3.18963631576371e-212,1.50657980697428,0.259,0.094,6.28135079663348e-208,"5","RETREG1"
5.8666158991361e-210,0.810797993432251,0.664,0.407,1.15531266901687e-205,"5","ATM"
1.55118349569006e-209,0.902141337132554,0.549,0.297,3.05474565806243e-205,"5","ITK"
4.3084672863005e-207,0.89438360704061,0.576,0.324,8.48466462691157e-203,"5","HSPB1"
6.0344823131813e-204,0.855654831439331,0.537,0.284,1.18837060193479e-199,"5","BCL11B"
6.72681547214587e-195,1.35947284132384,0.281,0.111,1.32471177092969e-190,"5","LINC01550"
8.3390376284186e-191,0.539747550275856,0.914,0.795,1.64220668016448e-186,"5","HSP90AB1"
1.16370910046775e-188,0.981068172570643,0.422,0.207,2.29169233155114e-184,"5","SERINC5"
2.34875550868821e-187,0.815544270961069,0.632,0.392,4.62540422325969e-183,"5","FBL"
7.07954248722831e-186,0.993402248974843,0.34,0.149,1.39417430200987e-181,"5","BACH2"
8.65160902964721e-180,0.646301988765934,0.744,0.499,1.70376136620843e-175,"5","FOXP1"
3.0271076029672e-179,0.858226857011304,0.513,0.28,5.96128300252331e-175,"5","AC243960.1"
1.4922166267168e-173,0.734581407291258,0.615,0.37,2.93862220299339e-169,"5","LINC01138"
5.74438549271854e-173,0.835332583806998,0.559,0.332,1.13124183508106e-168,"5","NAP1L4"
8.15681375246269e-173,0.985520080142474,0.432,0.225,1.60632133227248e-168,"5","MAML2"
1.47684718722384e-172,1.11493745451182,0.368,0.178,2.90835516579991e-168,"5","ATP6V0E2"
1.36650090966486e-170,0.766834587530287,0.583,0.348,2.69105024140301e-166,"5","SNRPN"
3.56657052596217e-170,0.670941860690877,0.733,0.51,7.0236473367773e-166,"5","ST13"
8.48710668030347e-170,0.884630183274915,0.46,0.243,1.67136591855216e-165,"5","TESPA1"
1.89053903727836e-169,0.539394181716464,0.881,0.739,3.72303852611227e-165,"5","EIF3H"
2.5596004583107e-166,1.17592653746882,0.306,0.136,5.04062118255127e-162,"5","USP11"
1.39761694531748e-163,0.722810103467847,0.562,0.326,2.7523270504137e-159,"5","GIMAP5"
8.78967922031253e-162,1.18873924484444,0.294,0.129,1.73095152885615e-157,"5","SIRPG"
1.02767538964292e-161,0.626615279255038,0.766,0.554,2.02380114482379e-157,"5","UXT"
1.73107901379764e-159,0.953102914003501,0.412,0.214,3.40901390187169e-155,"5","SFXN1"
4.34571323477325e-156,1.07602328053885,0.338,0.162,8.55801307323896e-152,"5","ANXA2R"
2.31425787747002e-154,0.96287016581622,0.39,0.2,4.55746803810171e-150,"5","THEM4"
4.43167712867585e-154,0.531857995044208,0.858,0.7,8.72730176950135e-150,"5","EIF4B"
2.87953469322125e-153,1.02232864255655,0.367,0.184,5.6706676713606e-149,"5","ATF7IP2"
1.31032701571683e-152,1.21461591486406,0.292,0.133,2.58042699205114e-148,"5","ORMDL3"
3.64957079457296e-152,1.06904656677843,0.325,0.154,7.18709976575254e-148,"5","ITGA6"
2.09469024685854e-151,0.590876846092833,0.694,0.447,4.12507350313852e-147,"5","GIMAP7"
4.05404640393838e-150,1.17579569083066,0.286,0.128,7.98363358327585e-146,"5","APBB1"
5.29598335225665e-149,1.21797019904745,0.262,0.113,1.0429380015599e-144,"5","TMEM204"
5.80658551693323e-149,1.12926574996014,0.265,0.114,1.14349088584966e-144,"5","TMIGD2"
9.0925465241946e-149,1.03141498637798,0.353,0.175,1.79059518700964e-144,"5","SCML4"
9.03518249511591e-148,0.935225641801685,0.366,0.184,1.77929848876318e-143,"5","TXK"
1.41553150256564e-146,0.743260084732079,0.561,0.344,2.78760618800251e-142,"5","GCC2"
9.1655048945336e-145,0.64096296268194,0.711,0.501,1.8049628788805e-140,"5","RSL1D1"
1.12535336523406e-140,0.785076463177825,0.286,0.13,2.21615838215544e-136,"5","STMN1"
3.29701637169651e-137,0.767363995297556,0.493,0.289,6.49281434078193e-133,"5","CD96"
6.1741708371122e-137,0.882391782030565,0.441,0.252,1.21587946295251e-132,"5","SNHG32"
1.33278987154994e-136,0.651850138945172,0.578,0.359,2.6246630940433e-132,"5","RHOH"
1.10251868567485e-135,0.890712281883298,0.412,0.228,2.17119004769948e-131,"5","IMPDH2"
2.00846183990953e-135,0.523733533741853,0.698,0.461,3.95526390133383e-131,"5","FCMR"
3.34823191686432e-135,0.618941645978175,0.648,0.43,6.59367311388091e-131,"5","ACAP1"
4.8516704056861e-131,0.53391828611822,0.742,0.524,9.55439452991764e-127,"5","TMEM123"
7.91913826182564e-131,0.684089010474726,0.568,0.357,1.55951589790132e-126,"5","PIM1"
5.05825007098984e-127,0.527642864214027,0.757,0.547,9.96121186480029e-123,"5","SEPTIN6"
7.77378764941591e-127,0.699518015654253,0.559,0.359,1.53089200179947e-122,"5","ALKBH7"
3.08306472192525e-124,0.535835022692331,0.77,0.581,6.0714793568874e-120,"5","EIF2S3"
3.22630499402259e-122,1.11973477145046,0.301,0.153,6.35356242472868e-118,"5","AC008105.3"
4.1859501337103e-122,0.991977698548872,0.296,0.146,8.24339159831568e-118,"5","A1BG"
9.83360117825347e-122,0.688452907810802,0.485,0.289,1.93653108003346e-117,"5","DGKA"
1.19184223561717e-121,0.979452781245648,0.273,0.129,2.34709491460088e-117,"5","CHRM3-AS2"
1.35902681206703e-121,0.871151900263199,0.387,0.216,2.6763315010036e-117,"5","PDE7A"
1.11284041029272e-120,1.09162790865992,0.256,0.119,2.19151661998946e-116,"5","ATP8A1"
1.40060811637464e-120,0.572774109851288,0.639,0.423,2.75821756357657e-116,"5","SEPTIN1"
5.32990303727946e-120,0.671071593638939,0.52,0.323,1.04961780513144e-115,"5","STK17A"
3.06865924416245e-119,0.749860964525069,0.443,0.258,6.04311064952911e-115,"5","PIM2"
1.78580439719367e-118,0.713925519063387,0.463,0.273,3.5167845993935e-114,"5","CLEC2D"
3.78402603173714e-117,0.682507992237499,0.521,0.328,7.45188246429996e-113,"5","GIMAP1"
1.49413893862437e-116,0.633896605766183,0.597,0.401,2.94240781183297e-112,"5","CD55"
2.89924157045896e-116,0.737693154221486,0.454,0.271,5.70947642470484e-112,"5","CCDC18-AS1"
3.55027261250599e-116,0.783824175068771,0.428,0.251,6.99155185580804e-112,"5","DENND2D"
4.04504697655402e-116,0.618841615785969,0.599,0.401,7.96591101092783e-112,"5","RBL2"
1.71534273326632e-115,0.809633016101304,0.414,0.241,3.37802444462137e-111,"5","SNRK"
1.17085241652993e-112,0.735560968968447,0.373,0.207,2.30575966387239e-108,"5","SPINT2"
3.04937100541938e-111,1.0865745656109,0.25,0.12,6.00512632097238e-107,"5","PGGHG"
2.85238708585509e-110,0.96820788412397,0.303,0.158,5.61720588817442e-106,"5","PLCG1"
2.33934046379072e-108,1.06757723610464,0.258,0.126,4.60686317534306e-104,"5","CITED4"
1.17685602798246e-107,0.805335302161625,0.355,0.197,2.31758257590586e-103,"5","TOB1"
4.11811751087155e-107,0.898539259285191,0.304,0.159,8.10980881415934e-103,"5","FAM102A"
1.55688236772409e-106,0.683845892681962,0.454,0.277,3.06596844675904e-102,"5","SLFN5"
5.73146210542548e-106,0.694085180240914,0.496,0.319,1.12869683242144e-101,"5","CCT3"
4.63883581764644e-105,0.672108373434904,0.442,0.266,9.13525937569113e-101,"5","BCL2"
1.25431278518828e-104,0.83931368515984,0.346,0.193,2.47011816787128e-100,"5","GABPB1-AS1"
9.40418215057172e-104,0.666504368058549,0.51,0.333,1.85196559091209e-99,"5","PPA1"
1.71870076543476e-103,0.752974980766173,0.412,0.246,3.38463741737067e-99,"5","PRKACB"
2.24839258075145e-103,0.547063321063396,0.734,0.581,4.42775950927383e-99,"5","RPS10"
4.9751642688929e-103,0.685744214094633,0.462,0.288,9.79759099473079e-99,"5","TMEM243"
5.88888367557283e-102,0.898329249385194,0.297,0.156,1.15969786223056e-97,"5","STMN3"
4.85275631434162e-101,1.00232344062494,0.261,0.132,9.55653300983296e-97,"5","SMPD1"
1.55816951381875e-98,0.654933246546952,0.458,0.286,3.06850322356327e-94,"5","OCIAD2"
2.91819433435025e-97,0.674365667426704,0.482,0.314,5.74680010263595e-93,"5","TTC3"
3.46048765055621e-96,0.922922746804111,0.286,0.152,6.81473833024034e-92,"5","ANTKMT"
2.20172702710201e-95,0.918053065411491,0.294,0.159,4.33586103447198e-91,"5","U2AF1L4"
1.07454001716713e-94,0.509116839396919,0.638,0.45,2.11609165580722e-90,"5","MCUB"
3.26221288168863e-91,0.798389563946436,0.354,0.208,6.42427582790942e-87,"5","AP1M1"
2.12512088910277e-89,0.899005199874342,0.279,0.151,4.18500056691009e-85,"5","ZNF22"
9.1832592040145e-86,0.726330570570975,0.354,0.21,1.80845923504658e-81,"5","LY9"
1.13086917069245e-84,0.829204891493888,0.32,0.186,2.22702065784464e-80,"5","GRAMD1A"
1.34130568210358e-84,0.642191345496146,0.458,0.302,2.64143327976658e-80,"5","HSPD1"
1.53941161341272e-84,0.698355493604416,0.402,0.252,3.03156329029367e-80,"5","LSM5"
1.04200679840906e-83,0.555371691120983,0.531,0.365,2.05202398810697e-79,"5","C1QBP"
3.04055498185629e-83,0.785696412241862,0.311,0.178,5.98776492576958e-79,"5","CHMP7"
2.27899852331496e-81,0.582142877818192,0.468,0.307,4.48803179196415e-77,"5","SEMA4D"
4.19039746908484e-79,0.761930108597017,0.313,0.182,8.25214973586878e-75,"5","ITPKB"
1.40754614055876e-78,0.866099822021177,0.251,0.136,2.77188061460237e-74,"5","NPAT"
1.18029316197415e-76,0.734362654726897,0.31,0.181,2.32435132387569e-72,"5","FOXO1"
1.31403752054237e-76,0.51726217272409,0.585,0.427,2.5877340892041e-72,"5","SNHG5"
1.53229241659168e-76,0.793618102530016,0.28,0.158,3.017543455994e-72,"5","IPCEF1"
1.98764522304337e-76,0.707539282795807,0.336,0.202,3.9142697377393e-72,"5","RAPGEF6"
8.17753172213717e-76,0.741278744411708,0.338,0.206,1.61040132204047e-71,"5","UBTF"
1.29570961604364e-74,0.726674263183455,0.33,0.2,2.55164094687474e-70,"5","MAPKAPK5-AS1"
1.36150054590524e-71,0.719807511737771,0.338,0.21,2.6812030250512e-67,"5","CRLF3"
5.99072507960384e-71,0.580617329910495,0.414,0.27,1.17975348992638e-66,"5","DOCK10"
3.15573283039838e-68,0.816406845416225,0.262,0.151,6.21458466290354e-64,"5","TMEM106B"
2.00250510085328e-67,0.666169524360956,0.335,0.208,3.94353329511036e-63,"5","FAM162A"
1.49810999571083e-66,0.691426894824147,0.33,0.205,2.95022801455335e-62,"5","SNHG1"
4.04027032099413e-66,0.721147592944147,0.258,0.147,7.95650434313374e-62,"5","MLLT3"
1.32196297108909e-65,0.61269022421923,0.375,0.244,2.60334167896575e-61,"5","ST3GAL1"
7.84347838807705e-65,0.529290944773203,0.457,0.315,1.54461619896401e-60,"5","APEX1"
1.27419112050943e-64,0.730118300689518,0.293,0.178,2.50926457361923e-60,"5","SUCLG2"
3.3791702633409e-64,0.56971007580606,0.375,0.245,6.65459999959723e-60,"5","CCNG1"
8.54368557299455e-64,0.560319658746995,0.405,0.269,1.68250799988982e-59,"5","RASA2"
1.61937911598733e-63,0.740376706499584,0.276,0.164,3.18904329311384e-59,"5","ILF3-DT"
4.56901292962027e-62,0.538363159929712,0.434,0.296,8.9977571623012e-58,"5","MZT2A"
2.09196516268234e-61,0.579397405141951,0.409,0.279,4.11970699487033e-57,"5","CLNS1A"
1.12009066720656e-60,0.60502037605951,0.345,0.221,2.20579455092987e-56,"5","DANCR"
3.44319030859923e-60,0.582428438958041,0.378,0.25,6.78067467472447e-56,"5","SNHG16"
4.62538668892393e-59,0.519618876790047,0.431,0.298,9.10877400649789e-55,"5","NHP2"
7.71468728816909e-59,0.527830706731097,0.346,0.223,1.51925336765914e-54,"5","PYCR2"
6.18878927831175e-58,0.524922551520933,0.405,0.275,1.21875827257793e-53,"5","SNHG7"
3.4070502144708e-57,0.575211021824773,0.352,0.231,6.70950398735734e-53,"5","CCT2"
4.10810329471033e-57,0.636710405008051,0.339,0.222,8.09008781827305e-53,"5","EPB41L4A-AS1"
9.4804154858038e-57,0.689508125248803,0.305,0.194,1.86697822161934e-52,"5","RPS10-NUDT3"
6.68136661774215e-56,0.542917861127265,0.358,0.236,1.31576152803196e-51,"5","AC119396.1"
7.93953928798637e-55,0.596940714830948,0.322,0.208,1.56353347198316e-50,"5","MHENCR"
6.68611862918688e-54,0.732180504145789,0.251,0.152,1.31669734164577e-49,"5","ITFG2"
1.75979441297087e-53,0.677137644442237,0.253,0.153,3.46556313746354e-49,"5","BEX4"
4.97071780581763e-53,0.669881635816908,0.259,0.158,9.78883457499665e-49,"5","BEX2"
8.62237940692061e-52,0.556582294288282,0.345,0.23,1.69800517660488e-47,"5","PIK3CD"
2.49965042588674e-51,0.630984008759572,0.298,0.192,4.92256158369877e-47,"5","RNF138"
8.17066088799956e-51,0.569879037020703,0.349,0.235,1.60904824867375e-46,"5","JAK3"
5.66678780325638e-49,0.554791840511029,0.355,0.243,1.11596052209528e-44,"5","ESYT1"
6.87134705670006e-49,0.548337668763587,0.286,0.182,1.35317437587594e-44,"5","SVIP"
9.06530344429175e-49,0.528593192537309,0.368,0.254,1.78523020728437e-44,"5","PABPC4"
2.18090319550399e-48,0.568285106655769,0.324,0.216,4.294852662906e-44,"5","TPP2"
3.22031978214166e-48,0.578823935749605,0.317,0.211,6.34177574697157e-44,"5","LSM2"
4.02878012653507e-48,0.679145089414326,0.254,0.159,7.93387670318551e-44,"5","MTERF4"
2.2231896279034e-47,0.503001288176568,0.409,0.293,4.37812733423017e-43,"5","EIF2A"
4.0155945074387e-47,0.675678093789094,0.267,0.171,7.90791026349902e-43,"5","THYN1"
4.88641953987508e-47,0.551320901651952,0.346,0.237,9.62282599987599e-43,"5","SNHG3"
7.8492079737252e-47,0.569743614565843,0.328,0.223,1.5457445262657e-42,"5","NFKB1"
3.33301168877478e-46,0.616524863531243,0.25,0.156,6.56369991870417e-42,"5","TNFSF8"
7.87362215870368e-43,0.502133212070006,0.348,0.242,1.55055241171352e-38,"5","TTC14"
1.21124324691021e-40,0.516465495853559,0.312,0.214,2.38530132614027e-36,"5","JPX"
4.1095682998727e-40,0.544734444937209,0.294,0.199,8.0929728529393e-36,"5","DCK"
1.12852101869403e-39,0.566147638282199,0.261,0.171,2.22239644211416e-35,"5","POP5"
2.211032367449e-39,0.573575625014532,0.283,0.191,4.35418604121731e-35,"5","GABPB1-IT1"
1.31840318429037e-38,0.575114760506314,0.257,0.169,2.59633139082303e-34,"5","SELENOM"
4.55636859467945e-38,0.528580249556824,0.303,0.21,8.97285667350224e-34,"5","NSMCE1"
2.33135039767832e-37,0.599922928145352,0.251,0.166,4.59112833814791e-33,"5","RRP1B"
1.17148529693471e-34,0.528750909313347,0.271,0.186,2.30700599525353e-30,"5","AC079781.5"
1.36881971157561e-33,0.52156066354538,0.274,0.189,2.69561665800584e-29,"5","LETMD1"
1.22936760976061e-32,0.514021294485848,0.272,0.189,2.42099363390157e-28,"5","ESD"
1.21568712549798e-31,0.507120304632789,0.284,0.201,2.39405265624316e-27,"5","SDR39U1"
2.82400503648175e-30,0.534687712217956,0.26,0.182,5.56131311834351e-26,"5","LRPPRC"
1.67127945416409e-29,0.508042940000045,0.261,0.184,3.29125062908534e-25,"5","OXLD1"
3.75510124133528e-28,0.510592036600493,0.255,0.181,7.39492087456156e-24,"5","POLR2C"
0,2.72393529690034,0.817,0.126,0,"6","CD8B"
0,2.93839700674063,0.826,0.146,0,"6","CD8A"
0,2.00466757463879,0.746,0.197,0,"6","KLRK1"
0,2.02600194863681,0.849,0.304,0,"6","CCL5"
0,1.50623315550163,0.738,0.217,0,"6","CST7"
0,2.35045366772527,0.765,0.259,0,"6","DUSP2"
0,1.12192167667607,0.743,0.243,0,"6","NKG7"
0,1.12887668813932,0.85,0.352,0,"6","CTSW"
0,3.16992359182253,0.578,0.092,0,"6","GZMK"
0,1.44884551757746,0.634,0.208,0,"6","GZMA"
0,1.33109691024145,0.693,0.322,0,"6","GZMM"
0,1.96235904249488,0.546,0.176,0,"6","LYAR"
0,0.913794098178311,0.878,0.528,0,"6","CD3D"
0,1.83670905199575,0.468,0.15,0,"6","KLRG1"
0,1.22100645402559,0.981,0.667,0,"6","IL32"
0,1.27087526368057,0.688,0.383,0,"6","PIK3R1"
0,2.52270614895821,0.376,0.072,0,"6","KLRC4"
0,0.787429870715878,0.993,0.697,0,"6","CD3E"
0,2.04634110182724,0.452,0.159,0,"6","CMC1"
0,1.47583898614878,0.43,0.161,0,"6","SAMD3"
0,1.00658287206685,0.976,0.867,0,"6","ZFP36L2"
0,0.554459025406405,0.999,0.996,0,"6","HLA-A"
1.43950966572306e-319,1.78789965623984,0.334,0.109,2.83482638470841e-315,"6","GZMH"
1.87646132290505e-319,1.82944236329402,0.251,0.065,3.69531528319692e-315,"6","FCRL6"
1.77238801955691e-304,1.42441445844867,0.332,0.108,3.49036372691342e-300,"6","CCL4"
4.22113881305371e-303,0.754470877078776,0.929,0.732,8.31268866454667e-299,"6","HCST"
1.00586588452672e-291,1.1351012790615,0.699,0.411,1.98085168639847e-287,"6","DNAJB1"
1.00677195480474e-280,0.946283478911176,0.728,0.409,1.98263601059698e-276,"6","CD3G"
1.49156829267268e-274,0.703967895423677,0.948,0.744,2.93734543876032e-270,"6","PTPRCAP"
1.12726126898466e-268,0.898737805379463,0.828,0.586,2.21991561701149e-264,"6","CXCR4"
3.83797800904714e-268,1.19384359829855,0.582,0.306,7.55813009321654e-264,"6","PPP2R5C"
6.20769802672673e-264,0.943944192942225,0.723,0.43,1.2224819724033e-259,"6","LIME1"
7.87841876051121e-264,0.915824027939204,0.746,0.472,1.55149700650747e-259,"6","LITAF"
1.11579362094188e-257,0.89947555176654,0.756,0.469,2.19733237772084e-253,"6","ARL4C"
6.57047729683728e-250,0.707645687188984,0.871,0.642,1.29392409406617e-245,"6","CD99"
1.05277466219284e-248,1.04519308392757,0.627,0.35,2.07322914225637e-244,"6","CD2"
2.97352857427015e-243,1.02870898264444,0.677,0.421,5.8557698213102e-239,"6","FYN"
6.25814652126372e-242,1.07143146842954,0.453,0.199,1.23241679443246e-237,"6","C12orf75"
5.71717792399191e-241,1.05573317317563,0.394,0.157,1.12588384857173e-236,"6","MATK"
1.1204144645104e-239,1.03198799044048,0.608,0.331,2.20643220496034e-235,"6","SYNE2"
2.87159667437792e-238,1.20036443696198,0.535,0.28,5.65503533085245e-234,"6","PARP8"
6.73157201863194e-228,1.3305750255522,0.496,0.255,1.32564847762919e-223,"6","CLDND1"
7.82482120715742e-227,1.6048042078547,0.324,0.127,1.54094204032551e-222,"6","SH2D1A"
4.49988290286985e-226,0.941668202967684,0.651,0.385,8.86161940062159e-222,"6","IL10RA"
1.99547934729042e-222,0.793758111338385,0.769,0.492,3.92969747861903e-218,"6","LCK"
3.12564333393077e-221,0.953167632006368,0.36,0.139,6.15532941750986e-217,"6","KLRD1"
4.60653446192033e-208,1.65185562118914,0.317,0.128,9.07164831585971e-204,"6","NR4A2"
1.62664252598646e-207,1.08249833015587,0.59,0.353,3.20334712642513e-203,"6","CD81"
2.10148137491054e-203,0.987646504776248,0.569,0.321,4.13844727161132e-199,"6","PRKCH"
6.48289262382402e-195,1.07183315029179,0.592,0.354,1.27667604440966e-190,"6","TNFAIP3"
7.33296453737787e-184,0.745713540111755,0.744,0.509,1.44408070634582e-179,"6","PLAAT4"
1.2317913982154e-183,0.571924907097208,0.899,0.698,2.4257668005056e-179,"6","IL2RG"
5.02342112823933e-181,0.724483232589383,0.743,0.491,9.89262322784171e-177,"6","CD69"
4.89427161557961e-175,1.23449054185672,0.321,0.138,9.63828909256093e-171,"6","PYHIN1"
3.14662100537786e-171,1.34253851132934,0.295,0.124,6.19664074589062e-167,"6","CYTOR"
8.60803727834579e-171,0.8252798437665,0.637,0.408,1.69518078122464e-166,"6","EZR"
4.50616889524611e-164,1.21010004954117,0.314,0.137,8.87399840540816e-160,"6","TENT5C"
1.33077280127761e-163,1.2922809088594,0.343,0.161,2.62069087755599e-159,"6","ZBTB38"
1.87568916981319e-158,1.18926955072319,0.286,0.12,3.69379468211312e-154,"6","MYBL1"
2.27100492388984e-156,1.15034505666886,0.354,0.169,4.47228999661626e-152,"6","THEMIS"
3.08366793220123e-155,0.916257197361361,0.418,0.214,6.07266725888388e-151,"6","APMAP"
5.11751891361083e-155,0.964534076770111,0.451,0.242,1.00779299965738e-150,"6","OPTN"
1.17347242051311e-149,1.1258854662945,0.37,0.185,2.31091923771647e-145,"6","CBLB"
1.26226654578787e-148,0.780851067745192,0.605,0.391,2.48578150862006e-144,"6","PAXX"
1.31128257428771e-147,1.25462759976854,0.289,0.127,2.58230877354479e-143,"6","GPR174"
3.0614522075864e-146,0.788151369949009,0.659,0.46,6.02891783239989e-142,"6","ITGA4"
5.05964620107016e-146,1.12127066552697,0.352,0.172,9.96396126376747e-142,"6","PRDM1"
1.2625181057435e-143,0.697699373673943,0.622,0.393,2.48627690564068e-139,"6","ZAP70"
5.54491555924559e-143,0.847043504270459,0.889,0.818,1.09196022108223e-138,"6","JUNB"
2.45380842718967e-142,0.866149303806564,0.56,0.356,4.83228493566462e-138,"6","CLEC2B"
3.18710166347853e-141,0.785529041219689,0.665,0.469,6.27635930588828e-137,"6","SRSF7"
1.91068786192072e-136,1.03885806461961,0.348,0.173,3.76271760648047e-132,"6","RUNX3"
1.09992060161126e-133,1.27972221134882,0.276,0.125,2.16607364075304e-129,"6","TRG-AS1"
9.20584173364126e-131,0.733998949733759,0.618,0.419,1.81290641260597e-126,"6","HSPA5"
3.54587593337722e-129,0.790682349202428,0.538,0.328,6.98289347559976e-125,"6","CD27"
1.28158058805872e-128,0.732838442369002,0.613,0.415,2.52381665206404e-124,"6","SLC9A3R1"
1.45453553551115e-127,1.0289012964055,0.373,0.197,2.86441683008211e-123,"6","GBP5"
1.55654234657797e-125,0.798679048054571,0.536,0.339,3.065298843116e-121,"6","P2RY8"
2.43255895483692e-125,1.27834730003952,0.25,0.111,4.79043834976035e-121,"6","SLAMF6"
3.0728509369804e-125,0.757299384727857,0.387,0.203,6.0513653501955e-121,"6","TPST2"
1.7605034581155e-124,0.634943455963697,0.628,0.425,3.46695946006686e-120,"6","MT2A"
7.88942027565815e-123,0.558093243544017,0.894,0.782,1.55366353488536e-118,"6","KLF2"
1.39009824654403e-122,0.619332933443963,0.617,0.399,2.73752047691916e-118,"6","LAT"
5.26744641078993e-122,0.770635805214998,0.548,0.355,1.03731822167686e-117,"6","PDCD4"
1.12576641173315e-117,0.588147970807344,0.729,0.552,2.2169717946261e-113,"6","GUK1"
4.05176170556555e-117,0.799809670222343,0.481,0.29,7.97913432677023e-113,"6","CD96"
4.73692906166203e-116,1.19173149437672,0.294,0.147,9.32843440113104e-112,"6","TSPYL2"
9.07298823021549e-115,1.16944629625246,0.266,0.126,1.78674357217634e-110,"6","MTFP1"
5.81287479917281e-113,0.951112412263689,0.338,0.177,1.1447294342011e-108,"6","NFATC2"
8.14548916685008e-113,0.869570825207458,0.445,0.27,1.60409118162779e-108,"6","HERPUD1"
8.05627625271984e-111,0.683737940143693,0.327,0.167,1.58652248244812e-106,"6","STOM"
2.04225589380332e-110,0.955218023873165,0.359,0.198,4.02181453166688e-106,"6","IKZF3"
2.77343812757097e-110,0.984720364163793,0.33,0.174,5.46173170462552e-106,"6","APOBEC3G"
5.66844395219675e-109,0.777813026512252,0.45,0.268,1.11628666750611e-104,"6","CDC25B"
1.5156401862675e-108,0.560219188444606,0.713,0.528,2.98475021881658e-104,"6","SUN2"
7.02063656887663e-108,0.773669695224082,0.506,0.325,1.38257395950887e-103,"6","STK17A"
4.87614954887993e-106,1.04654336561478,0.317,0.167,9.60260130660925e-102,"6","ARAP2"
1.93357446807952e-104,0.872966401717649,0.404,0.237,3.80778819998901e-100,"6","SYNE1"
1.4445605237139e-102,0.819686469974356,0.399,0.231,2.84477303934978e-98,"6","RNF125"
9.90553125697522e-102,0.567817733472604,0.659,0.478,1.95069627043613e-97,"6","WIPF1"
9.31173598604432e-100,0.873911602952662,0.353,0.196,1.83376016773171e-95,"6","TRAC"
6.95561072498344e-98,1.04807399112195,0.322,0.177,1.36976842007099e-93,"6","GATA3"
1.41278302274457e-97,0.72117978515656,0.509,0.335,2.78219360669088e-93,"6","EMB"
3.6378881191706e-96,0.790987248191035,0.304,0.158,7.16409307308267e-92,"6","SH2D2A"
9.72199298107234e-96,0.747370134677043,0.444,0.275,1.91455207776258e-91,"6","CLEC2D"
1.56253565661501e-95,1.01612377368356,0.334,0.189,3.07710146857194e-91,"6","RNF19A"
7.95630342123593e-95,0.688219679738231,0.466,0.292,1.56683483274399e-90,"6","ITGB7"
5.65618452543111e-94,0.903628601574242,0.305,0.163,1.11387241859315e-89,"6","ERN1"
3.70983645016442e-93,0.754228912804985,0.462,0.298,7.3057809213088e-89,"6","SELENOK"
1.48750864939277e-92,0.676004698139566,0.5,0.326,2.92935078324918e-88,"6","SLC38A1"
1.43016938116969e-91,0.619269540969234,0.596,0.426,2.81643256233748e-87,"6","ARHGAP15"
2.34021972307838e-91,0.63870286631498,0.491,0.314,4.60859470065825e-87,"6","TC2N"
7.90901181185681e-91,0.86859487810813,0.304,0.164,1.55752169610896e-86,"6","SYTL3"
2.3026234537474e-90,0.581702282646177,0.608,0.432,4.53455636746476e-86,"6","ISG20"
1.65397753238033e-89,0.851647045680691,0.354,0.207,3.25717795451658e-85,"6","RASSF1"
8.46005474730955e-89,0.871099758548912,0.362,0.214,1.66603858138767e-84,"6","MFSD10"
5.39767471578252e-88,0.875532012655462,0.358,0.212,1.06296408177905e-83,"6","HERPUD2"
6.6883396875649e-88,0.822145684289923,0.413,0.26,1.31713473467216e-83,"6","CCNH"
2.74221012476275e-85,0.548796782436616,0.646,0.472,5.40023439869528e-81,"6","TRBC2"
4.57892031745986e-85,0.788865914854063,0.387,0.235,9.0172677811737e-81,"6","ITM2A"
1.12394601650588e-84,0.565309534027369,0.552,0.374,2.21338689030503e-80,"6","SKAP1"
6.96598598068369e-84,0.727123129361152,0.427,0.271,1.37181161917604e-79,"6","PPP3CC"
1.86233258689927e-83,0.627943756181974,0.547,0.375,3.66749156338074e-79,"6","LINC01138"
1.45549804746196e-82,0.9057918315009,0.308,0.174,2.86631230486684e-78,"6","MAP4K1"
1.54151282232469e-82,0.59783904688821,0.51,0.347,3.03570120100402e-78,"6","ABHD17A"
1.48160774842102e-81,0.578712151687898,0.568,0.408,2.91773013896551e-77,"6","MBP"
3.50540938159922e-81,0.837827992515458,0.263,0.138,6.90320269518334e-77,"6","CHST12"
2.94589280576755e-80,0.517694921462508,0.604,0.426,5.80134670239803e-76,"6","SEPTIN1"
7.65897553644614e-80,0.647115688682449,0.433,0.273,1.50828205239234e-75,"6","CD5"
4.08737668452185e-78,0.871672510694141,0.284,0.158,8.04927090482888e-74,"6","TSEN54"
5.24268073603642e-78,0.899739010168097,0.294,0.167,1.03244111734765e-73,"6","PTGER4"
6.67162956646159e-78,0.600530641996167,0.594,0.444,1.31384401052328e-73,"6","RESF1"
1.59003824063333e-76,0.732999762482319,0.41,0.265,3.13126230727922e-72,"6","SSBP4"
2.2969483182706e-76,0.630900804899983,0.506,0.354,4.52338032317029e-72,"6","ARL6IP1"
2.647048662262e-76,0.783205038703519,0.382,0.24,5.21283293059256e-72,"6","PTGER2"
2.90247655643194e-76,0.660586420485406,0.513,0.363,5.71584708258141e-72,"6","TERF2IP"
3.58180969455932e-75,0.504502503824283,0.644,0.488,7.05365783149567e-71,"6","ANXA6"
1.13806929353104e-74,0.750033430764584,0.329,0.194,2.24119985975067e-70,"6","PTPN4"
1.2121069825052e-74,0.687070089488965,0.54,0.395,2.3870022806475e-70,"6","HIST1H1E"
1.78191361460374e-74,0.805771796670389,0.339,0.204,3.50912248123915e-70,"6","NELL2"
4.42700113719686e-74,0.747818698300315,0.344,0.207,8.71809333948177e-70,"6","FKBP11"
3.53168215726778e-73,0.702611110300868,0.438,0.292,6.95494167230744e-69,"6","TAP1"
7.86040927951072e-72,0.899085735765219,0.284,0.163,1.54795039941405e-67,"6","ZBTB1"
6.80716160242606e-71,0.79938098503383,0.316,0.188,1.34053433436576e-66,"6","CCSER2"
1.72055525536837e-70,0.776719959868553,0.359,0.226,3.38828946439693e-66,"6","IDH2"
3.33250868512951e-70,0.728629362913457,0.39,0.251,6.56270935362554e-66,"6","ITGAL"
1.63103749593541e-69,0.700789439219457,0.386,0.247,3.21200214074559e-65,"6","ARPC5L"
2.49129393596178e-69,0.668065805906488,0.45,0.308,4.90610514808954e-65,"6","HSPE1"
1.82849042071712e-68,0.697484945348034,0.411,0.273,3.60084618551823e-64,"6","RASAL3"
3.43636465287714e-68,0.538909420590135,0.517,0.363,6.76723291091096e-64,"6","RHOH"
2.5914323008633e-66,0.715167581917419,0.341,0.211,5.1033076300901e-62,"6","LY9"
3.00263000419619e-66,0.558448392873053,0.491,0.343,5.91307926726357e-62,"6","CAPN2"
3.13332342209737e-64,0.508955810926185,0.546,0.399,6.17045381513635e-60,"6","CDC42SE2"
4.15101831368535e-64,0.548145741253441,0.466,0.322,8.17460036514057e-60,"6","GNG2"
9.12121517489296e-63,0.688730740269948,0.423,0.291,1.79624090439167e-58,"6","SBDS"
1.20017659783635e-62,0.590769757398757,0.766,0.676,2.36350777411911e-58,"6","ZFP36"
1.29430379576395e-62,0.675607714614525,0.344,0.216,2.54887246499795e-58,"6","SEC11C"
6.69074126503332e-62,0.663589522199035,0.315,0.192,1.31760767732301e-57,"6","STAT4"
7.90646709051295e-62,0.538461250029272,0.544,0.404,1.55702056413472e-57,"6","DDX24"
5.09411870433744e-61,0.597336738167241,0.418,0.279,1.00318479644517e-56,"6","SLFN5"
1.0131902703034e-60,0.629545253353707,0.436,0.303,1.99527559930849e-56,"6","CORO7"
1.68737256463232e-60,0.533834797159621,0.473,0.332,3.32294279153043e-56,"6","TMC6"
6.9352277316556e-60,0.517423660600124,0.51,0.367,1.36575439719494e-55,"6","YWHAQ"
2.79514723383385e-59,0.808910754594474,0.321,0.206,5.50448344758901e-55,"6","SRRT"
4.21090082870275e-59,0.681720116889887,0.365,0.24,8.29252700196433e-55,"6","PITPNC1"
1.4480122368561e-58,0.862460232221134,0.26,0.154,2.85157049804072e-54,"6","ANTKMT"
1.50311513220567e-58,0.731052043244763,0.309,0.192,2.96008462985262e-54,"6","SURF4"
6.82233156265885e-58,0.677329326463056,0.412,0.283,1.34352175463441e-53,"6","JUN"
1.02010863516417e-57,0.763110830242738,0.297,0.183,2.00889993522879e-53,"6","NSMCE3"
2.00431040619491e-57,0.594059630616125,0.402,0.274,3.94708848291963e-53,"6","PIP4K2A"
2.62582040770885e-57,0.618505334891201,0.458,0.331,5.17102812890103e-53,"6","AKNA"
6.48557973099964e-57,0.684938278135807,0.337,0.217,1.27720521642576e-52,"6","MED15"
3.65609836475528e-56,0.571345706956385,0.445,0.314,7.19995450971258e-52,"6","DGKZ"
5.65282027875347e-56,0.718707915925335,0.312,0.198,1.11320989749492e-51,"6","ARHGAP25"
1.70771829750997e-55,0.613507149956576,0.358,0.235,3.36300964328639e-51,"6","TMX4"
4.37231420450273e-55,0.639600114745764,0.368,0.245,8.61039836292722e-51,"6","CASP8"
3.54708387975554e-54,0.546705112860537,0.56,0.428,6.98527228440259e-50,"6","IRF1"
2.20138677636747e-53,0.70458579533363,0.284,0.176,4.33519097870046e-49,"6","OFD1"
1.2215251772999e-52,0.541266710816153,0.447,0.319,2.4055495316567e-48,"6","IDS"
1.01243457219451e-51,0.714919136603484,0.288,0.181,1.99378740302265e-47,"6","BCAS2"
4.40791547601749e-51,0.750380551787012,0.261,0.16,8.68050794692124e-47,"6","NLRC5"
2.32723821766642e-49,0.597283611827482,0.367,0.251,4.58303022205049e-45,"6","SNHG16"
4.0280120022638e-49,0.623582814020901,0.334,0.222,7.93236403605811e-45,"6","TMEM109"
2.64023760689105e-48,0.603124964768148,0.359,0.245,5.19941991925055e-44,"6","GSPT1"
1.86313604269343e-47,0.510099055618229,0.442,0.318,3.66907380887617e-43,"6","BTN3A2"
4.63991571310825e-47,0.60127387177008,0.372,0.259,9.13738601382407e-43,"6","NUCB2"
4.66272271270824e-47,0.565998869243497,0.405,0.29,9.18229983813635e-43,"6","RNF167"
6.07607350294443e-47,0.667818583834089,0.267,0.167,1.19656115493485e-42,"6","RFTN1"
3.13759443280538e-46,0.538048715152731,0.406,0.289,6.17886471652363e-42,"6","BUB3"
5.49112415660014e-45,0.571408322508045,0.379,0.268,1.08136708015927e-40,"6","CYCS"
9.92071008793149e-45,0.581147852778721,0.348,0.239,1.95368543761635e-40,"6","SYNRG"
1.71886560687335e-44,0.562000225190694,0.348,0.239,3.38496203961569e-40,"6","TRADD"
3.88310891832949e-44,0.605451657738209,0.332,0.226,7.64700639286627e-40,"6","HMGN4"
1.34400169784085e-43,0.567573358252123,0.372,0.262,2.64674254355798e-39,"6","TAP2"
6.63666432557493e-43,0.667831038720301,0.264,0.169,1.30695830563547e-38,"6","BTN3A1"
7.56157891727495e-42,0.681623698025933,0.264,0.171,1.48910173617896e-37,"6","MAP4"
8.22639430731144e-42,0.569919572948499,0.291,0.191,1.62002383093884e-37,"6","RASGRP1"
1.23798770270783e-39,0.523666662983722,0.404,0.299,2.43796918294253e-35,"6","MAPK1IP1L"
7.23206751380089e-39,0.62697546811342,0.293,0.199,1.42421105549281e-34,"6","SS18L2"
2.0036895506838e-38,0.608441699795632,0.266,0.175,3.9458658321616e-34,"6","CDK17"
1.31237736133961e-37,0.591202646917837,0.297,0.203,2.58446473768609e-33,"6","SLC2A4RG"
2.72821765496412e-37,0.557519252632534,0.32,0.223,5.37267902792085e-33,"6","CEBPZ"
6.05260251612108e-37,0.568443959504983,0.28,0.188,1.19193901349972e-32,"6","SP140"
2.01922793560075e-34,0.587172923314571,0.372,0.275,3.97646557357856e-30,"6","HIST1H1D"
3.51043219170915e-34,0.523766853317447,0.332,0.239,6.91309411513283e-30,"6","RNF166"
4.01569694803675e-34,0.546717036088785,0.254,0.169,7.90811199976877e-30,"6","LRBA"
8.36573614141387e-34,0.540071101325031,0.291,0.2,1.64746441832863e-29,"6","EPS15"
8.77116563789532e-34,0.546431720562834,0.297,0.207,1.72730564907073e-29,"6","TMUB1"
6.47848037885485e-33,0.629764927050237,0.255,0.173,1.27580714100788e-28,"6","FAM177A1"
2.50868113995168e-30,0.559982101162837,0.273,0.192,4.94034576890685e-26,"6","ITGB1BP1"
1.00497704298536e-29,0.560321204300203,0.261,0.181,1.97910129075107e-25,"6","SCML4"
3.42225315274174e-29,0.539506135529905,0.276,0.195,6.73944313369431e-25,"6","NFATC3"
3.20369028971164e-28,0.557971285821126,0.266,0.188,6.30902728752913e-24,"6","CNOT6L"
0,1.69758156239201,0.99,0.236,0,"7","NKG7"
0,3.45775244723015,0.914,0.168,0,"7","KLRB1"
0,1.85846416061561,0.953,0.211,0,"7","CST7"
0,1.93025795204327,0.938,0.198,0,"7","GZMA"
0,3.41120283077684,0.81,0.085,0,"7","GZMK"
0,1.66146288621672,0.988,0.302,0,"7","CCL5"
0,3.08414814124479,0.936,0.255,0,"7","DUSP2"
0,2.99531181738343,0.802,0.138,0,"7","KLRG1"
0,1.50712019032785,0.822,0.171,0,"7","PRF1"
0,1.51491486991303,0.933,0.352,0,"7","CTSW"
0,2.2521567796522,0.655,0.173,0,"7","LYAR"
0,1.53862450631753,0.802,0.32,0,"7","GZMM"
0,1.52154932373128,0.635,0.158,0,"7","HOPX"
0,1.99298306681981,0.619,0.149,0,"7","MATK"
0,2.80166466387211,0.573,0.113,0,"7","NCR3"
0,1.72681252547842,0.919,0.464,0,"7","ARL4C"
0,5.63725043666785,0.471,0.028,0,"7","TRGV9"
0,1.704727984018,0.55,0.133,0,"7","KLRD1"
0,1.31557802144486,0.608,0.207,0,"7","KLRK1"
0,7.28445416533127,0.403,0.005,0,"7","TRDV2"
0,1.37079854775829,0.725,0.328,0,"7","SYNE2"
0,4.64767295521731,0.409,0.017,0,"7","TRAV1-2"
0,1.35824467063086,0.833,0.445,0,"7","SPOCK2"
0,1.74716928132863,0.808,0.429,0,"7","DUSP1"
0,1.70528751342968,0.727,0.349,0,"7","TNFAIP3"
0,1.6113880403967,0.608,0.232,0,"7","RORA"
0,2.07296599038992,0.527,0.155,0,"7","ERN1"
0,1.91859712523454,0.54,0.172,0,"7","GPR65"
0,2.2814657936758,0.471,0.113,0,"7","MYBL1"
0,1.35374926152812,0.634,0.281,0,"7","ALOX5AP"
0,1.36363557216806,0.84,0.489,0,"7","CD69"
0,1.12517289574445,0.821,0.471,0,"7","LITAF"
0,6.20660248724107,0.352,0.006,0,"7","SLC4A10"
0,1.31769737096535,0.729,0.386,0,"7","DDIT4"
0,1.72545637065263,0.502,0.16,0,"7","SAMD3"
0,1.390107090906,0.994,0.668,0,"7","IL32"
0,1.33346543659602,0.907,0.584,0,"7","CXCR4"
0,1.56197627800207,0.522,0.2,0,"7","FKBP11"
0,1.67593002668923,0.469,0.152,0,"7","SH2D2A"
0,1.50935780714698,0.505,0.193,0,"7","GBP5"
0,2.73423613135209,0.374,0.062,0,"7","LINC01871"
0,1.83826764101576,0.424,0.125,0,"7","NR4A2"
0,1.87018672425992,0.417,0.121,0,"7","FOSL2"
0,2.44179202088759,0.365,0.075,0,"7","SYTL2"
0,1.23779174080858,0.395,0.106,0,"7","CCL4"
0,0.796083171772849,0.987,0.699,0,"7","CD3E"
0,1.79268175096695,0.372,0.084,0,"7","S1PR5"
0,1.07436757075275,0.886,0.599,0,"7","IL7R"
0,1.68906955403141,0.413,0.134,0,"7","TENT5C"
0,2.06745680649811,0.393,0.116,0,"7","BHLHE40"
0,1.96908844288665,0.411,0.137,0,"7","PHACTR2"
0,1.77529696555462,0.358,0.094,0,"7","ZBTB16"
0,1.93650235756364,0.342,0.09,0,"7","TGFBR3"
0,3.27155477187025,0.275,0.029,0,"7","LAG3"
0,2.82233280913513,0.287,0.042,0,"7","ADRB2"
0,1.17492693111401,0.91,0.67,0,"7","ZFP36"
0,1.0135746087358,0.957,0.732,0,"7","HCST"
0,2.44295523061137,0.278,0.056,0,"7","TRDC"
0,1.70095382286958,0.301,0.08,0,"7","TBX21"
0,2.44893822018497,0.263,0.053,0,"7","COL6A2"
0,1.37540805384907,0.988,0.868,0,"7","ZFP36L2"
0,0.690456522751418,0.986,0.897,0,"7","CALM1"
0,0.588822201707659,1,0.996,0,"7","HLA-C"
0,0.571906330185464,1,0.999,0,"7","HLA-B"
7.42647068122195e-317,1.39253000221901,0.55,0.234,1.46249487125304e-312,"7","ID2"
1.87772876154078e-311,0.773450236330025,0.957,0.745,3.69781125010226e-307,"7","PTPRCAP"
4.73847767182856e-309,1.84349078429534,0.335,0.104,9.33148407913199e-305,"7","PRR5"
4.22686221712908e-308,1.36921248179173,0.589,0.279,8.3239597641923e-304,"7","PARP8"
3.0809337075293e-306,1.44214550997163,0.452,0.169,6.06728275023744e-302,"7","PRDM1"
2.22546043432924e-284,0.944271210565832,0.438,0.157,4.38259923332458e-280,"7","IL2RB"
1.0480889849123e-278,1.57836249617538,0.41,0.155,2.0640016379878e-274,"7","PDE4D"
3.40395432746264e-277,0.839249007710942,0.869,0.53,6.70340725707217e-273,"7","CD3D"
1.00216018195366e-264,0.895339864727197,0.416,0.151,1.97355404632133e-260,"7","GNLY"
6.28901109399191e-257,1.06112823832185,0.683,0.389,1.23849495473983e-252,"7","PAXX"
1.47623294943776e-256,1.66661044131041,0.348,0.124,2.90714554732777e-252,"7","MTFP1"
9.43957949899107e-254,1.19409433573256,0.483,0.205,1.85893639073631e-249,"7","MAP3K8"
1.82888629234289e-249,1.22365419281591,0.428,0.168,3.60162577551086e-245,"7","CD8A"
2.25363416029466e-249,0.576896007877753,0.99,0.966,4.43808175186828e-245,"7","H3F3B"
3.99751017241401e-249,1.16542308997588,0.489,0.212,7.8722967825349e-245,"7","APMAP"
2.06254780775715e-243,1.49971119710994,0.351,0.127,4.06177539781615e-239,"7","SH2D1A"
1.00251465329374e-242,1.37246893518491,0.421,0.172,1.97425210673136e-238,"7","APOBEC3G"
2.68910163551145e-238,1.09844359817069,0.471,0.2,5.2956478508127e-234,"7","C12orf75"
5.71035924839754e-232,1.04315651732723,0.413,0.164,1.12454104678693e-227,"7","STOM"
1.34013552688005e-226,1.06068162558225,0.595,0.31,2.63912889308489e-222,"7","TC2N"
9.75630610799935e-225,1.57935608290012,0.336,0.125,1.92130936184831e-220,"7","GTF3C1"
4.29325896421183e-224,1.14988890819323,0.566,0.295,8.45471487822236e-220,"7","SELENOK"
2.50627625046181e-221,0.957446788518362,0.694,0.417,4.93560982003443e-217,"7","HSPA5"
2.5070961381391e-218,0.993762825306393,0.725,0.468,4.93722442483732e-214,"7","SRSF7"
2.11607857889613e-215,1.09408289984243,0.672,0.414,4.16719354542015e-211,"7","DNAJB1"
1.02340560498849e-211,1.33828003186434,0.419,0.184,2.01539265790382e-207,"7","CCDC107"
2.47336616616877e-211,1.34100092635586,0.356,0.138,4.87079999103617e-207,"7","PYHIN1"
3.7731497118588e-204,0.951070327631226,0.573,0.298,7.43046372756353e-200,"7","CTSC"
8.60376377201581e-202,1.11070828069139,0.594,0.354,1.69433919962307e-197,"7","CD81"
4.35568030315535e-201,0.76252163499514,0.716,0.42,8.57764122100384e-197,"7","CD247"
5.65980939936721e-200,1.31864279408138,0.383,0.162,1.11458626501739e-195,"7","SYTL3"
1.15932465434127e-199,0.988943806589753,0.629,0.367,2.28305804179426e-195,"7","XBP1"
2.31814774715683e-199,1.03779393698878,0.571,0.309,4.56512835847595e-195,"7","PPP2R5C"
7.06165582683615e-193,1.17079082745967,0.441,0.204,1.39065188197884e-188,"7","RASSF1"
9.8740283018673e-192,0.693631310592353,0.927,0.817,1.94449239348673e-187,"7","JUNB"
3.03882424575349e-191,0.625877863570171,0.904,0.699,5.98435658716235e-187,"7","IL2RG"
3.6693299193686e-187,0.659692161231446,0.838,0.558,7.22601141021258e-183,"7","ANXA1"
3.9684503948096e-183,1.26397341897304,0.335,0.135,7.81506936249855e-179,"7","CHST12"
1.71711492936887e-182,0.609776318758492,0.88,0.716,3.38151443040612e-178,"7","PPIB"
3.3596170244262e-180,1.48359406456579,0.291,0.111,6.61609380620251e-176,"7","DPP4"
2.64399986396261e-177,0.834230317952451,0.681,0.423,5.20682893210157e-173,"7","FYN"
1.10242266398063e-176,0.788583524371999,0.699,0.44,2.17100095217705e-172,"7","IER2"
2.38460111393153e-175,0.954807859701475,0.632,0.388,4.69599497366537e-171,"7","PIK3R1"
6.52336193468824e-171,0.633637294675522,0.427,0.189,1.28464566579815e-166,"7","RHOC"
8.82653730951065e-171,0.71715180725784,0.78,0.551,1.73820999236193e-166,"7","GUK1"
5.91273222660118e-170,1.19399701102385,0.397,0.185,1.16439435738457e-165,"7","CBLB"
1.7464582672814e-168,1.41407801845235,0.31,0.128,3.43930026575727e-164,"7","GYG1"
3.81957812308126e-165,0.780174530394112,0.682,0.413,7.52189519778393e-161,"7","CD3G"
2.86429624642053e-164,1.22197033161343,0.364,0.164,5.64065859807594e-160,"7","CSRNP1"
3.36811682897723e-162,0.938635532409684,0.37,0.164,6.63283247130486e-158,"7","CMC1"
7.45512993775996e-162,0.558639565029116,0.867,0.644,1.46813873864307e-157,"7","CD99"
1.01157401374443e-161,1.22018657844202,0.352,0.156,1.99209270526691e-157,"7","TSEN54"
1.25060537342254e-161,0.956968297719368,0.527,0.29,2.46281716188101e-157,"7","CD96"
8.17021083406617e-161,1.12592045474531,0.378,0.173,1.60895961955265e-156,"7","RUNX3"
1.52375724491867e-159,0.854130157218686,0.561,0.319,3.00073514241833e-155,"7","GNG2"
1.85271480320156e-155,1.50579176171815,0.254,0.097,3.64855126194483e-151,"7","B3GNT2"
4.052361748884e-154,1.34211810990648,0.315,0.136,7.98031599207725e-150,"7","CERK"
2.16905430285529e-152,1.26457180245713,0.328,0.144,4.27151863861292e-148,"7","DNAJC1"
3.67618483575116e-149,0.84473566861441,0.595,0.364,7.23951079704477e-145,"7","YWHAQ"
4.93785789878639e-149,1.11051752586406,0.381,0.182,9.72412356008003e-145,"7","IFNGR1"
1.13317610810581e-147,0.61159834475555,0.855,0.72,2.23156370969278e-143,"7","HSP90AA1"
7.2273793218337e-146,0.870660059771716,0.601,0.374,1.42328780984871e-141,"7","LINC01138"
8.3690334579674e-145,0.880550600495676,0.564,0.346,1.64811375887752e-140,"7","ABHD17A"
9.67186453154356e-145,1.1223428398674,0.41,0.209,1.90468028219687e-140,"7","PRNP"
2.15595424617142e-142,0.897971140376529,0.575,0.355,4.24572069698538e-138,"7","PDCD4"
5.03494886076145e-141,0.986535342849549,0.446,0.236,9.91532479149752e-137,"7","SYNE1"
2.64457627251984e-140,0.871106039512171,0.581,0.361,5.20796405347333e-136,"7","TERF2IP"
7.08748343129224e-140,0.673256002180235,0.596,0.346,1.39573811212438e-135,"7","EFHD2"
1.62114818984991e-134,0.826888546542396,0.551,0.329,3.19252713027143e-130,"7","CKLF"
7.64514832472068e-133,0.972967338389022,0.275,0.113,1.50555905958724e-128,"7","GZMH"
9.9662669315396e-133,1.01564379516095,0.451,0.252,1.96265694682809e-128,"7","TRBC1"
1.08101442144349e-131,0.810840067069929,0.646,0.426,2.12884170014866e-127,"7","IRF1"
2.11539368399163e-130,0.631620470798507,0.739,0.511,4.16584478188472e-126,"7","PLAAT4"
3.18033266390399e-129,0.971727577548648,0.436,0.236,6.26302911502613e-125,"7","AQP3"
2.98259179372568e-125,0.78808235616018,0.57,0.357,5.87361801938398e-121,"7","CLEC2B"
4.47453714790102e-125,0.745330018042297,0.637,0.426,8.81170600536148e-121,"7","MT2A"
4.62466296985285e-125,0.590334720903957,0.741,0.495,9.10734878653121e-121,"7","LCK"
8.86990421210953e-125,1.28720217242503,0.282,0.126,1.74675023649073e-120,"7","TRG-AS1"
6.90788155949301e-123,1.07919115107241,0.382,0.201,1.36036911551096e-118,"7","RAB18"
1.14518318644556e-120,0.980637607990797,0.373,0.19,2.25520924906723e-116,"7","STAT4"
3.88676902625551e-120,0.744760581054722,0.541,0.324,7.65421424340497e-116,"7","PRKCH"
6.44474967120041e-120,1.11928784011275,0.374,0.196,1.2691645527495e-115,"7","TRAC"
2.2246580524556e-118,0.828532605345451,0.534,0.33,4.38101910270081e-114,"7","EML4"
4.16204012341994e-118,0.911667660530567,0.46,0.265,8.1963056150509e-114,"7","CYCS"
4.94175233566438e-116,1.14980581446837,0.317,0.155,9.73179287462386e-112,"7","ACAA2"
3.06699674685628e-115,0.563785733339799,0.741,0.552,6.03983669358407e-111,"7","HSP90B1"
1.55010575613573e-114,0.776934766719011,0.533,0.328,3.05262326555809e-110,"7","DHRS7"
2.21388013143041e-114,1.13168310346272,0.312,0.151,4.3597941428259e-110,"7","ODF2L"
2.34978338767541e-114,0.865170318523466,0.439,0.246,4.62742842534919e-110,"7","ARPC5L"
2.49961948712052e-114,0.755634918946207,0.588,0.388,4.92250065598644e-110,"7","BZW1"
5.36041586621898e-113,0.591669288053848,0.749,0.56,1.0556266965345e-108,"7","PDIA3"
1.38636140377129e-112,0.607116112213468,0.623,0.395,2.73016151244679e-108,"7","ZAP70"
3.66507886609848e-111,0.643010819858902,0.683,0.472,7.21763981100774e-107,"7","TRBC2"
2.70123096810573e-109,0.941622134056563,0.414,0.233,5.31953414549061e-105,"7","SIPA1"
1.03756081196749e-108,0.655485733036125,0.571,0.354,2.04326850700757e-104,"7","CD2"
1.7720687930864e-108,0.652934656713681,0.619,0.416,3.48973507422506e-104,"7","SLC9A3R1"
1.9291830207046e-108,0.808380506121844,0.442,0.25,3.79914012267356e-104,"7","ACTN4"
3.69432023909994e-108,0.764122485683459,0.54,0.34,7.27522484685951e-104,"7","P2RY8"
7.66161595093522e-108,1.20024056095072,0.267,0.123,1.50880202921767e-103,"7","PTPN22"
7.85907956799343e-108,1.15653223613794,0.309,0.153,1.54768853932495e-103,"7","ANTKMT"
5.06078527801855e-105,0.63216886225213,0.643,0.444,9.96620444800193e-101,"7","P4HB"
5.56921840280586e-105,0.583525103076384,0.764,0.605,1.09674618006456e-100,"7","CNN2"
1.07120127196899e-103,0.819505980184527,0.719,0.577,2.10951666488854e-99,"7","NFKBIA"
1.00357929807851e-102,1.1923917159342,0.262,0.122,1.97634871170602e-98,"7","MRPL10"
1.16243045625255e-102,0.965499257027157,0.36,0.193,2.28917429749815e-98,"7","PTPN4"
1.40704521360964e-101,0.549271517947982,0.756,0.574,2.77089413916147e-97,"7","SEPTIN7"
6.89559597067792e-101,1.04293449659904,0.347,0.187,1.3579497145056e-96,"7","ATF7IP2"
7.4879958649206e-101,0.737110452008331,0.52,0.327,1.47461102567881e-96,"7","PBXIP1"
2.21345506585183e-99,0.715433322581737,0.468,0.278,4.358957061182e-95,"7","SPN"
7.00836085536252e-99,0.808444686653328,0.419,0.24,1.38015650324654e-94,"7","PTGER2"
9.77352950250399e-97,1.01085552898312,0.338,0.182,1.92470116492811e-92,"7","B4GALT1"
4.07553459227597e-96,0.608101453586072,0.683,0.502,8.02595027256906e-92,"7","GTF3A"
6.86907900616942e-95,1.01723875081031,0.32,0.168,1.35272772868494e-90,"7","ARAP2"
4.23944586545094e-93,0.795697821345943,0.439,0.263,8.34874074283253e-89,"7","TTC39C"
1.61817275541988e-92,1.04036474776192,0.294,0.151,3.18666760724837e-88,"7","ITCH"
1.87454872067569e-90,0.994861016682996,0.31,0.163,3.69154879562663e-86,"7","ZBTB1"
2.15328849603335e-89,0.950404183465019,0.315,0.167,4.24047103523848e-85,"7","PTGER4"
3.653626774295e-89,1.0053536568157,0.291,0.149,7.19508720661914e-85,"7","CISD3"
3.7145500543268e-87,0.601787362268437,0.596,0.412,7.31506342198577e-83,"7","EZR"
5.79963740544606e-87,0.860055171685772,0.38,0.221,1.14212259425449e-82,"7","TMEM109"
1.28359391762155e-86,1.01525087598343,0.277,0.14,2.52778150197212e-82,"7","ATP2B4"
1.52880711180461e-86,0.513793964829171,0.658,0.467,3.01067984527681e-82,"7","SEC61B"
4.32679525657596e-86,0.717767917640132,0.502,0.33,8.52075789877504e-82,"7","AKNA"
4.03556793301529e-85,0.78359530128341,0.396,0.232,7.94724393048701e-81,"7","RNF125"
1.38922688389813e-84,0.73874885395194,0.441,0.273,2.73580450246059e-80,"7","PIP4K2A"
5.07784432980027e-84,0.845270044374955,0.345,0.193,9.99979883867568e-80,"7","VPS37B"
1.76232708666137e-83,0.883448191667321,0.426,0.26,3.47055073176224e-79,"7","FOS"
3.29380981680772e-83,0.73300063099444,0.458,0.289,6.48649967223944e-79,"7","RHOF"
1.06588855098454e-81,0.528872248436027,0.696,0.535,2.09905432345386e-77,"7","ICAM3"
2.70862446280428e-81,0.645470004554526,0.365,0.205,5.33409415460047e-77,"7","TPST2"
7.74602701185897e-81,0.696572337554581,0.426,0.26,1.52542509944539e-76,"7","CLDND1"
1.00736926482798e-79,0.931385655778752,0.314,0.173,1.98381229322574e-75,"7","CDK17"
1.2836716343525e-79,0.620400752407244,0.6,0.434,2.52793454953037e-75,"7","SEC61G"
5.62258624445894e-79,0.883089659989647,0.344,0.198,1.1072559091213e-74,"7","SS18L2"
3.97758016817167e-78,0.959665178245881,0.281,0.149,7.83304862518046e-74,"7","RAB27A"
5.20291624868336e-78,0.807427595436553,0.253,0.125,1.02461029685321e-73,"7","ABI3"
6.39355829200508e-78,0.831667323295812,0.366,0.216,1.25908343444456e-73,"7","SEC11C"
7.18592607641468e-78,0.907029323205145,0.334,0.192,1.41512442222834e-73,"7","SURF4"
4.78663739350557e-77,0.703021805370432,0.455,0.293,9.42632501903051e-73,"7","TAP1"
6.12494976752447e-77,0.722856651394074,0.458,0.293,1.20618635771859e-72,"7","ITGB7"
3.79218963725059e-76,0.647657913082951,0.502,0.336,7.4679590526376e-72,"7","EMB"
4.02869164108887e-76,0.699674394657544,0.47,0.309,7.93370244879631e-72,"7","TMED2"
7.90860011505521e-74,0.815521803414369,0.399,0.25,1.55744062065782e-69,"7","SNHG16"
1.34106202464408e-73,0.685520043233812,0.486,0.325,2.64095344513158e-69,"7","G3BP2"
3.81988780145274e-72,0.50780543899031,0.685,0.525,7.52250504740089e-68,"7","HLA-F"
5.11678722952956e-72,0.696567177445059,0.437,0.283,1.00764890911126e-67,"7","PDIA6"
2.24575330143668e-71,0.907966094092115,0.276,0.149,4.42256197651925e-67,"7","RAB29"
9.38197197126165e-70,0.947630108851925,0.252,0.133,1.84759174030056e-65,"7","GPRIN3"
1.42786277137358e-69,0.750713437645564,0.41,0.261,2.81189015566599e-65,"7","CCNH"
3.4892423385468e-69,0.762164188043732,0.384,0.238,6.87136493730021e-65,"7","SYNRG"
3.70022231881309e-69,0.831514959428586,0.312,0.179,7.28684781243861e-65,"7","EHD1"
3.649483598613e-68,0.659749190004059,0.467,0.314,7.18692805074858e-64,"7","SRPRA"
4.35945609774577e-68,0.709092328680179,0.418,0.27,8.58507689329075e-64,"7","OSTC"
4.77889886568839e-68,0.56224495214416,0.428,0.267,9.41108553620014e-64,"7","CASP1"
1.33643598037751e-67,0.96390151631449,0.258,0.14,2.63184337615743e-63,"7","STN1"
6.70433629111814e-67,0.632089054620521,0.487,0.333,1.32028494580989e-62,"7","TMC6"
5.17474511005482e-66,0.606128016096498,0.435,0.279,1.01906255452309e-61,"7","GLRX"
1.04660023863058e-65,0.634198118626874,0.47,0.318,2.06106984993519e-61,"7","EMD"
9.51543126485039e-65,0.659521556078123,0.425,0.277,1.87387387898699e-60,"7","REEP5"
2.10293456885683e-64,0.738912109115766,0.335,0.2,4.14130904644975e-60,"7","IKZF3"
2.50212815672906e-64,0.589307667203165,0.523,0.37,4.92744097904653e-60,"7","DDOST"
2.53585245966971e-64,0.802199225792886,0.344,0.211,4.99385424882757e-60,"7","BCL7C"
5.50723769622923e-63,0.861313452159868,0.425,0.283,1.08454031951842e-58,"7","JUN"
6.27201364261842e-63,0.610623019073488,0.496,0.348,1.23514764664084e-58,"7","SPCS2"
6.61374014828796e-63,0.768647263241302,0.328,0.197,1.30244384740235e-58,"7","MLLT6"
9.8617259229492e-63,0.683636940732917,0.427,0.284,1.94206968600639e-58,"7","CASP4"
1.02247237880969e-62,0.522036233687279,0.56,0.403,2.01355485558992e-58,"7","CCDC85B"
1.13243710210835e-61,0.511605859703205,0.613,0.462,2.23010838518198e-57,"7","KMT2E"
3.60685531458851e-61,0.634286522195102,0.466,0.319,7.10298017101915e-57,"7","IDS"
6.66808084051819e-61,0.820874906901869,0.293,0.171,1.31314515992325e-56,"7","DIP2A"
1.29897223988227e-60,0.776144171260579,0.344,0.214,2.55806603200015e-56,"7","HERPUD2"
5.18725202635271e-60,0.776994223480362,0.291,0.169,1.02152554154964e-55,"7","SDF2L1"
6.54761694950539e-60,0.550850233952555,0.507,0.356,1.2894222058661e-55,"7","OSTF1"
1.40514940837187e-58,0.529489645066393,0.58,0.43,2.76716072990673e-54,"7","FAM107B"
3.40143784577825e-58,0.633171883393075,0.305,0.178,6.69845154969111e-54,"7","GATA3"
3.84560589264355e-58,0.797263005155974,0.301,0.18,7.57315168438294e-54,"7","NFATC2"
2.21100000364094e-57,0.863705820021162,0.259,0.147,4.35412230717009e-53,"7","ARFGAP3"
6.20984178151618e-57,0.596175022113364,0.507,0.367,1.22290414203398e-52,"7","HNRNPUL1"
1.24653504691725e-55,0.585577390422682,0.412,0.274,2.45480146789413e-51,"7","SATB1"
8.55333484774871e-55,0.555981795041269,0.473,0.328,1.68440823156715e-50,"7","SLC38A1"
6.67925509947379e-54,0.562504021163736,0.479,0.341,1.31534570673937e-49,"7","RBM8A"
7.40946393263281e-54,0.735245645376141,0.3,0.181,1.45914573225338e-49,"7","BCAS2"
2.07737458570723e-53,0.743015519812646,0.375,0.246,4.09097377163325e-49,"7","PPP1R15A"
2.40445385829311e-53,0.735065049031516,0.303,0.185,4.73509098313663e-49,"7","LMAN1"
2.96157502460244e-53,0.650435229411615,0.398,0.267,5.83222969594959e-49,"7","SSBP4"
3.81104617880948e-53,0.838223111858102,0.316,0.2,7.5050932399295e-49,"7","TOB1"
4.14520550334608e-53,0.692656674573246,0.527,0.397,8.16315319773943e-49,"7","HIST1H1E"
4.7374985497959e-53,0.665462537623466,0.31,0.189,9.32955589411306e-49,"7","PDE4B"
4.97994502241829e-53,0.762730668135163,0.346,0.224,9.80700573264834e-49,"7","GADD45B"
7.74892859408294e-53,0.514333762064989,0.548,0.406,1.52599650803275e-48,"7","RBL2"
1.24517597941663e-52,0.601142165681036,0.414,0.279,2.45212505626516e-48,"7","DSTN"
1.59483431552251e-52,0.717249358356356,0.289,0.173,3.14070721755848e-48,"7","THEMIS"
2.53573701614795e-52,0.516704967281916,0.501,0.357,4.99362690590016e-48,"7","SYTL1"
2.55272612474454e-52,0.615186107010558,0.407,0.275,5.02708355745941e-48,"7","RASAL3"
2.98603289005384e-52,0.948434197496091,0.255,0.149,5.88039457038303e-48,"7","TSPYL2"
9.70266954851119e-52,0.539800809874068,0.487,0.351,1.91074671418831e-47,"7","RPL22L1"
2.01251093526161e-51,0.550451331586426,0.451,0.316,3.9632377848107e-47,"7","MACF1"
2.24113829648539e-51,0.574920831965322,0.461,0.329,4.41347364726868e-47,"7","LMAN2"
5.69901395190738e-49,0.594551908244466,0.42,0.294,1.12230681754912e-44,"7","TOMM5"
8.85254209588584e-49,0.732015965333059,0.299,0.187,1.7433311149428e-44,"7","RGS14"
1.35863214548316e-48,0.767998570581545,0.284,0.175,2.67555428409999e-44,"7","FKBP2"
2.24945320428867e-48,0.794185665845882,0.261,0.157,4.42984819520568e-44,"7","AL135905.2"
8.67504841136967e-48,0.60122214784927,0.376,0.253,1.70837728365103e-43,"7","ITGAL"
9.02207619353927e-48,0.622424827347374,0.362,0.241,1.77671746479369e-43,"7","PITPNC1"
2.20427390308479e-47,0.506877059828744,0.4,0.272,4.34087659734489e-43,"7","DNAJB6"
2.47924691711368e-47,0.650384551996271,0.355,0.236,4.88238095387198e-43,"7","ORAI1"
1.01347995302415e-46,0.629555670355866,0.355,0.236,1.99584607149046e-42,"7","TMX4"
1.65055908056236e-46,0.655681317677005,0.337,0.22,3.25044599735146e-42,"7","LPXN"
2.57473345553725e-46,0.54486327963112,0.475,0.353,5.0704225939895e-42,"7","TMED10"
4.02539144528231e-45,0.529887390577535,0.438,0.311,7.92720337319445e-41,"7","SPSB3"
4.54040553794845e-45,0.580872540596,0.403,0.282,8.94142062588188e-41,"7","TMED9"
1.36016161619262e-44,0.644257269621727,0.316,0.205,2.67856627076813e-40,"7","PSTPIP1"
6.47352100600578e-44,0.704796753190799,0.273,0.169,1.27483049171272e-39,"7","BTN3A1"
9.93427163443193e-44,0.675345339326564,0.328,0.217,1.95635611296868e-39,"7","RPS6KA3"
2.25652777742457e-43,0.614775899892692,0.363,0.248,4.4437801520822e-39,"7","IMP3"
3.09186196967317e-43,0.52234965746449,0.394,0.273,6.08880377687738e-39,"7","HERPUD1"
2.95307432784731e-42,0.606128451239815,0.335,0.223,5.8154892738297e-38,"7","CMTM3"
1.17620647820563e-41,0.668454041253586,0.294,0.19,2.31630341753034e-37,"7","CCSER2"
2.25214972708263e-41,0.51198743103014,0.443,0.323,4.43515845754382e-37,"7","RPN1"
3.40415542930611e-41,0.61466483150347,0.348,0.238,6.70380328693253e-37,"7","RNF166"
5.41996285855773e-41,0.616053021996375,0.297,0.192,1.06735328573577e-36,"7","RNF19A"
6.26233447273898e-41,0.627414499804128,0.293,0.19,1.23324152771649e-36,"7","PDIA4"
8.18057052652676e-41,0.533452300111767,0.408,0.291,1.61099975378892e-36,"7","RNF167"
1.45493862172162e-40,0.697629629570467,0.263,0.165,2.86521062775638e-36,"7","ZBTB38"
4.14572373807077e-40,0.58696387753705,0.356,0.245,8.16417375738276e-36,"7","SNRK"
3.41641651482606e-39,0.511447947823851,0.411,0.294,6.72794904264696e-35,"7","SPCS3"
4.28453221518245e-39,0.566842722811586,0.37,0.259,8.4375292913588e-35,"7","SSR3"
4.8098872390681e-39,0.5572155182012,0.356,0.245,9.47211093989682e-35,"7","ANP32E"
4.91283224301896e-39,0.552667378942054,0.374,0.263,9.67484053617724e-35,"7","RNF126"
2.198149645242e-38,0.581123181505811,0.323,0.217,4.32881609637508e-34,"7","MFSD10"
6.93214510249271e-37,0.597639820043754,0.3,0.199,1.36514733503389e-32,"7","ARHGAP25"
1.69020256901066e-35,0.646159502927451,0.287,0.192,3.3285159191527e-31,"7","FAM117A"
6.21483879374409e-35,0.568247003438203,0.328,0.227,1.22388820365202e-30,"7","HMGN4"
1.2531158251381e-34,0.578487734844098,0.293,0.197,2.46776099444446e-30,"7","HELZ"
2.19020034919196e-34,0.623730854004948,0.273,0.181,4.31316154766373e-30,"7","MESD"
7.37651512633472e-34,0.629438183762091,0.264,0.173,1.4526571238291e-29,"7","FAM177A1"
2.57777321836594e-33,0.552230954308064,0.305,0.208,5.07640879892804e-29,"7","GDI1"
4.21092046024046e-33,0.578735555731775,0.312,0.216,8.29256566235154e-29,"7","GOLGA4"
1.05712002476424e-32,0.520006967150576,0.342,0.241,2.08178646476821e-28,"7","DYNLT1"
1.16094942190438e-32,0.593431391359585,0.256,0.167,2.28625769655629e-28,"7","IDI1"
1.94137983415733e-32,0.546367390586316,0.309,0.213,3.82315930740603e-28,"7","LY9"
7.68974286009247e-32,0.571007239859903,0.266,0.177,1.51434106143801e-27,"7","OFD1"
9.83654723174025e-32,0.585354916008415,0.302,0.209,1.93711124634661e-27,"7","SRM"
2.2038996335357e-31,0.607840082276312,0.264,0.177,4.34013954832185e-27,"7","MAP4K1"
2.67486422673615e-31,0.513619853798638,0.36,0.262,5.2676101217115e-27,"7","MAGOH"
3.2388538971941e-31,0.634297812242881,0.274,0.187,6.37827497974435e-27,"7","NFE2L2"
6.55979621302769e-31,0.61462848811993,0.252,0.167,1.29182066823154e-26,"7","EMC7"
8.94025316564748e-31,0.530503741671387,0.312,0.218,1.76060405591096e-26,"7","C5orf56"
2.59028053062934e-30,0.565861106565706,0.272,0.184,5.10103944896836e-26,"7","CCND2"
5.66629819087339e-30,0.55792618571938,0.269,0.181,1.1158641027287e-25,"7","RCN2"
2.52087751025887e-29,0.576272120682561,0.256,0.172,4.96436408095279e-25,"7","ABT1"
2.62875952806701e-29,0.545855809552804,0.293,0.204,5.17681613862236e-25,"7","SRP19"
6.56125611424461e-27,0.522325645107354,0.297,0.211,1.29210816657819e-22,"7","PDLIM2"
1.43211387264768e-26,0.53852693744919,0.266,0.184,2.82026184940507e-22,"7","TMEM9B"
1.37107823695673e-25,0.544577419907228,0.252,0.174,2.70006437203888e-21,"7","SYAP1"
2.23643788013758e-23,0.525047638065541,0.262,0.186,4.40421711735493e-19,"7","SEC61A1"
7.00347014144723e-22,0.52241621877147,0.25,0.178,1.3791933749552e-17,"7","CDC73"
0,6.05685301102733,1,0.026,0,"8","TRBV20-1"
5.22337131319208e-298,0.835611839309737,0.982,0.721,1.02863851270692e-293,"8","LTB"
2.05098245844094e-286,0.78590980353679,0.965,0.728,4.03899975540775e-282,"8","LDHB"
3.30381356596873e-254,1.126940675721,0.635,0.301,6.50620005546223e-250,"8","MAL"
8.32015640682152e-243,0.946220157709251,0.738,0.38,1.63848840119536e-238,"8","LEF1"
1.78681346287137e-240,0.886250926054602,0.829,0.486,3.51877175243259e-236,"8","TCF7"
2.73067189957733e-240,0.804229740026923,0.915,0.599,5.37751217183764e-236,"8","IL7R"
3.29842754232559e-210,0.563356830569201,0.991,0.897,6.49559335910178e-206,"8","SARAF"
2.99098823962584e-203,0.632053141144775,0.981,0.701,5.89015314029517e-199,"8","CD3E"
5.34680492811207e-175,0.873616818539712,0.639,0.347,1.05294629449311e-170,"8","CAMK4"
6.09387820707448e-169,0.841600192086568,0.684,0.394,1.20006743531918e-164,"8","FLT3LG"
2.34153042220678e-168,0.761030685560308,0.797,0.542,4.6111758604518e-164,"8","NOSIP"
3.18272369095715e-160,0.63528122435767,0.848,0.533,6.26773776460192e-156,"8","CD3D"
2.94178315024636e-157,1.01865836299065,0.486,0.241,5.79325355778015e-153,"8","INPP4B"
1.48808772033762e-153,1.03548181284891,0.474,0.236,2.93049114766088e-149,"8","AQP3"
4.86486022593545e-152,0.726071615695732,0.773,0.512,9.58036924293468e-148,"8","LEPROTL1"
1.00118907520939e-149,0.938903181380347,0.562,0.311,1.97164164580985e-145,"8","RCAN3"
9.92604244447432e-145,0.807659983426559,0.663,0.404,1.95473553859033e-140,"8","PIK3IP1"
2.91437697913376e-140,0.95160927418392,0.51,0.272,5.73928258500811e-136,"8","CD5"
6.31513589781563e-132,0.843560397374908,0.582,0.337,1.24363971235683e-127,"8","PRKCQ-AS1"
2.55803265290011e-127,1.03693112865477,0.415,0.208,5.03753370335618e-123,"8","TRAT1"
6.09347196092263e-126,0.682278461583259,0.677,0.415,1.19998743326449e-121,"8","CD3G"
1.67125572657237e-124,0.747772477007766,0.64,0.395,3.29120390233897e-120,"8","LINC00861"
4.77511166889691e-124,0.567953198914893,0.878,0.689,9.40362740955869e-120,"8","GAS5"
1.84963300721985e-123,0.57809514219706,0.858,0.636,3.64248228111804e-119,"8","PCED1B-AS1"
8.31806776887896e-118,0.779318981185711,0.571,0.337,1.63807708572533e-113,"8","CD6"
4.35832213315975e-111,0.892168977522325,0.404,0.206,8.58284377683149e-107,"8","TRABD2A"
1.39056816629522e-108,0.85477089405929,0.453,0.247,2.73844588988517e-104,"8","TESPA1"
7.6157498540532e-108,0.747962466628791,0.554,0.33,1.4997696187587e-103,"8","CD27"
1.64335253884184e-104,0.798138850310842,0.506,0.293,3.23625415474125e-100,"8","CCR7"
5.96838996267527e-101,0.764106053623395,0.542,0.331,1.17535503534964e-96,"8","GIMAP5"
6.50076820630215e-101,0.808801440160055,0.495,0.292,1.28019628286708e-96,"8","DGKA"
1.8659929369683e-100,0.614649386268916,0.671,0.436,3.67469989077166e-96,"8","LIME1"
5.0324878928248e-100,0.542894236135799,0.835,0.647,9.91047840733988e-96,"8","C12orf57"
2.09387798004596e-98,0.591624884672679,0.687,0.453,4.12347390610451e-94,"8","SPOCK2"
2.17568760573463e-96,0.603846560026024,0.726,0.529,4.2845816019732e-92,"8","TMEM123"
3.91494385422672e-96,0.60607753842174,0.755,0.563,7.70969893212868e-92,"8","ETS1"
1.04365899927128e-87,1.03475637085066,0.276,0.131,2.05527766726492e-83,"8","CHRM3-AS2"
5.25284227910543e-86,0.709766069778164,0.552,0.361,1.03444223002423e-81,"8","PIM1"
9.87436691978617e-85,0.585619206063234,0.661,0.452,1.94455907751349e-80,"8","GIMAP7"
5.53258734893297e-84,0.717174125354406,0.493,0.303,1.08953242662537e-79,"8","ITK"
3.11232489433957e-82,0.86405928539531,0.385,0.217,6.12910141442291e-78,"8","MYC"
3.40543425143325e-82,1.02866482590877,0.262,0.125,6.7063216713475e-78,"8","AP3M2"
5.99733255234566e-81,0.718856185561377,0.474,0.29,1.18105469953343e-76,"8","BCL11B"
1.78480464578289e-77,0.814185147174427,0.373,0.212,3.51481578894025e-73,"8","SERINC5"
3.57414092157306e-77,0.519088355807712,0.733,0.552,7.03855571685382e-73,"8","SOD1"
3.54089058258461e-74,0.591134020873035,0.61,0.427,6.97307582428387e-70,"8","ARHGAP15"
1.05590883657012e-72,0.657574520002389,0.507,0.329,2.07940127185753e-68,"8","PBXIP1"
1.78609825195125e-71,0.558098954683824,0.634,0.453,3.51736328756761e-67,"8","MCUB"
2.59660970429555e-70,0.679091057500298,0.459,0.286,5.11350349066923e-66,"8","OXNAD1"
1.28024451236508e-67,0.635365532156469,0.5,0.327,2.52118551820055e-63,"8","PLSCR3"
1.30003510237316e-67,0.812083798851202,0.321,0.178,2.56015912710346e-63,"8","GPR183"
5.90303759478559e-66,0.708250712437475,0.403,0.245,1.16248519354113e-61,"8","IL6ST"
8.13632421814739e-66,0.7145397872557,0.423,0.262,1.60228632827977e-61,"8","PIM2"
1.49711425750425e-65,0.503434189148841,0.604,0.418,2.94826710730312e-61,"8","DNAJB1"
2.53448295540739e-65,0.584209448494103,0.491,0.316,4.99115728408378e-61,"8","TC2N"
2.50985547447558e-64,0.985461527979077,0.253,0.132,4.94265838588476e-60,"8","FHIT"
1.35764059215959e-63,0.534654045294669,0.63,0.46,2.67360161813988e-59,"8","SNHG8"
1.91445613522206e-62,0.843284766245739,0.289,0.159,3.77013846709281e-58,"8","STMN3"
4.83974111821671e-62,0.706956470134359,0.405,0.252,9.53090218410416e-58,"8","ARID5B"
2.98545225438641e-61,0.753602254087506,0.383,0.237,5.87925112456316e-57,"8","ITM2A"
2.20005934582845e-60,0.672342803161426,0.423,0.27,4.33257686973997e-56,"8","BCL2"
2.46890089528883e-59,0.637685811614309,0.495,0.337,4.86200653309229e-55,"8","CYLD"
5.07994396091532e-59,0.850806378769496,0.288,0.162,1.00039336422305e-54,"8","FAM102A"
4.20895054522512e-58,0.637988229417017,0.413,0.26,8.28868630871183e-54,"8","PCED1B"
7.95771435885436e-58,0.858257073599147,0.28,0.157,1.56711268868919e-53,"8","TNFSF8"
9.81951726129371e-58,0.780656268661686,0.318,0.186,1.93375753426657e-53,"8","KCNA3"
1.06774847052093e-57,0.514584097826944,0.528,0.357,2.10271706299686e-53,"8","CD2"
7.03324919914964e-57,0.500047378568931,0.645,0.488,1.38505776478854e-52,"8","NDFIP1"
2.65176311497562e-56,0.649013573367613,0.44,0.289,5.22211710232149e-52,"8","OCIAD2"
1.24833198730318e-55,0.798280192584075,0.282,0.159,2.45834018259614e-51,"8","ITGA6"
2.31270390630073e-55,0.807002691664532,0.32,0.19,4.55440780267803e-51,"8","SOCS3"
1.11943703298446e-53,0.540958413953106,0.536,0.378,2.2045073490563e-49,"8","PSIP1"
1.86607876464175e-53,0.5799362370358,0.394,0.247,3.674868911209e-49,"8","CD4"
1.94246471666057e-53,0.731271051164169,0.336,0.205,3.82529576651966e-49,"8","THEM4"
1.12559132584364e-52,0.64338268643154,0.409,0.265,2.21662699798388e-48,"8","S1PR1"
6.18853465283503e-52,0.604775832505714,0.479,0.333,1.2187081291828e-47,"8","GIMAP1"
1.07071759817807e-51,0.721171748580942,0.335,0.206,2.10856416609207e-47,"8","THOC3"
9.84811934834068e-51,0.559916647626287,0.532,0.389,1.93939014326873e-46,"8","CDKN1B"
1.22020174213301e-49,0.618001166462793,0.387,0.25,2.40294329078253e-45,"8","PDE3B"
2.62870985191172e-49,0.57035169378907,0.45,0.305,5.17671831136975e-45,"8","ABLIM1"
2.99581563823854e-48,0.785576370740921,0.274,0.16,5.89965973638315e-44,"8","SH3YL1"
7.14362852881488e-48,0.810430565592086,0.259,0.149,1.40679476617951e-43,"8","MLLT3"
7.65185852410933e-48,0.651958790688914,0.398,0.265,1.50688049915285e-43,"8","TTC39C"
1.23620414460383e-47,0.6128366981307,0.424,0.287,2.43445682196832e-43,"8","AC243960.1"
3.27607256976257e-46,0.500197457175389,0.509,0.364,6.45156971163344e-42,"8","TNFAIP8"
1.45208019718663e-45,0.741299298441805,0.301,0.185,2.85958153231963e-41,"8","ITPKB"
1.69477934486843e-45,0.601713283552541,0.408,0.274,3.3375289638494e-41,"8","SATB1"
7.06722324672799e-45,0.519400478817512,0.335,0.206,1.39174827397814e-40,"8","NELL2"
1.48117623977583e-43,0.702471755619877,0.332,0.214,2.91688036899054e-39,"8","MDFIC"
2.51108914997098e-43,0.534369582237931,0.377,0.247,4.94508786303785e-39,"8","LDLRAP1"
3.57597936725616e-42,0.680177413690709,0.315,0.199,7.04217616793755e-38,"8","TRAC"
7.30786227006731e-42,0.738818981825187,0.277,0.17,1.43913731684436e-37,"8","SELENOM"
1.00329769983428e-40,0.505811790167623,0.499,0.368,1.97579416028365e-36,"8","ATP1A1"
1.50186301956389e-40,0.621743719454242,0.338,0.22,2.95761884442716e-36,"8","SFXN1"
3.88701173627184e-40,0.675561610391031,0.301,0.191,7.65469221224014e-36,"8","RASGRP1"
9.72199836952308e-40,0.640337909053472,0.268,0.162,1.91455313891018e-35,"8","PLCG1"
1.9047066510239e-39,0.713602441169954,0.287,0.181,3.75093880786137e-35,"8","CHMP7"
5.69297918893353e-39,0.516704939176241,0.451,0.323,1.12111839167668e-34,"8","ABHD14B"
8.06656991403806e-38,0.585686022987008,0.39,0.272,1.58854961317152e-33,"8","CDC25B"
3.66476551352782e-37,0.674059384671389,0.305,0.198,7.21702272579033e-33,"8","TAB2"
2.08129653661715e-36,0.591277104569623,0.344,0.232,4.09869726956015e-32,"8","MAML2"
4.47677820591775e-36,0.613671184954286,0.278,0.176,8.81611932091382e-32,"8","BIRC3"
1.79779971572331e-35,0.505652906793126,0.454,0.338,3.54040698017391e-31,"8","PPA1"
3.43013554619183e-35,0.512334074688004,0.417,0.299,6.75496593111558e-31,"8","MZT2A"
3.44889195091167e-35,0.596873526389058,0.332,0.223,6.79190291893034e-31,"8","DANCR"
7.91657211147233e-34,0.56452109171547,0.322,0.215,1.55901054591225e-29,"8","PAG1"
1.47023768142639e-33,0.616360203087344,0.346,0.241,2.895339066033e-29,"8","TRADD"
3.10007503344484e-33,0.617430310866425,0.284,0.185,6.10497776336292e-29,"8","ATP6V0E2"
2.95562324469674e-32,0.570583175919592,0.387,0.279,5.82050885578128e-28,"8","CORO1B"
1.03396296191291e-30,0.620798775498122,0.255,0.164,2.0361832608951e-26,"8","CDC14A"
3.54238884144139e-30,0.606170759831516,0.274,0.181,6.97602634545053e-26,"8","SCML4"
2.83337701819231e-29,0.548801936248694,0.313,0.216,5.57976936192611e-25,"8","UBQLN2"
1.6561636001526e-28,0.51893060663157,0.359,0.259,3.26148297778051e-24,"8","SNHG32"
4.21713899581544e-28,0.543008734144059,0.272,0.18,8.30481182445934e-24,"8","GATA3"
2.11523014993632e-27,0.600059676671259,0.273,0.184,4.16552273426959e-23,"8","FOXO1"
1.11040137666974e-26,0.529447710081588,0.296,0.204,2.18671343107572e-22,"8","SLC2A4RG"
3.02808711537453e-26,0.504396112442304,0.307,0.214,5.96321195630707e-22,"8","LY9"
4.65949804346266e-25,0.50768276226641,0.274,0.187,9.17594949699102e-21,"8","KLHDC2"
8.76787711509655e-24,0.549492618883037,0.286,0.202,1.72665804027596e-19,"8","TOB1"
5.77241274983798e-23,0.564858239534926,0.277,0.195,1.13676124282559e-18,"8","USP10"
9.73157209752706e-20,0.502319318096174,0.266,0.191,1.916438493166e-15,"8","LETMD1"
0,7.823534026876,0.99,0.038,0,"9","TUBB1"
0,7.6521228727981,0.981,0.037,0,"9","GP1BB"
0,7.23977514772982,0.981,0.044,0,"9","CAVIN2"
0,7.38974303380199,0.982,0.045,0,"9","PF4"
0,7.42224080784805,0.962,0.037,0,"9","GNG11"
0,7.31416863186025,0.962,0.038,0,"9","SPARC"
0,7.6887123705237,0.936,0.028,0,"9","MPIG6B"
0,7.77274135924117,0.999,0.099,0,"9","PPBP"
0,8.03658058974973,0.916,0.019,0,"9","GP9"
0,6.84584375647549,0.953,0.057,0,"9","CLU"
0,6.25497491952049,0.93,0.068,0,"9","F13A1"
0,6.88209911977284,0.983,0.125,0,"9","NRGN"
0,7.09700216254815,0.865,0.043,0,"9","PRKAR2B"
0,7.7138469287895,0.839,0.018,0,"9","ITGA2B"
0,6.3015180892884,0.901,0.084,0,"9","HIST1H2AC"
0,7.44989283311502,0.829,0.025,0,"9","MYL9"
0,7.47477515894441,0.819,0.018,0,"9","TREML1"
0,7.88560628509873,0.782,0.013,0,"9","CMTM5"
0,6.43982060759275,0.81,0.06,0,"9","RGS18"
0,7.78920526944848,0.753,0.014,0,"9","ITGB3"
0,6.57019473169973,0.763,0.031,0,"9","PTGS1"
0,5.14329809915462,0.856,0.151,0,"9","VCL"
0,2.55730077579909,0.992,0.307,0,"9","CCL5"
0,5.98393544937535,0.729,0.05,0,"9","MAP3K7CL"
0,5.23757805897125,0.753,0.082,0,"9","PGRMC1"
0,4.28880446036912,0.904,0.249,0,"9","CTSA"
0,4.98266323640955,0.76,0.11,0,"9","MPP1"
0,4.59479713626206,0.872,0.229,0,"9","LIMS1"
0,4.96904215304017,0.712,0.076,0,"9","PDLIM1"
0,6.60191924846784,0.656,0.021,0,"9","TRIM58"
0,4.43542744100617,0.792,0.168,0,"9","GRAP2"
0,6.93839452898438,0.642,0.03,0,"9","TSC22D1"
0,5.22136710024658,0.69,0.078,0,"9","PARVB"
0,5.85782852449336,0.654,0.043,0,"9","MTURN"
0,4.14934927011954,0.88,0.27,0,"9","TPM4"
0,5.49227332593351,0.665,0.062,0,"9","MMD"
0,7.92411706996201,0.611,0.009,0,"9","TMEM40"
0,4.44525245671854,0.905,0.304,0,"9","NCOA4"
0,6.98499749312573,0.612,0.019,0,"9","ACRBP"
0,4.37581615528126,0.85,0.264,0,"9","TUBA4A"
0,5.49784094094738,0.625,0.047,0,"9","TPM1"
0,4.35212284375907,0.762,0.187,0,"9","ILK"
0,4.56254920417071,0.678,0.107,0,"9","MARCH2"
0,4.2877026011738,0.7,0.13,0,"9","BEX3"
0,7.11317656056753,0.581,0.013,0,"9","C2orf88"
0,5.62263648122086,0.596,0.028,0,"9","SNCA"
0,4.27399016174003,0.762,0.197,0,"9","ODC1"
0,4.12005317254255,0.749,0.186,0,"9","YWHAH"
0,4.55167633101812,0.67,0.111,0,"9","RUFY1"
0,7.71933930235421,0.552,0.007,0,"9","SEPTIN5"
0,5.43185987194817,0.568,0.027,0,"9","THBS1"
0,6.47399068024036,0.552,0.019,0,"9","AP003068.2"
0,7.25011410544919,0.536,0.011,0,"9","C19orf33"
0,6.15372623604698,0.551,0.028,0,"9","HIST1H3H"
0,4.11923219503093,0.661,0.142,0,"9","RNF11"
0,7.64490927886641,0.528,0.009,0,"9","ESAM"
0,7.28441923714047,0.525,0.011,0,"9","PF4V1"
0,6.66721881623631,0.512,0.013,0,"9","GMPR"
0,3.65642542656318,0.831,0.332,0,"9","FERMT3"
0,5.99596890714562,0.522,0.026,0,"9","CD9"
0,5.4055783407048,0.532,0.04,0,"9","TSPAN33"
0,4.57093464362385,0.561,0.071,0,"9","CDKN1A"
0,3.61230796364456,0.841,0.366,0,"9","MAX"
0,3.66825309609683,0.942,0.469,0,"9","TLN1"
0,6.98646621891484,0.478,0.009,0,"9","PTCRA"
0,3.42242078689519,0.679,0.211,0,"9","ACTN1"
0,1.90160846467903,0.929,0.461,0,"9","SAT1"
0,7.94150135452466,0.473,0.005,0,"9","CLEC1B"
0,4.56143134725141,0.532,0.067,0,"9","FHL1"
0,6.18965353838365,0.483,0.018,0,"9","CA2"
0,3.49048358262392,0.64,0.176,0,"9","MFSD1"
0,6.59510813706456,0.477,0.013,0,"9","SH3BGRL2"
0,6.65169755241726,0.475,0.013,0,"9","GUCY1B1"
0,7.33705232110346,0.469,0.007,0,"9","AC147651.1"
0,2.77838335825085,0.801,0.343,0,"9","TIMP1"
0,8.01076765677344,0.461,0.005,0,"9","GP1BA"
0,6.00721652261628,0.478,0.023,0,"9","GAS2L1"
0,4.96912078236797,0.498,0.045,0,"9","DMTN"
0,7.86007942801431,0.458,0.005,0,"9","ALOX12"
0,7.98608322625527,0.455,0.005,0,"9","TUBA8"
0,4.10375339317124,0.559,0.116,0,"9","TUBA1C"
0,6.77147691204834,0.451,0.011,0,"9","AP001189.1"
0,7.4877024054762,0.439,0.006,0,"9","FAXDC2"
0,3.23938112846126,0.896,0.464,0,"9","RGS10"
0,3.51540472010057,0.589,0.16,0,"9","STOM"
0,4.37464851417292,0.497,0.07,0,"9","PLA2G12A"
0,7.23145255389622,0.432,0.007,0,"9","MYLK"
0,4.28859386731539,0.47,0.054,0,"9","LMNA"
0,5.89479065493402,0.431,0.021,0,"9","AP000547.3"
0,3.91239719862734,0.504,0.095,0,"9","SNN"
0,3.04964362309908,0.923,0.517,0,"9","CALM3"
0,3.343374135714,0.638,0.234,0,"9","PTPN18"
0,5.85984300618616,0.422,0.018,0,"9","ABCC3"
0,5.47081459347276,0.424,0.023,0,"9","MGLL"
0,7.65736212605138,0.404,0.005,0,"9","LTBP1"
0,3.89289957177987,0.499,0.101,0,"9","CD151"
0,7.97011134972374,0.399,0.004,0,"9","LY6G6F"
0,5.90013753018774,0.413,0.018,0,"9","EHD3"
0,4.59935064447202,0.444,0.051,0,"9","ARHGAP18"
0,3.19857519569027,0.616,0.224,0,"9","CYB5R3"
0,3.26804711220357,0.609,0.22,0,"9","RSU1"
0,7.24594355462744,0.395,0.007,0,"9","LINC00989"
0,3.21663170941022,0.636,0.249,0,"9","RAB11A"
0,7.0303648591577,0.393,0.007,0,"9","CTDSPL"
0,6.269822806592,0.388,0.01,0,"9","CLDN5"
0,6.66990285773476,0.387,0.011,0,"9","HIST1H2BJ"
0,7.51335864494969,0.376,0.005,0,"9","SELP"
0,3.08377506121403,0.596,0.225,0,"9","SNAP23"
0,5.67688765052879,0.393,0.024,0,"9","RAB27B"
0,3.01667701376105,0.587,0.219,0,"9","ADIPOR1"
0,3.44617971401899,0.467,0.099,0,"9","GSN"
0,3.52005413362071,0.556,0.19,0,"9","NT5C3A"
0,2.85425950427691,0.76,0.394,0,"9","PRDX6"
0,4.42575658888105,0.412,0.051,0,"9","SMIM3"
0,2.96904309161644,0.765,0.406,0,"9","KIF2A"
0,2.94304336191949,0.953,0.597,0,"9","RAP1B"
0,2.53618379268916,0.973,0.617,0,"9","PKM"
0,2.89706416815459,0.628,0.272,0,"9","WBP2"
0,4.49220377641722,0.401,0.048,0,"9","ENDOD1"
0,7.30185576672431,0.358,0.005,0,"9","CTTN"
0,7.47082943609068,0.356,0.004,0,"9","AL731557.1"
0,5.52778085813261,0.368,0.018,0,"9","ZNF185"
0,7.65499750530888,0.35,0.004,0,"9","PDGFA"
0,6.82069792088947,0.353,0.009,0,"9","MMRN1"
0,1.81546767836591,0.991,0.648,0,"9","SRGN"
0,3.66163201641374,0.431,0.089,0,"9","RAB32"
0,6.93226938065361,0.349,0.007,0,"9","ARHGAP6"
0,3.1705742030009,0.553,0.212,0,"9","EIF2AK1"
0,2.62679148233321,0.732,0.402,0,"9","LAMTOR1"
0,2.18030532729883,0.952,0.622,0,"9","GPX4"
0,6.98716414487522,0.336,0.007,0,"9","SMOX"
0,2.66067379287681,0.601,0.273,0,"9","DYNLL1"
0,5.19322599722226,0.351,0.026,0,"9","DAB2"
0,3.76659013725148,0.398,0.074,0,"9","CDK2AP1"
0,3.10178179263477,0.465,0.142,0,"9","ANO6"
0,7.01755751686239,0.328,0.006,0,"9","SCN1B"
0,3.51224781199299,0.423,0.101,0,"9","MGAT4B"
0,2.51560587060821,0.688,0.367,0,"9","MTPN"
0,2.24266337123462,0.918,0.598,0,"9","FLNA"
0,2.61985052306837,0.657,0.339,0,"9","CDKN2D"
0,3.14702958939866,0.912,0.596,0,"9","TGFB1"
0,5.82764679878367,0.33,0.014,0,"9","JAM3"
0,3.42108177880497,0.412,0.096,0,"9","DAPP1"
0,6.77834142208285,0.322,0.007,0,"9","PDE5A"
0,3.13723169074487,0.448,0.134,0,"9","SLC40A1"
0,7.47811414768573,0.317,0.004,0,"9","PROS1"
0,1.57913234198392,0.951,0.643,0,"9","CD99"
0,2.7488441968373,0.477,0.173,0,"9","APP"
0,4.264838302667,0.342,0.043,0,"9","MLH3"
0,7.67472223618107,0.301,0.003,0,"9","ITGB5"
0,6.26731403850144,0.306,0.009,0,"9","NT5M"
0,7.25836399620428,0.299,0.004,0,"9","SPX"
0,2.69407346123772,0.497,0.202,0,"9","TPST2"
0,2.08631965589273,0.771,0.478,0,"9","ZYX"
0,2.0818750891862,0.767,0.474,0,"9","FKBP1A"
0,2.43500590603719,0.812,0.52,0,"9","NAP1L1"
0,2.49064374316365,0.409,0.118,0,"9","CD36"
0,7.15330791224052,0.295,0.004,0,"9","GFI1B"
0,1.82747049466703,0.96,0.669,0,"9","CCND3"
0,4.33850050699633,0.339,0.049,0,"9","TMEM140"
0,3.22233352038272,0.41,0.12,0,"9","CMIP"
0,3.01325890598567,0.468,0.18,0,"9","ETFA"
0,7.20807065905282,0.292,0.004,0,"9","ENKUR"
0,2.02978601668032,0.966,0.68,0,"9","MYH9"
0,3.11559507606461,0.396,0.111,0,"9","LEPROT"
0,3.42257515371864,0.363,0.078,0,"9","TAX1BP3"
0,2.78562609995227,0.952,0.667,0,"9","GNAS"
0,7.57684545248955,0.287,0.004,0,"9","LGALSL"
0,3.64462145527986,0.349,0.067,0,"9","F11R"
0,3.52235994762471,0.35,0.071,0,"9","CORO1C"
0,2.62652574335012,0.533,0.256,0,"9","NDUFAF3"
0,5.59928374470085,0.291,0.014,0,"9","ANKRD9"
0,7.7428431427515,0.279,0.003,0,"9","AC090409.1"
0,7.20921427154212,0.279,0.004,0,"9","TAL1"
0,7.59404219187953,0.278,0.003,0,"9","ELOVL7"
0,2.35122936157826,0.729,0.454,0,"9","WDR1"
0,5.46856522250219,0.29,0.016,0,"9","NEXN"
0,1.94469353859566,0.879,0.606,0,"9","ARF1"
0,7.04829183430109,0.273,0.004,0,"9","ABLIM3"
0,2.23034214156028,0.55,0.281,0,"9","SOD2"
0,7.60512072352131,0.272,0.003,0,"9","GP6"
0,2.9311656863823,0.512,0.251,0,"9","GSTO1"
0,4.43469154418653,0.306,0.045,0,"9","NFE2"
0,3.48670285910073,0.327,0.068,0,"9","TMEM91"
0,7.36637827212565,0.262,0.004,0,"9","CXCL5"
0,6.77076195006644,0.262,0.005,0,"9","MFAP3L"
0,7.06992652719823,0.262,0.005,0,"9","STON2"
0,4.31058556829357,0.287,0.034,0,"9","MINDY1"
0,3.48818924075942,0.314,0.062,0,"9","PRKAR1B"
0,3.04236087975165,0.351,0.099,0,"9","SLA2"
0,3.17018207596142,0.34,0.09,0,"9","BCL2L1"
0,8.22304790225953,0.251,0.002,0,"9","AQP10"
0,6.22549896008133,0.257,0.008,0,"9","SMIM5"
0,1.51533579787344,0.881,0.634,0,"9","UQCRH"
0,3.26173533716683,0.329,0.082,0,"9","MCUR1"
0,3.05212626076722,0.34,0.095,0,"9","AGPAT1"
0,3.0102441887323,0.336,0.101,0,"9","CCDC92"
0,3.09839477214792,0.328,0.094,0,"9","XPNPEP1"
0,3.68843424205065,0.278,0.048,0,"9","HIST1H2BK"
0,4.27397156505187,0.258,0.029,0,"9","TST"
0,2.82415947252287,0.997,0.769,0,"9","OST4"
0,1.87274055129057,0.664,0.437,0,"9","TUBA1B"
0,3.48773469570824,0.264,0.045,0,"9","P2RX1"
0,3.11238498468175,0.287,0.069,0,"9","PYGL"
0,2.3532864589993,0.998,0.782,0,"9","ARPC1B"
0,3.41316790130378,1,0.789,0,"9","TAGLN2"
0,3.7154292351019,0.251,0.043,0,"9","MEPCE"
0,3.50951642955284,0.256,0.051,0,"9","PRUNE1"
0,1.35578741252065,0.993,0.82,0,"9","TPM3"
0,1.97329745893912,0.999,0.842,0,"9","YWHAZ"
0,2.82712316749154,0.999,0.886,0,"9","OAZ1"
0,1.78658534744821,0.994,0.894,0,"9","PPDPF"
0,2.28395128390572,1,0.909,0,"9","MYL6"
0,2.3014398353105,1,0.918,0,"9","H3F3A"
0,1.90866487636725,1,0.925,0,"9","MYL12A"
0,1.57401129375262,0.999,0.935,0,"9","ITM2B"
0,0.988259516872467,0.998,0.942,0,"9","GAPDH"
0,2.55603734219824,1,0.95,0,"9","SH3BGRL3"
0,1.48438839450504,0.997,0.958,0,"9","MT-ND2"
0,1.50068625649729,0.999,0.969,0,"9","SERF2"
0,1.77828169530502,1,0.977,0,"9","HLA-E"
0,2.0022900535743,1,0.994,0,"9","FTH1"
0,2.06480990802623,1,0.999,0,"9","ACTB"
0,2.15302984974372,1,0.999,0,"9","TMSB4X"
0,0.708900536226315,1,1,0,"9","B2M"
2.96439387504748e-323,2.58336121147572,0.475,0.21,5.837780858131e-319,"9","CAPN1"
6.78846197385873e-321,1.68801106947399,0.471,0.168,1.336851816512e-316,"9","CD68"
4.79376904234373e-311,3.01614661760741,0.3,0.083,9.44036937508751e-307,"9","MIR4435-2HG"
1.46592095682265e-306,1.88557262882276,0.609,0.34,2.88683814027085e-302,"9","ITGB1"
2.01709312053539e-304,1.10949964945133,0.68,0.296,3.97226148227034e-300,"9","FCER1G"
3.63014600532452e-304,1.18440590834271,0.949,0.697,7.14884652828557e-300,"9","ALDOA"
1.37849295238538e-300,3.03465425909192,0.3,0.086,2.71466617113254e-296,"9","UBL4A"
1.90750604586467e-288,0.845484532895019,0.998,0.962,3.75645165612129e-284,"9","ACTG1"
4.51211180826181e-278,2.57661038334418,0.372,0.137,8.88570178400999e-274,"9","RAB37"
1.88435707344554e-273,2.31897549973243,0.495,0.258,3.7108643847363e-269,"9","CAPZA2"
2.74789281521895e-261,2.71693515114282,0.419,0.187,5.41142532101068e-257,"9","TMBIM1"
5.35912806226023e-260,1.76732220193457,0.616,0.405,1.05537308930091e-255,"9","TALDO1"
1.60682777315616e-259,2.30505431465321,0.497,0.27,3.16432593367643e-255,"9","RAB1B"
2.42679476351503e-256,1.77002622513515,0.655,0.5,4.77908692779014e-252,"9","SH3BGRL"
3.53166395499785e-254,1.53634796132469,0.715,0.537,6.95490582657727e-250,"9","ARPC5"
2.96272859457659e-250,2.7699103836355,0.305,0.1,5.83450142129967e-246,"9","CD226"
8.16324663985784e-250,1.05741540739678,0.983,0.831,1.6075881607872e-245,"9","HMGB1"
1.09140883664573e-246,2.77134437746225,0.318,0.111,2.14931142200645e-242,"9","RDH11"
2.68897951746552e-246,0.951838682214981,0.979,0.82,5.29540736374485e-242,"9","RHOA"
4.29231901284458e-246,2.45780204337085,0.482,0.26,8.45286383199483e-242,"9","NORAD"
4.15179421215929e-245,2.83206313162793,0.268,0.08,8.17612834200529e-241,"9","GNB5"
9.67040781538674e-244,2.87479298413399,0.267,0.079,1.90439341108411e-239,"9","TSPOAP1-AS1"
2.29590042892145e-242,2.40642246266193,0.399,0.172,4.52131671467501e-238,"9","TUBB4B"
1.04045813027819e-240,2.85930610909839,0.279,0.088,2.04897419595684e-236,"9","SLC39A3"
3.18943715444882e-240,2.61770084389426,0.366,0.147,6.28095858825605e-236,"9","PTPRJ"
3.33958107965298e-236,2.31830346623489,0.457,0.235,6.57663702016061e-232,"9","HACD4"
3.58640819496818e-229,1.08560351015622,0.903,0.674,7.06271365835084e-225,"9","CAPZB"
2.22337900023823e-227,2.82491302563291,0.278,0.09,4.37850026516915e-223,"9","CLCN3"
1.26776446225349e-213,2.72762539869393,0.312,0.117,2.4966085555158e-209,"9","CARD19"
4.3886205922514e-211,2.28016314874162,0.417,0.208,8.64251053232069e-207,"9","SPINT2"
3.77215818487477e-208,2.0954727350393,0.517,0.34,7.42851111347389e-204,"9","R3HDM4"
8.57376396975245e-208,1.13284513525907,0.936,0.732,1.68843133856335e-203,"9","MBNL1"
2.02937039930704e-206,0.756064646329845,0.997,0.974,3.99643912735535e-202,"9","CFL1"
2.50058996315933e-198,2.01503040423374,0.475,0.261,4.92441181444966e-194,"9","PLEK"
2.7406186704281e-198,1.38794224746678,0.708,0.56,5.39710034767406e-194,"9","BIN2"
2.0946195809205e-197,2.3717436615317,0.422,0.218,4.12493434070675e-193,"9","PLEKHO1"
1.45712558308509e-196,3.07500478889221,0.255,0.084,2.86951741076947e-192,"9","FAM110A"
4.00206039770017e-190,2.71310877122145,0.253,0.085,7.88125754119095e-186,"9","CYB5R1"
1.14968527894164e-189,2.24378035510721,0.42,0.224,2.26407521981977e-185,"9","TLK1"
3.53075641607445e-181,2.35719339804795,0.334,0.148,6.9531186101754e-177,"9","NPTN"
3.57391839798903e-181,1.54337501499313,0.625,0.515,7.0381175011598e-177,"9","C9orf16"
5.01962049246179e-180,1.23463003425233,0.776,0.593,9.88513863580501e-176,"9","CAP1"
6.00344800909129e-173,2.25612372113275,0.371,0.186,1.18225901643035e-168,"9","NENF"
7.09688498552703e-171,0.644691790248605,0.998,0.976,1.39758956019984e-166,"9","ARHGDIB"
1.01623837381937e-170,1.60731395027079,0.588,0.51,2.00127822956248e-166,"9","FKBP8"
1.3585377433271e-169,2.26847502214715,0.405,0.224,2.67536837793406e-165,"9","PYCR2"
1.94684930230557e-169,2.22452921323453,0.43,0.25,3.83393033103036e-165,"9","RIOK3"
3.30519754331582e-165,0.888048039396917,0.852,0.638,6.50892552205184e-161,"9","MSN"
8.84807717575489e-161,1.63247290707597,0.574,0.489,1.74245183822141e-156,"9","TRAPPC1"
1.75189949822948e-159,0.999876420396896,0.818,0.627,3.45001568186331e-155,"9","ARL6IP5"
4.64825454267933e-159,2.09206530288518,0.428,0.261,9.15380767089841e-155,"9","NUTF2"
9.06147354777846e-159,1.54285704302621,0.512,0.338,1.78447598576401e-154,"9","STXBP2"
3.70309018228606e-152,1.66336760429486,0.548,0.452,7.29249549597594e-148,"9","SNX3"
7.66691975657307e-150,2.23088800013714,0.344,0.174,1.50984650766193e-145,"9","EMC3"
1.99667396852817e-148,2.15524826453211,0.425,0.262,3.93205004622252e-144,"9","NCK2"
4.44428278638704e-145,2.24463503201171,0.308,0.142,8.75212609123199e-141,"9","YIF1B"
1.40785536261638e-144,1.87328753649552,0.312,0.137,2.77248956560043e-140,"9","RAB31"
2.86194475062778e-137,2.02140048574461,0.38,0.217,5.6360277974113e-133,"9","ATP2A3"
1.34798432918889e-133,2.22415051319031,0.317,0.157,2.65458553947168e-129,"9","MAGED2"
1.77839432193089e-129,1.86956277707372,0.383,0.223,3.5021919381785e-125,"9","RTN3"
1.77131823979914e-120,2.11634953910184,0.364,0.213,3.48825700963645e-116,"9","H2AFJ"
1.14366211650222e-119,1.59915764089754,0.506,0.418,2.25221380602783e-115,"9","TMEM50A"
1.28003805904934e-118,0.525095490926776,0.994,0.938,2.52077894968587e-114,"9","MT-ATP8"
1.58748851129516e-117,1.9915694521611,0.362,0.216,3.12624112529357e-113,"9","VDAC3"
3.90015487538995e-117,0.821603513186321,0.839,0.666,7.68057499610543e-113,"9","SSR4"
8.40607531673244e-116,1.76279650296831,0.364,0.206,1.65540841212412e-111,"9","C12orf75"
1.17602114288016e-115,2.19745999473598,0.252,0.112,2.31593843667389e-111,"9","IKBKG"
1.49738819372688e-112,1.42272347646501,0.541,0.484,2.94880656990635e-108,"9","WIPF1"
7.7038072712909e-110,2.13179599100065,0.301,0.159,1.51711076593532e-105,"9","CAMTA1"
1.60310771431293e-102,1.78891073184145,0.375,0.238,3.15700002179646e-98,"9","RABGAP1L"
1.42488783068186e-97,1.90503080655501,0.348,0.217,2.80603160496178e-93,"9","MAPRE2"
1.19990066893247e-93,1.83725146761004,0.393,0.274,2.36296438732871e-89,"9","DNAJB6"
5.22726209017996e-92,2.14178714623849,0.267,0.14,1.02940472341914e-87,"9","SPNS1"
4.69628718567375e-86,1.90805645680093,0.31,0.186,9.24839835474731e-82,"9","RAB4A"
4.1028292676283e-85,1.40468834676128,0.368,0.234,8.07970167674042e-81,"9","PECAM1"
4.10647987068886e-81,1.68994636569839,0.385,0.276,8.08689080934757e-77,"9","PIP4K2A"
4.68893957698181e-80,1.53055523967627,0.284,0.154,9.23392870895028e-76,"9","YBX3"
6.86504170479416e-77,1.99791836269224,0.271,0.156,1.35193266292511e-72,"9","CERS2"
1.13436209231773e-76,1.81355562827933,0.305,0.189,2.23389926840131e-72,"9","HDGF"
5.00492966769951e-76,1.55273286480484,0.415,0.326,9.85620799460065e-72,"9","STMP1"
7.79216260476542e-76,1.95444679022925,0.287,0.171,1.53451058175645e-71,"9","PPP3R1"
8.12680903495563e-74,0.744714857513501,0.884,0.639,1.60041250325381e-69,"9","CLIC1"
2.07287604758283e-71,1.37160009745806,0.408,0.303,4.08211480050486e-67,"9","ASAH1"
6.4567347218018e-70,1.83621477963442,0.256,0.144,1.27152476876443e-65,"9","UBA7"
7.21596544449292e-70,1.88752055059126,0.256,0.145,1.42104007498399e-65,"9","CENPT"
3.78353678875249e-69,1.13679841263643,0.534,0.468,7.45091899809028e-65,"9","RAC1"
4.66356526822841e-69,1.65310566596682,0.319,0.21,9.18395908272221e-65,"9","TPP1"
1.90586660832922e-68,1.5526887840672,0.402,0.319,3.75322311178273e-64,"9","SLC44A2"
7.50912647483004e-64,1.8721957175163,0.265,0.16,1.47877227668828e-59,"9","DAP"
3.7268855696866e-62,1.63744957399638,0.365,0.28,7.33935575238382e-58,"9","MKRN1"
8.59392620220121e-61,1.80709581292768,0.316,0.219,1.69240188699948e-56,"9","AKIRIN2"
8.68963098418628e-61,1.41263003979394,0.438,0.394,1.7112490297158e-56,"9","GABARAPL2"
8.78860235387026e-60,1.72634511891009,0.275,0.173,1.73073946154767e-55,"9","UBE2E3"
1.33975672036465e-59,1.68074897674782,0.29,0.19,2.63838290941411e-55,"9","ARF3"
1.73728804730157e-58,1.72714119040074,0.265,0.164,3.42124135155099e-54,"9","PTTG1IP"
3.41469296922985e-58,1.34993174864178,0.388,0.305,6.72455486430434e-54,"9","DOK2"
1.16532920509724e-55,0.609086959278236,0.717,0.6,2.294882803598e-51,"9","ATP6V0C"
3.90492535275171e-54,1.72103935718859,0.279,0.184,7.68996949717395e-50,"9","SVIP"
7.15746954363074e-53,1.58931371218243,0.32,0.236,1.4095204772272e-48,"9","RAB8A"
2.2576081628605e-52,0.577105552713843,0.891,0.736,4.44590775512119e-48,"9","UQCR11"
3.93835677432516e-52,1.13499764954921,0.301,0.195,7.75580599567854e-48,"9","RHOC"
1.80198376616253e-51,1.49872607488604,0.365,0.294,3.54864663070387e-47,"9","YPEL5"
1.97494999458302e-51,1.56301076387191,0.398,0.346,3.88926902433233e-47,"9","RBX1"
2.2709085491742e-51,1.69736754059843,0.336,0.258,4.47210020588874e-47,"9","STK24"
6.13419597558789e-50,1.53978442271751,0.33,0.249,1.20800721347252e-45,"9","LDLRAP1"
8.33126337468798e-48,1.30592898364983,0.425,0.401,1.6406756963773e-43,"9","AP2M1"
3.62355088590397e-47,1.48634971767726,0.288,0.197,7.13585875961069e-43,"9","GLUL"
7.03333277990324e-47,1.63803441106483,0.29,0.207,1.38507422434634e-42,"9","HK1"
2.32967752448525e-45,1.62573720654567,0.266,0.179,4.5878339489688e-41,"9","HIST1H1C"
1.19944234427218e-43,1.61268317433358,0.271,0.188,2.3620618085752e-39,"9","MAP2K3"
2.34813000230479e-43,1.48944919802563,0.302,0.225,4.62417241353883e-39,"9","YWHAE"
1.45372496638133e-41,0.612830707070712,0.79,0.667,2.86282057629476e-37,"9","NDUFA4"
2.17597628645409e-39,1.31445822296593,0.437,0.433,4.28515010091403e-35,"9","SQSTM1"
1.00930643633325e-35,1.37379459580476,0.347,0.291,1.98762716507107e-31,"9","CMTM6"
6.35999869588274e-35,0.924370673139263,0.494,0.481,1.25247454318019e-30,"9","ARPC4"
1.62359836279775e-34,1.56269771680451,0.278,0.212,3.19735225585761e-30,"9","AMD1"
1.44031760769422e-32,1.19696202029388,0.399,0.381,2.83641746483223e-28,"9","CMPK1"
1.91140026150365e-32,1.44412485225201,0.355,0.322,3.76412053497914e-28,"9","NDUFA6"
2.84690841309418e-32,0.826800890979256,0.564,0.549,5.60641673790637e-28,"9","PTP4A2"
8.849909309415e-32,1.31173310170497,0.353,0.311,1.7428126403031e-27,"9","DIAPH1"
1.89836186505072e-30,1.09379832715089,0.388,0.358,3.73844402084437e-26,"9","AP2S1"
1.0461961273655e-29,1.47132182569911,0.324,0.282,2.06027403362087e-25,"9","ICAM2"
4.08531614094575e-28,1.1490717629024,0.393,0.387,8.04521307636446e-24,"9","TMEM219"
6.97032648972254e-28,0.772944924771244,0.535,0.552,1.37266639562106e-23,"9","ATP6V0E1"
3.95017561012963e-26,1.41792417503303,0.275,0.222,7.77908082902827e-22,"9","UBE2F"
9.38893414156419e-24,1.11939359137748,0.369,0.352,1.84896280049824e-19,"9","PRKCB"
5.55417370686784e-22,1.1724360706651,0.354,0.34,1.09378342809348e-17,"9","MOB1A"
9.80823386217681e-22,1.34190988680556,0.403,0.431,1.93153549447848e-17,"9","RASGRP2"
1.74885632083238e-21,1.09607690725327,0.402,0.409,3.4440227526152e-17,"9","LAT"
2.04603231113603e-21,1.27982654928869,0.3,0.265,4.02925143032019e-17,"9","SUPT4H1"
1.64007914494666e-20,1.25648808310453,0.341,0.326,3.22980786014346e-16,"9","RBBP6"
2.46146646050974e-20,0.85671455758186,0.281,0.224,4.84736590068183e-16,"9","PGD"
1.28421578778522e-19,0.7748897029118,0.494,0.519,2.52900615088544e-15,"9","PARK7"
3.09311364695079e-18,0.526535317152518,0.718,0.651,6.09126870494018e-14,"9","RIPOR2"
1.48996558045545e-16,1.70640295315502,0.262,0.233,2.93418921759092e-12,"9","CNST"
6.63862862496165e-14,0.764253739218223,0.472,0.524,1.3073451351137e-09,"9","BRK1"
2.07918392970947e-13,1.10357260238512,0.266,0.239,4.09453691277686e-09,"9","UBE2J1"
8.31624935117332e-13,1.23863676722705,0.253,0.229,1.63771898472656e-08,"9","PNKD"
9.26018148713687e-13,0.996511423228076,0.321,0.315,1.82360754026186e-08,"9","SEMA4D"
2.19178169548783e-12,1.18164213018283,0.279,0.265,4.31627569292417e-08,"9","TMOD3"
3.47155532960595e-11,0.942414874080746,0.397,0.459,6.83653391059299e-07,"9","PAIP2"
6.38202118421168e-11,0.956066758277696,0.372,0.415,1.25681143180681e-06,"9","PRDX5"
1.5724748084325e-09,0.749191684829558,0.452,0.538,3.09667464024612e-05,"9","EIF4G2"
1.59511653868188e-09,0.985783534206454,0.366,0.411,3.14126299962623e-05,"9","CCDC85B"
1.76776325612205e-08,1.27423697731144,0.258,0.251,0.000348125618028114,"9","CCNG1"
3.06710499278209e-08,0.947476530276622,0.336,0.361,0.000604004986228578,"9","SNRPN"
3.12342067237253e-08,0.700393880602703,0.292,0.276,0.000615095233010322,"9","AP1S2"
4.39322739888496e-08,0.999108596211925,0.301,0.315,0.000865158271662415,"9","POLR2E"
5.37557481084953e-08,0.881761907650338,0.338,0.359,0.0010586119475006,"9","CAPNS1"
1.31689247397978e-07,1.0362434191486,0.267,0.266,0.00259335634900837,"9","SELENOT"
1.46073425209198e-06,0.946762331277659,0.313,0.337,0.0287662396264473,"9","DBNL"
6.05360297205883e-06,1.01457691529512,0.285,0.298,0.119213603328755,"9","RTN4"
8.87221240554798e-06,0.83160984747162,0.335,0.375,0.174720478902456,"9","YWHAQ"
1.70426642395687e-05,1.01211216331773,0.256,0.263,0.335621186869826,"9","UBAC2"
0.000224554793837681,0.803013319553306,0.303,0.33,1,"9","PRKAR1A"
0.00258404823696581,0.795795728569138,0.355,0.435,1,"9","BCAP31"
0.00304346379831802,0.873357105340118,0.295,0.333,1,"9","ANAPC5"
0.00316268221209865,0.688547752283203,0.353,0.412,1,"9","TRAPPC5"
0.00551388910793026,1.01421573129425,0.267,0.293,1,"9","RBM38"
0.00819220732978115,0.572276317715085,0.225,0.297,1,"9","PCNP"
0,2.72490892845381,0.968,0.134,0,"10","GNLY"
0,2.38031858798599,0.985,0.242,0,"10","NKG7"
0,2.3005040094398,0.818,0.11,0,"10","GZMB"
0,2.21553760061679,0.91,0.219,0,"10","CST7"
0,2.11737112902656,0.86,0.175,0,"10","PRF1"
0,2.76079248150137,0.78,0.1,0,"10","FGFBP2"
0,3.55658594694349,0.753,0.098,0,"10","GZMH"
0,2.06065451491183,0.851,0.207,0,"10","GZMA"
0,2.00067096423237,0.935,0.309,0,"10","CCL5"
0,2.17546991738258,0.662,0.132,0,"10","KLRD1"
0,1.93550194146523,0.619,0.11,0,"10","SPON2"
0,1.55161138806001,0.86,0.359,0,"10","CTSW"
0,1.89476559074098,0.64,0.162,0,"10","HOPX"
0,2.91770307952812,0.519,0.074,0,"10","ADGRG1"
0,1.26638066425947,0.561,0.13,0,"10","FCGR3A"
0,1.89171825547473,0.509,0.105,0,"10","CCL4"
0,1.41041258070921,0.714,0.344,0,"10","EFHD2"
0,1.58439381384204,0.576,0.211,0,"10","KLRK1"
0,1.4065528900296,0.686,0.328,0,"10","GZMM"
0,2.33723159135743,0.436,0.084,0,"10","S1PR5"
0,2.92373969200682,0.399,0.055,0,"10","PRSS23"
0,1.78867055290615,0.5,0.157,0,"10","MATK"
0,2.69862823847824,0.395,0.063,0,"10","FCRL6"
0,2.52668500120896,0.409,0.078,0,"10","TBX21"
0,2.16621968184125,0.496,0.168,0,"10","CD8A"
0,1.7696292478797,0.463,0.155,0,"10","KLRG1"
0,2.42437171942351,0.395,0.09,0,"10","TGFBR3"
0,2.10617282710476,0.395,0.098,0,"10","CX3CR1"
0,1.40678856631033,0.372,0.102,0,"10","CLIC3"
0,2.75399913751278,0.313,0.052,0,"10","C1orf21"
0,2.24542107524247,0.315,0.073,0,"10","TTC38"
0,0.735452967271884,1,0.996,0,"10","HLA-C"
0,0.568455905509067,1,1,0,"10","B2M"
7.90505033345994e-322,1.82372849738683,0.465,0.164,1.55674156216827e-317,"10","SAMD3"
4.09235221043007e-311,1.57501173059825,0.52,0.201,8.05906920799994e-307,"10","C12orf75"
1.48065456503689e-300,1.00267579929841,0.94,0.735,2.91585303492715e-296,"10","HCST"
2.16197430170257e-294,1.27062021410276,0.758,0.476,4.25757599234286e-290,"10","LITAF"
2.36063671175834e-287,0.570579768988728,1,1,4.6488018764657e-283,"10","MT-CO1"
6.48251611118717e-286,0.529468326599217,1,0.999,1.27660189777609e-281,"10","HLA-B"
1.03577788966881e-284,1.78088224237682,0.305,0.08,2.03975739812479e-280,"10","KLRF1"
6.4418005014883e-281,0.978161319641942,0.96,0.672,1.26858377275809e-276,"10","IL32"
9.11552880276878e-279,1.00940525983167,0.855,0.646,1.79512108712926e-274,"10","CD99"
5.18817151399342e-259,1.71651773290407,0.523,0.235,1.02170661625072e-254,"10","SYNE1"
6.94006710322083e-259,1.48752138382996,0.509,0.214,1.36670741463728e-254,"10","APMAP"
4.93418551031172e-257,1.34091587294774,0.439,0.159,9.71689152545688e-253,"10","IL2RB"
6.74379175241175e-255,2.11119351547056,0.298,0.086,1.32805490980245e-250,"10","CEP78"
1.73900887159265e-253,0.602519969661156,1,0.99,3.4246301708274e-249,"10","PFN1"
1.51004924400673e-250,1.84753973192938,0.359,0.12,2.97373997622244e-246,"10","MYBL1"
8.73328467700689e-247,1.73740618403181,0.389,0.139,1.71984575144297e-242,"10","PYHIN1"
3.56877202863826e-239,0.711192733179041,0.989,0.898,7.02798275599732e-235,"10","CALM1"
2.01350772548742e-235,1.95084442057589,0.265,0.073,3.96520076380238e-231,"10","PTGDR"
1.62671297426919e-224,1.09123257937849,0.709,0.422,3.20348586022832e-220,"10","CD247"
1.91284222766887e-223,1.23488585382319,0.547,0.249,3.76696019894831e-219,"10","ZEB2"
1.35647478041972e-221,0.983450098478475,0.754,0.473,2.67130578508055e-217,"10","ARL4C"
1.51754500469354e-221,1.9046877414002,0.273,0.08,2.98850137774298e-217,"10","KLRC4"
3.55780899455594e-217,0.546633717406081,1,0.996,7.00639325297901e-213,"10","HLA-A"
1.53585952920666e-211,1.59089198323613,0.367,0.136,3.02456817086668e-207,"10","CHST12"
4.08820570094412e-211,1.60779272959333,0.42,0.174,8.05090348686926e-207,"10","APOBEC3G"
1.49585650354867e-210,0.650287061163702,0.995,0.818,2.9457902124384e-206,"10","IFITM1"
3.59931228566342e-207,0.721659704875245,0.934,0.741,7.08812568415697e-203,"10","ITGB2"
1.31995510389471e-206,1.15100741732472,0.405,0.15,2.59938758609986e-202,"10","CD8B"
8.28899706041784e-205,0.637456028703202,0.997,0.985,1.63235219110809e-200,"10","MT-ND5"
1.40005670384021e-202,1.5746478951292,0.401,0.163,2.75713166687252e-198,"10","SYTL3"
9.51486507316194e-202,1.58607269318909,0.391,0.157,1.87376237885778e-197,"10","SH2D2A"
2.67908012361502e-193,0.633259341114269,0.958,0.834,5.27591248743507e-189,"10","IFITM2"
7.48558279675792e-193,1.28002249249862,0.6,0.335,1.47413582016554e-188,"10","SYNE2"
2.34078193330974e-185,0.756202505916923,0.895,0.701,4.60970186126687e-181,"10","IL2RG"
2.42404279207764e-185,1.89595160567423,0.257,0.081,4.77366747043849e-181,"10","SYTL2"
2.77814259545732e-182,1.24049782408638,0.45,0.204,5.47099621323411e-178,"10","TPST2"
3.95453363438121e-182,0.695654950077958,0.944,0.747,7.78766308618691e-178,"10","PTPRCAP"
1.97228370018911e-176,0.868715974327585,0.801,0.602,3.88401829078242e-172,"10","FLNA"
8.97954419369914e-176,1.12442661686749,0.642,0.417,1.76834163806517e-171,"10","SLC9A3R1"
1.09964607924737e-173,0.511297896236264,0.558,0.274,2.16553302386185e-169,"10","DUSP2"
3.4061693272428e-162,1.49392194639323,0.388,0.174,6.70776925613924e-158,"10","RUNX3"
7.76483057767767e-144,1.07803694276103,0.607,0.394,1.52912808566206e-139,"10","PAXX"
1.75173155291707e-143,1.35617621995012,0.417,0.207,3.44968494715958e-139,"10","RASSF1"
1.30669483542324e-141,0.550554717813491,0.976,0.929,2.57327413939898e-137,"10","PTPRC"
3.82908548244854e-141,0.902808636889313,0.506,0.26,7.54061804058591e-137,"10","PLEK"
2.18597988323807e-140,1.11973925945262,0.555,0.348,4.30485018406073e-136,"10","ABHD17A"
9.92597117534984e-138,0.581872157663673,0.999,0.985,1.95472150356164e-133,"10","MT-ND4L"
6.17459021362833e-136,1.08162847636481,0.52,0.302,1.21596205076983e-131,"10","CTSC"
3.65935853048137e-134,0.888664721190273,0.692,0.514,7.20637475407696e-130,"10","PLAAT4"
1.30671501858792e-133,1.13619237437488,0.471,0.253,2.57331388610519e-129,"10","TRBC1"
3.7456953307817e-129,0.948773147227702,0.564,0.342,7.3763978149084e-125,"10","ITGB1"
4.31941027667709e-127,0.770838644085125,0.409,0.192,8.5062146578602e-123,"10","KLRB1"
1.34425761404307e-124,1.04969030976513,0.53,0.322,2.64724651933501e-120,"10","GNG2"
2.78236203825219e-123,1.1010963593133,0.371,0.174,5.47930556193003e-119,"10","PRDM1"
5.91722843307752e-123,1.1723454608666,0.384,0.187,1.16527979532596e-118,"10","LYAR"
9.97094902558575e-122,1.2395068372164,0.448,0.252,1.9635789916086e-117,"10","ITGAL"
1.19853213977575e-119,1.4863883265135,0.299,0.132,2.36026934286039e-115,"10","CD320"
3.74781864884973e-119,0.940230880491039,0.6,0.398,7.38057926517978e-115,"10","ZAP70"
2.2750671872966e-114,1.42390361296012,0.324,0.153,4.48028981194319e-110,"10","GNPTAB"
2.14751501170601e-113,0.841911597618682,0.391,0.192,4.22910131255264e-109,"10","RHOC"
3.37393096050956e-111,1.37119192319831,0.306,0.141,6.64428224053148e-107,"10","ATP2B4"
2.5398132316824e-109,1.07407806446111,0.473,0.279,5.00165419715215e-105,"10","SPN"
2.68729268567197e-108,1.04938881875359,0.507,0.313,5.29208548589382e-104,"10","PPP2R5C"
6.66955380423094e-108,1.31103212509743,0.327,0.158,1.3134352306672e-103,"10","TSEN54"
1.59539098091559e-105,1.24605747666746,0.285,0.127,3.14180345871707e-101,"10","CYTOR"
3.6395162902018e-105,0.532471009429923,0.729,0.605,7.16729943029441e-101,"10","RAP1B"
5.97723035022797e-102,0.526568819557154,0.909,0.82,1.17709597287039e-97,"10","ARPC2"
2.75337337164175e-101,0.816606934596384,0.67,0.532,5.42221818077411e-97,"10","SUN2"
6.39892110048843e-92,0.663534416927877,0.882,0.787,1.26013953231919e-87,"10","MT-ND6"
6.42205381094855e-89,0.518685910335408,0.76,0.563,1.2646950569901e-84,"10","ANXA1"
2.22230295114582e-88,0.927808442876698,0.527,0.357,4.37638120169146e-84,"10","CD2"
5.78668538341802e-88,1.26443614019236,0.324,0.17,1.13957195255651e-83,"10","DIP2A"
7.42336945790155e-88,1.20554457734431,0.336,0.179,1.46188414734455e-83,"10","NFATC2"
9.60213716394679e-87,0.527868464144291,0.832,0.719,1.89094887169604e-82,"10","PPIB"
2.9156957369933e-84,1.00076946006965,0.323,0.168,5.7418796148609e-80,"10","CMC1"
5.7235595792356e-83,0.521161065638535,0.814,0.71,1.12714058793887e-78,"10","UBB"
6.48050579403342e-83,0.84392578399994,0.574,0.411,1.276206006019e-78,"10","MBP"
1.13619006104175e-81,0.904039188638434,0.516,0.359,2.23749908720953e-77,"10","CD81"
6.46651812100826e-78,0.533943029528736,0.748,0.572,1.27345141357016e-73,"10","CD7"
6.98480767678809e-75,0.750626272502898,0.581,0.428,1.37551817578988e-70,"10","FYN"
8.36845168917848e-74,0.518408094108132,0.826,0.746,1.64799919114992e-69,"10","MYL12B"
1.00275858377183e-73,0.949364123348872,0.411,0.253,1.97473247902187e-69,"10","ACTN4"
2.56309023388097e-72,0.873523929613537,0.506,0.361,5.0474935975818e-68,"10","CLEC2B"
2.03021093836109e-70,0.811179499222576,0.404,0.242,3.9980944009145e-66,"10","ID2"
3.43999372866644e-70,1.08458037124517,0.335,0.193,6.77437964986282e-66,"10","STAT4"
1.26046856881767e-69,1.23061327487071,0.25,0.126,2.48224075257264e-65,"10","TFDP2"
1.33011461192536e-69,0.979483660152732,0.273,0.138,2.61939470526462e-65,"10","ITGAM"
6.79030233004851e-69,0.723378933610401,0.316,0.169,1.33721423785645e-64,"10","STOM"
7.60328632623258e-69,1.01710322667971,0.36,0.217,1.49731517622498e-64,"10","C5orf56"
1.85904584983749e-68,1.02890764363487,0.337,0.195,3.66101899208497e-64,"10","PTPN4"
3.29000679839942e-68,1.14090103921461,0.298,0.165,6.47901038808799e-64,"10","ZBTB38"
3.11949615397867e-66,0.625760644472668,0.671,0.578,6.14322377603019e-62,"10","SEPTIN7"
1.40962060208785e-65,0.907850577753981,0.424,0.28,2.7759658516916e-61,"10","DSTN"
1.04111126412208e-63,0.574604028250345,0.675,0.562,2.05026041243561e-59,"10","BIN2"
6.04410185642812e-63,0.540519284149142,0.731,0.642,1.19026497858639e-58,"10","MSN"
1.16663325351378e-62,0.719051515020873,0.646,0.552,2.29745086614469e-58,"10","CALR"
2.19166692974785e-62,0.532275223166601,0.759,0.667,4.31604968475245e-58,"10","JAK1"
4.89082835978778e-62,0.788671006883459,0.506,0.369,9.63150828893007e-58,"10","YWHAQ"
4.4825654761937e-61,0.930250566116454,0.344,0.204,8.82751619226825e-57,"10","AOAH"
7.27225321085559e-61,0.670497838841187,0.611,0.476,1.43212482481379e-56,"10","TRBC2"
2.73655416372153e-60,0.986695669096444,0.314,0.183,5.38909611461681e-56,"10","GPR65"
7.31732693044124e-60,1.00581161729209,0.261,0.139,1.44100119241179e-55,"10","CD300A"
1.32080844074656e-59,0.685891956277595,0.571,0.43,2.6010680623622e-55,"10","IRF1"
1.89909445220016e-59,0.665890081327914,0.458,0.304,3.73988670471778e-55,"10","CD63"
2.08221658925293e-59,0.899772348905811,0.337,0.201,4.10050912921579e-55,"10","GBP5"
5.80161022031123e-59,0.959699478533773,0.351,0.216,1.14251110068589e-54,"10","IGF2R"
1.07897558687426e-57,0.63177832766486,0.447,0.288,2.12482662323148e-53,"10","MYO1F"
1.46647730598792e-57,0.976541824988806,0.311,0.183,2.88793375868201e-53,"10","ADAM8"
2.24996158004594e-57,0.634035803133241,0.645,0.566,4.43084933958448e-53,"10","PDIA3"
5.25909652116159e-56,0.860706200468274,0.383,0.25,1.03567387791235e-51,"10","ARPC5L"
7.68525994870572e-56,0.838422027947793,0.461,0.332,1.51345824169862e-51,"10","AKNA"
1.21051521444616e-55,0.719333608298102,0.352,0.212,2.38386761180882e-51,"10","MAP3K8"
7.16274586217663e-55,0.788258917826854,0.462,0.328,1.41055954263844e-50,"10","PRKCH"
2.91077468947134e-54,0.856758551117536,0.424,0.296,5.7321885959759e-50,"10","ITGB7"
5.56891597803565e-54,0.613197556536181,0.605,0.492,1.09668662355456e-49,"10","ANXA6"
2.34954198587904e-53,0.849708096757421,0.397,0.265,4.6269530327916e-49,"10","PXN"
3.10155073222763e-53,0.725078813528252,0.442,0.303,6.10788385697588e-49,"10","DOK2"
2.67308443762277e-51,1.02113325190755,0.261,0.147,5.26410518301052e-47,"10","DNAJC1"
1.58983630220855e-50,0.906513969986847,0.333,0.21,3.1308646299393e-46,"10","CDK2AP2"
1.49569445561815e-49,0.759406762382335,0.375,0.243,2.94547109144883e-45,"10","RORA"
3.90475638238365e-49,0.699413278793766,0.491,0.369,7.68963674382813e-45,"10","MYO1G"
5.11533304418736e-49,0.57109511040802,0.637,0.557,1.00736253639182e-44,"10","GUK1"
7.48137685726509e-48,0.883154579850563,0.322,0.201,1.47330754450121e-43,"10","IKZF3"
1.11289106875964e-47,0.721873140223938,0.455,0.333,2.19161638170837e-43,"10","DHRS7"
2.3270297815382e-45,0.728989144454141,0.528,0.421,4.58261974878318e-41,"10","CD3G"
2.00615668674947e-43,0.639595248112353,0.53,0.425,3.95072436321574e-39,"10","HSPA5"
2.32437215329774e-43,0.847769412287374,0.379,0.268,4.57738608148923e-39,"10","SSBP4"
3.30716302379475e-43,0.659172220152252,0.586,0.487,6.512796142759e-39,"10","RNF213"
1.60193411781292e-41,0.608003822571298,0.504,0.394,3.15468885820899e-37,"10","IL10RA"
4.30375009163465e-41,0.749370925848149,0.403,0.288,8.47537505545611e-37,"10","PARP8"
4.88706993619686e-41,0.716351030246404,0.431,0.32,9.62410682535247e-37,"10","BTN3A2"
2.83537953991894e-40,0.538312782397698,0.65,0.541,5.58371292796236e-36,"10","CD3D"
4.95063325358201e-40,0.742771172742158,0.428,0.322,9.74928206627905e-36,"10","IDS"
9.94857877393941e-39,0.570070955828179,0.564,0.466,1.95917361795189e-34,"10","ITGA4"
5.60292530675186e-37,0.507800261831036,0.618,0.555,1.10338408065864e-32,"10","PPP1CA"
1.29023481935505e-35,0.836188056775711,0.415,0.318,2.54085942975589e-31,"10","MACF1"
1.45579749989344e-35,0.560118544374183,0.528,0.433,2.86690201654016e-31,"10","DBI"
4.64232390127616e-35,0.677935426440635,0.356,0.248,9.14212845878314e-31,"10","OPTN"
1.45674454252029e-34,0.761809212613898,0.311,0.21,2.86876702758521e-30,"10","FKBP11"
8.44676998682477e-33,0.799152820804523,0.296,0.2,1.6634224135054e-28,"10","ARHGAP25"
1.06663804870837e-32,0.627280578801948,0.465,0.372,2.1005303093214e-28,"10","PPP1R18"
2.86496811048658e-32,0.724996348778097,0.364,0.268,5.64198169998121e-28,"10","SASH3"
7.63021621207172e-32,0.757193353373629,0.286,0.191,1.50261847864328e-27,"10","CBLB"
3.09718141098998e-30,0.604273545201656,0.463,0.374,6.09927935266256e-26,"10","NDUFB7"
1.4385646971463e-29,0.536730325248432,0.511,0.425,2.83296545809021e-25,"10","TBC1D10C"
6.92397601857865e-29,0.648727093593767,0.421,0.331,1.36353859733869e-24,"10","STK10"
9.44349241717897e-29,0.771787166164655,0.285,0.196,1.85970696171505e-24,"10","NFATC3"
4.32680964806922e-28,0.597951974773091,0.373,0.277,8.52078623994271e-24,"10","PIP4K2A"
5.63379303598465e-28,0.843404524309533,0.255,0.172,1.10946286257646e-23,"10","ARAP2"
1.19364637300211e-27,0.637840226494142,0.343,0.251,2.35064780235306e-23,"10","IQGAP2"
1.63512660595585e-27,0.765944091092627,0.278,0.192,3.22005482510886e-23,"10","PIK3R5"
1.03226183068698e-26,0.518685533221179,0.47,0.379,2.03283322317188e-22,"10","SKAP1"
1.7926448589155e-26,0.589150865096345,0.442,0.361,3.53025552066229e-22,"10","SYTL1"
2.17241597226246e-25,0.596492906738615,0.402,0.317,4.27813877417646e-21,"10","DGKZ"
2.1837154533123e-25,0.623576126831046,0.317,0.229,4.30039084220791e-21,"10","IDH2"
5.4336543424941e-25,0.648625889101717,0.407,0.323,1.07004954966736e-20,"10","UTRN"
1.97029329941718e-24,0.617387120685387,0.37,0.287,3.88009859454226e-20,"10","SCP2"
3.27866582809002e-24,0.553712501155095,0.333,0.244,6.45667661525767e-20,"10","PTGER2"
1.8908015636423e-23,0.708409564245815,0.315,0.236,3.72355551928079e-19,"10","RNF125"
5.28133223681114e-23,0.66823073450354,0.333,0.253,1.04005275739522e-18,"10","CCDC88C"
5.72753247041139e-23,0.62617016487991,0.324,0.243,1.12792296939811e-18,"10","PITPNC1"
6.21927534825341e-23,0.518513555904349,0.474,0.395,1.22476189433154e-18,"10","PIK3R1"
8.94305967611452e-23,0.61513311896764,0.336,0.255,1.76115674201723e-18,"10","SRPK2"
1.11931323539436e-22,0.609134458961194,0.321,0.238,2.20426355446212e-18,"10","TMX4"
1.57708385675733e-22,0.572954507410609,0.376,0.297,3.10575123911221e-18,"10","TAP1"
2.0867751801631e-22,0.606958750597888,0.276,0.196,4.1094863622952e-18,"10","VPS37B"
1.55658482180353e-21,0.518945681861324,0.424,0.347,3.06538248957769e-17,"10","CAPN2"
7.26263895312689e-21,0.529459994619671,0.439,0.369,1.43023148903928e-16,"10","SIGIRR"
4.83765702014429e-20,0.503681515956438,0.385,0.31,9.52679796977014e-16,"10","DIAPH1"
1.21833088847912e-19,0.587680726348825,0.35,0.278,2.39925901868194e-15,"10","RASAL3"
4.25696096203598e-19,0.571399589231535,0.35,0.276,8.38323322253746e-15,"10","PPP3CC"
1.89203542386457e-18,0.584084688133043,0.292,0.221,3.72598536021651e-14,"10","UBE2F"
2.01793100963397e-18,0.581022960571021,0.31,0.238,3.97391153727218e-14,"10","SIPA1"
3.94876745747133e-18,0.573505649565669,0.362,0.293,7.77630775399828e-14,"10","RNF167"
2.92060988356352e-16,0.702336189774596,0.262,0.2,5.75155704370165e-12,"10","MLLT6"
3.04259965694224e-16,0.537276074006595,0.328,0.262,5.99179150441636e-12,"10","FBXW5"
3.8249925796253e-16,0.614992114233631,0.255,0.192,7.5325578870561e-12,"10","CCDC107"
5.97699832924481e-16,0.584180943970795,0.29,0.226,1.17705028097818e-11,"10","MRPS6"
8.1553612100743e-15,0.567800651550761,0.281,0.219,1.60603528309993e-10,"10","MFSD10"
6.40842523171808e-14,0.536665908382685,0.29,0.229,1.26201118088224e-09,"10","MAPK1"
3.19863409462204e-13,0.547040773419137,0.291,0.235,6.29907012253918e-09,"10","PTPRA"
3.34858104017186e-13,0.527397115110448,0.277,0.219,6.59436064241045e-09,"10","RPS6KA1"
2.43969646341821e-12,0.506597131400281,0.283,0.228,4.80449424540948e-08,"10","TADA3"
4.45907963038616e-12,0.537054597519729,0.302,0.249,8.78126551611946e-08,"10","CASP8"
1.49349308594584e-11,0.513859993508331,0.295,0.243,2.94113593415314e-07,"10","ARIH2"
2.69545821913237e-11,0.544192857621787,0.259,0.208,5.30816587093737e-07,"10","AC004687.1"
5.85637523833662e-11,0.503965511283053,0.298,0.248,1.15329597568563e-06,"10","TES"
1.25116716007583e-10,0.520913246007967,0.291,0.242,2.46392348833734e-06,"10","KCNAB2"
6.10334991922316e-10,0.507546055941886,0.268,0.222,1.20193269959262e-05,"10","MED15"
0,8.42000797938894,1,0.009,0,"11","TRBV5-1"
2.32703252784838e-282,0.534073333005836,1,0.999,4.58262515709182e-278,"11","RPS12"
1.21591330566026e-268,0.826441655797493,0.969,0.729,2.39449807283676e-264,"11","LDHB"
7.78374315682977e-264,0.507271087719666,1,0.998,1.53285253987449e-259,"11","RPS3A"
1.5541359725203e-236,0.645870798292607,0.995,0.897,3.06055997068422e-232,"11","SARAF"
6.58536312091605e-227,0.982363449968729,0.752,0.382,1.296855559402e-222,"11","LEF1"
2.5155548613959e-225,0.908335468382129,0.85,0.487,4.95388218854695e-221,"11","TCF7"
1.74408206160827e-213,0.778205681401916,0.937,0.6,3.43462080392517e-209,"11","IL7R"
6.1994909835637e-203,0.710759087247279,0.979,0.722,1.2208657593932e-198,"11","LTB"
6.6408010690157e-199,0.503997094729781,0.999,0.982,1.30777295452126e-194,"11","RPS5"
6.45963953140815e-190,0.529192808262621,0.996,0.963,1.27209681292021e-185,"11","EEF1B2"
1.20020646515956e-183,0.648699571104103,0.987,0.702,2.36356659183873e-179,"11","CD3E"
1.76227645293224e-179,1.00057391977722,0.613,0.303,3.47045101875946e-175,"11","MAL"
2.48057946901424e-170,0.968936710158795,0.638,0.336,4.88500514832974e-166,"11","PRKCQ-AS1"
9.3115762806744e-165,0.918019365776997,0.654,0.348,1.83372871695321e-160,"11","CAMK4"
1.85108098894019e-164,0.781458078564506,0.82,0.542,3.64533379151992e-160,"11","NOSIP"
3.07945053428402e-157,0.793558705310109,0.799,0.512,6.06436193716551e-153,"11","LEPROTL1"
1.47640937169411e-154,0.52844502021209,0.981,0.878,2.90749297567721e-150,"11","NPM1"
1.72415446711836e-148,0.844446721182077,0.686,0.395,3.39537739209619e-144,"11","FLT3LG"
2.46275820562723e-140,0.83858664935706,0.675,0.406,4.84990973434169e-136,"11","PIK3IP1"
1.64037013528534e-130,0.631319848212664,0.883,0.69,3.23038090741743e-126,"11","GAS5"
1.80608231541324e-130,0.665151742743554,0.864,0.637,3.55671790374329e-126,"11","PCED1B-AS1"
3.4758163700249e-127,0.876070830731348,0.549,0.293,6.84492517749003e-123,"11","CCR7"
3.74278490043432e-127,0.888841734209763,0.571,0.312,7.37066630442531e-123,"11","RCAN3"
1.16508854973442e-122,0.59993408914683,0.839,0.535,2.294408880992e-118,"11","CD3D"
9.15776487115457e-122,0.787021063320386,0.657,0.396,1.80343863607647e-117,"11","LINC00861"
6.99563199024965e-118,0.804346280855942,0.595,0.338,1.37764980783986e-113,"11","CD6"
3.98798206273677e-117,0.604628039688613,0.861,0.647,7.85353307614752e-113,"11","C12orf57"
2.11069002804511e-106,0.990521332438527,0.412,0.206,4.15658187222923e-102,"11","TRABD2A"
9.47082204767387e-106,0.903502273758856,0.462,0.243,1.86508898584842e-101,"11","INPP4B"
2.14380667623931e-105,0.806460041710925,0.567,0.331,4.22179848751808e-101,"11","GIMAP5"
2.03658229542855e-103,0.772353171450333,0.567,0.331,4.01064151438745e-99,"11","CD27"
5.12084001260118e-102,0.830638710688332,0.512,0.285,1.00844702368155e-97,"11","OXNAD1"
5.85741702823214e-101,0.997501309773302,0.41,0.21,1.15350113536976e-96,"11","TRAT1"
9.42728232007705e-95,0.843518649766549,0.488,0.274,1.85651470729277e-90,"11","CD5"
7.45245069688698e-93,0.606920513282966,0.67,0.417,1.46761111573795e-88,"11","CD3G"
6.21689625704635e-91,0.85658586229813,0.463,0.26,1.22429337990014e-86,"11","PCED1B"
2.87548277215123e-83,0.627336047098283,0.669,0.453,5.66268822319741e-79,"11","GIMAP7"
4.01013245268387e-81,1.16184706157639,0.256,0.115,7.89715383907035e-77,"11","LINC01550"
1.35876265401248e-79,0.577483137093059,0.729,0.53,2.67581129454678e-75,"11","TMEM123"
1.92992398603327e-79,0.720512900485318,0.565,0.362,3.80059930569531e-75,"11","PIM1"
2.25958451953336e-79,0.747167866698344,0.488,0.291,4.44979979431705e-75,"11","BCL11B"
5.590415441958e-79,0.617010640354925,0.664,0.453,1.10092051298479e-74,"11","MCUB"
5.71877803114581e-79,0.601971459941052,0.695,0.487,1.12619895767354e-74,"11","NDFIP1"
1.64210334880738e-76,0.811641567922724,0.432,0.248,3.23379412480637e-72,"11","TESPA1"
4.34217601782199e-75,1.04788471108591,0.275,0.132,8.55104723189684e-71,"11","FHIT"
6.22707097584413e-74,0.838943042174702,0.377,0.205,1.22629708727299e-69,"11","NELL2"
2.47208211560162e-71,0.786661667448908,0.416,0.239,4.86827131025427e-67,"11","AQP3"
1.50902059385216e-68,0.697511721860863,0.425,0.246,2.97171425547306e-64,"11","LDLRAP1"
2.66008674033181e-68,0.673324850241291,0.492,0.304,5.23850881773542e-64,"11","ITK"
3.06713976860433e-68,0.727795070161814,0.487,0.305,6.04011834631252e-64,"11","ABLIM1"
5.61594207203291e-68,0.559383818067713,0.744,0.564,1.10594747224544e-63,"11","ETS1"
9.15935083634782e-68,1.03504947961807,0.268,0.132,1.80375096020198e-63,"11","CHRM3-AS2"
2.98726968569288e-67,0.693140068089064,0.475,0.294,5.88283019203499e-63,"11","DGKA"
3.30008740742761e-64,0.797431256166223,0.372,0.213,6.49886213144719e-60,"11","SERINC5"
5.74059198899973e-64,0.798260872246119,0.377,0.218,1.13049478039372e-59,"11","MYC"
1.45181232497736e-62,0.528771081308575,0.614,0.419,2.85905401157791e-58,"11","DNAJB1"
1.54358546054813e-61,0.7201814412994,0.459,0.287,3.03978284745743e-57,"11","AC243960.1"
1.34540329136446e-59,0.611484749327983,0.548,0.371,2.64950270168404e-55,"11","MGAT4A"
1.69081345837772e-58,0.74850417032326,0.404,0.246,3.32971894358324e-54,"11","IL6ST"
3.84829721201108e-57,0.87541892521997,0.295,0.16,7.57845169961342e-53,"11","SH3YL1"
1.24473081309694e-56,0.58895603988803,0.556,0.377,2.4512483902318e-52,"11","LINC01138"
9.18493641976982e-55,0.673909217406215,0.45,0.29,1.80878952914527e-50,"11","OCIAD2"
1.40979473971172e-53,0.733675470970013,0.38,0.231,2.77630878091429e-49,"11","MAML2"
2.65415077509196e-53,0.641366750007803,0.432,0.27,5.2268191213886e-49,"11","BCL2"
9.08600337362147e-53,0.783398688621486,0.346,0.205,1.78930664436728e-48,"11","THEM4"
1.94636958380127e-52,0.850654259471597,0.259,0.137,3.83298562137984e-48,"11","SUSD3"
2.02550895605253e-52,0.778611111682156,0.315,0.179,3.98883478715425e-48,"11","GPR183"
3.87458838882837e-52,0.57519669893976,0.544,0.379,7.6302269141197e-48,"11","PSIP1"
4.67798510654393e-52,0.569189075050893,0.497,0.33,9.21235607031697e-48,"11","PBXIP1"
3.95308886854049e-51,0.516130585686008,0.602,0.429,7.78481790881679e-47,"11","SEPTIN1"
5.09685520667711e-49,0.560279477680308,0.479,0.317,1.00372369585092e-44,"11","TC2N"
9.3868848037165e-48,0.563657714530246,0.544,0.389,1.84855922439589e-43,"11","CDKN1B"
2.55335702450307e-46,0.673795206696337,0.417,0.275,5.02832598835389e-42,"11","SATB1"
2.75241839998132e-46,0.580283284070059,0.482,0.328,5.42033755508322e-42,"11","PLSCR3"
4.8383438193585e-46,0.600674593684686,0.483,0.333,9.5281504834627e-42,"11","GIMAP1"
1.24680515331944e-45,0.577354396577386,0.397,0.25,2.45533338843197e-41,"11","PDE3B"
5.87002958943587e-44,0.629698861913118,0.406,0.266,1.15598492704761e-39,"11","S1PR1"
1.89245314974325e-41,0.603351001571022,0.401,0.264,3.72680798778937e-37,"11","PIM2"
4.0724711847562e-41,0.5124326565908,0.515,0.368,8.01991750414039e-37,"11","ATP1A1"
8.3271675000288e-40,0.691084741014283,0.306,0.187,1.63986909578067e-35,"11","KCNA3"
5.99183018238676e-39,0.713148982299605,0.284,0.17,1.17997111781743e-34,"11","SELENOM"
9.77327039579145e-39,0.725722722521523,0.301,0.186,1.92465013904321e-34,"11","ITPKB"
2.58426514909025e-38,0.745255277760033,0.269,0.16,5.08919335810343e-34,"11","ITGA6"
2.79807415312621e-38,0.741848647344098,0.306,0.192,5.51024742975145e-34,"11","SOCS3"
2.88629033121224e-38,0.809810616919822,0.265,0.158,5.68397154925626e-34,"11","TNFSF8"
1.56771824092589e-37,0.773616241050425,0.267,0.16,3.08730753185536e-33,"11","STMN3"
2.64208950955086e-37,0.566993716693326,0.432,0.3,5.20306687115851e-33,"11","MZT2A"
6.38214811961203e-37,0.548913525062432,0.471,0.339,1.2568364291952e-32,"11","CYLD"
9.9738911068479e-37,0.606173399435848,0.392,0.266,1.96415837567156e-32,"11","TTC39C"
5.36560832676141e-36,0.701321178804613,0.27,0.163,1.05664924778913e-31,"11","PLCG1"
5.31932449328789e-35,0.622906120340603,0.338,0.221,1.04753457246318e-30,"11","SFXN1"
9.37964971373064e-35,0.659001155142917,0.321,0.207,1.84713441812498e-30,"11","THOC3"
4.3840969533233e-34,0.666472452808886,0.29,0.181,8.63360213017958e-30,"11","SCML4"
1.7261138810828e-33,0.566646902120199,0.394,0.273,3.39923606601636e-29,"11","CDC25B"
3.01028081519467e-33,0.702258917434547,0.265,0.163,5.92814600936286e-29,"11","FAM102A"
3.41537995937539e-32,0.572561035209245,0.356,0.238,6.72590775399795e-28,"11","ITM2A"
1.61230482532533e-31,0.646362330302714,0.324,0.216,3.17511189251318e-27,"11","UBQLN2"
1.93818260722303e-31,0.6124337712808,0.299,0.192,3.81686300840432e-27,"11","RASGRP1"
6.65449896639925e-31,0.623524361491507,0.312,0.206,1.310470481453e-26,"11","RAPGEF6"
1.21324161627895e-30,0.698767306979633,0.258,0.161,2.38923671493813e-26,"11","IPCEF1"
2.08461230366118e-30,0.568983193489243,0.308,0.2,4.10522700959996e-26,"11","TRAC"
1.37257757331837e-29,0.647089259617084,0.256,0.16,2.70301701513586e-25,"11","BEX2"
3.76550141319871e-29,0.614474520557671,0.286,0.185,7.41540193301223e-25,"11","ATP6V0E2"
3.93934304719736e-29,0.58405681177727,0.321,0.215,7.75774826284577e-25,"11","MDFIC"
2.52799953510643e-28,0.653074623437487,0.257,0.164,4.97838948448508e-24,"11","CDC14A"
5.13672544296964e-27,0.533594200190051,0.365,0.259,1.01157534148401e-22,"11","SNHG32"
7.17187146240635e-27,0.53588276556905,0.344,0.239,1.41235664709168e-22,"11","AC119396.1"
7.50952374046163e-27,0.568738630197497,0.345,0.241,1.47885051020911e-22,"11","TRADD"
9.47682114830764e-27,0.551512149683887,0.304,0.204,1.86627038873622e-22,"11","SLC2A4RG"
1.37261946468264e-25,0.577182280579708,0.275,0.182,2.70309951179952e-21,"11","CHMP7"
9.51804669370999e-25,0.505904362593459,0.309,0.211,1.87438893539231e-20,"11","MHENCR"
1.0623982640641e-24,0.518052452950132,0.358,0.254,2.09218090142143e-20,"11","ARID5B"
1.67085103202165e-24,0.54307449364983,0.321,0.224,3.29040693736024e-20,"11","DANCR"
4.86180402660798e-24,0.549540865313246,0.303,0.209,9.57435066959909e-20,"11","SNHG1"
4.30638420889308e-23,0.577581510489224,0.257,0.171,8.48056242257315e-19,"11","ZFAND1"
3.04192542624461e-21,0.576162294198495,0.27,0.187,5.99046374190351e-17,"11","GIMAP2"
3.4506077666882e-20,0.529847691893521,0.252,0.171,6.79528187493906e-16,"11","ARMH1"
9.32277639945386e-20,0.531307533699485,0.288,0.205,1.83593435634445e-15,"11","ADSL"
1.34478651966368e-19,0.502535499592192,0.273,0.191,2.64828809317368e-15,"11","ATF7IP2"
1.01611863255282e-18,0.50060854299526,0.26,0.181,2.00104242308627e-14,"11","GATA3"
3.14299584857694e-18,0.503491929535892,0.307,0.226,6.18950172460257e-14,"11","EPB41L4A-AS1"
4.35675197842703e-18,0.56928834086916,0.272,0.196,8.57975167111635e-14,"11","USP10"
4.52820596287927e-18,0.518004967342414,0.258,0.182,8.91739600269815e-14,"11","SUCLG2"
0,5.46590210752146,0.945,0.071,0,"12","MS4A7"
0,5.16234960598017,0.936,0.071,0,"12","SMIM25"
0,4.71945950647341,0.98,0.123,0,"12","FCGR3A"
0,4.62446351143944,0.93,0.083,0,"12","LRRC25"
0,4.20263611328399,0.989,0.152,0,"12","SERPINA1"
0,4.24371690272016,0.942,0.109,0,"12","LILRB2"
0,5.02138142671307,0.884,0.062,0,"12","CSF1R"
0,8.5654125516348,0.831,0.011,0,"12","CDKN1C"
0,4.10215992824209,0.964,0.153,0,"12","CFD"
0,3.67838450802322,0.962,0.157,0,"12","CD68"
0,4.18488899523804,0.894,0.092,0,"12","PILRA"
0,3.37850999079151,0.978,0.184,0,"12","SPI1"
0,4.72190970750011,0.854,0.07,0,"12","HMOX1"
0,3.74306397799364,0.895,0.115,0,"12","HCK"
0,4.40962948146782,0.977,0.198,0,"12","IFITM3"
0,4.61422165384573,0.999,0.227,0,"12","LST1"
0,4.17703159465734,0.87,0.098,0,"12","LILRB1"
0,3.44141918135202,0.999,0.232,0,"12","IFI30"
0,2.88839789207381,0.997,0.245,0,"12","CST3"
0,3.97318699427284,0.894,0.148,0,"12","WARS"
0,3.48270996568682,0.944,0.204,0,"12","LYN"
0,5.47810442265211,0.752,0.029,0,"12","SIGLEC10"
0,5.5414659907872,0.741,0.026,0,"12","TCF7L2"
0,3.62026895013606,0.895,0.181,0,"12","RHOC"
0,3.56772449942043,0.927,0.221,0,"12","PECAM1"
0,2.75988244576435,0.851,0.145,0,"12","FGL2"
0,4.101258927178,0.773,0.068,0,"12","C5AR1"
0,3.40538820173908,0.995,0.291,0,"12","FCER1G"
0,2.84532551978383,0.867,0.167,0,"12","CFP"
0,3.5469420428328,0.996,0.302,0,"12","AIF1"
0,4.35065440022814,0.743,0.051,0,"12","LILRA1"
0,3.37119506692234,0.785,0.094,0,"12","C19orf38"
0,2.69816243878667,0.92,0.231,0,"12","FGR"
0,3.37648353650474,0.782,0.094,0,"12","SLC7A7"
0,1.59433661654667,0.962,0.286,0,"12","HLA-DRA"
0,2.5034210878413,0.843,0.17,0,"12","CYBB"
0,3.6019299953843,0.844,0.172,0,"12","CUX1"
0,3.60592895161625,0.76,0.089,0,"12","LILRA5"
0,3.01189924125341,0.935,0.266,0,"12","TNFRSF1B"
0,2.52187013129953,0.999,0.331,0,"12","TYROBP"
0,3.351797446182,0.803,0.14,0,"12","BID"
0,2.95855240287258,0.791,0.132,0,"12","TBXAS1"
0,2.40655117349689,0.797,0.139,0,"12","NCF2"
0,2.79516163669897,0.836,0.18,0,"12","LGALS9"
0,3.31188791426964,0.773,0.12,0,"12","CALHM6"
0,3.18025011423468,0.753,0.101,0,"12","CPPED1"
0,2.00164758414286,0.849,0.199,0,"12","TYMP"
0,4.44466436718434,0.695,0.049,0,"12","CXCL16"
0,6.13687514664625,0.655,0.013,0,"12","HES4"
0,2.91918825912357,0.723,0.085,0,"12","MAFB"
0,2.38404263980586,0.981,0.345,0,"12","HLA-DPA1"
0,1.91281342300964,0.971,0.335,0,"12","HLA-DRB1"
0,3.66837307366568,0.732,0.097,0,"12","OAS1"
0,3.55238414677288,0.706,0.073,0,"12","LILRA2"
0,3.1103813870452,0.761,0.131,0,"12","MTSS1"
0,3.8370988530167,0.687,0.059,0,"12","ADGRE2"
0,3.31087028870893,0.749,0.124,0,"12","BCL2A1"
0,2.28557567138881,0.913,0.289,0,"12","PYCARD"
0,2.61041341035397,0.909,0.291,0,"12","ASAH1"
0,1.9739109462094,0.79,0.172,0,"12","FCN1"
0,2.6221868107284,0.948,0.33,0,"12","NPC2"
0,2.78190696313228,0.717,0.102,0,"12","CLEC7A"
0,2.66527224827323,0.942,0.328,0,"12","STXBP2"
0,2.47036014702618,0.801,0.189,0,"12","HLA-DRB5"
0,2.31614702763707,0.809,0.199,0,"12","LGALS3"
0,3.29463024603911,0.723,0.115,0,"12","ABI3"
0,1.92129313366071,0.963,0.356,0,"12","LGALS1"
0,3.30028326975154,0.675,0.078,0,"12","HK3"
0,4.33531951137811,0.639,0.042,0,"12","GPBAR1"
0,2.00382517459359,0.822,0.227,0,"12","RNF130"
0,2.93844760312914,0.688,0.093,0,"12","PRAM1"
0,4.1642065907312,0.636,0.043,0,"12","CAMK1"
0,2.71486257922311,0.765,0.173,0,"12","MYD88"
0,3.55860617962739,0.666,0.075,0,"12","FAM110A"
0,2.39169866467553,0.709,0.118,0,"12","SLC11A1"
0,3.91300793323822,0.65,0.061,0,"12","RHOB"
0,2.90336598324092,0.743,0.156,0,"12","UNC119"
0,2.81269460344178,0.758,0.172,0,"12","MAPKAPK3"
0,2.74083073083902,0.706,0.12,0,"12","STX11"
0,2.19338362913344,0.914,0.33,0,"12","ANXA5"
0,2.35497172307608,0.769,0.185,0,"12","IFNGR2"
0,2.46216153465313,0.779,0.203,0,"12","POU2F2"
0,2.23343565814687,0.858,0.287,0,"12","TCIRG1"
0,2.39034180739643,0.913,0.344,0,"12","TIMP1"
0,2.58297013556858,0.993,0.425,0,"12","CTSS"
0,4.25502762949369,0.61,0.046,0,"12","SLC2A6"
0,3.83685178866645,0.613,0.05,0,"12","AC090559.1"
0,2.40960864553092,0.875,0.312,0,"12","VASP"
0,2.38209896760735,0.765,0.205,0,"12","LYST"
0,2.73970299616576,0.661,0.101,0,"12","CLEC12A"
0,2.79608376970045,0.654,0.094,0,"12","LILRB3"
0,2.54917686124099,0.729,0.17,0,"12","HSBP1"
0,2.37411754735631,0.816,0.26,0,"12","CASP1"
0,2.02525421213318,0.897,0.344,0,"12","ANXA2"
0,3.05431477087019,0.647,0.095,0,"12","C15orf39"
0,2.60924360945983,0.777,0.227,0,"12","NAAA"
0,1.6291420120472,0.899,0.351,0,"12","HLA-DPB1"
0,2.62904426703209,0.732,0.187,0,"12","NINJ1"
0,2.98227949041089,0.642,0.104,0,"12","PIK3AP1"
0,2.5036048242095,0.932,0.394,0,"12","PTPN6"
0,2.36357151032554,0.758,0.223,0,"12","ATG3"
0,5.33321088459543,0.554,0.019,0,"12","NR4A1"
0,2.15799762301652,0.877,0.346,0,"12","SYNGR2"
0,1.9056073514824,0.942,0.412,0,"12","TKT"
0,2.59511055504973,0.633,0.103,0,"12","IGSF6"
0,3.07906355238786,0.993,0.463,0,"12","SAT1"
0,2.22771455397342,0.819,0.291,0,"12","RGS19"
0,2.37609506872789,0.657,0.132,0,"12","ODF3B"
0,2.15257152970555,0.654,0.13,0,"12","RAB31"
0,3.3891377825478,0.585,0.063,0,"12","SCIMP"
0,2.48012032969601,0.777,0.255,0,"12","CEBPB"
0,2.18999208217069,0.8,0.28,0,"12","CMTM6"
0,2.93337117157113,0.631,0.111,0,"12","INSIG1"
0,2.24816002717855,0.692,0.175,0,"12","THEMIS2"
0,2.20296990892301,0.714,0.198,0,"12","CTSZ"
0,1.8017203449432,0.761,0.246,0,"12","ZEB2"
0,3.12017431524642,0.6,0.085,0,"12","TESC"
0,3.57115731326667,0.579,0.064,0,"12","SIDT2"
0,1.86207021718663,0.731,0.217,0,"12","FCGRT"
0,2.0726334353761,0.801,0.289,0,"12","BRI3"
0,1.97520223354491,0.849,0.337,0,"12","CARD16"
0,2.8960759454642,0.597,0.087,0,"12","ITGAX"
0,2.31192236869498,0.801,0.297,0,"12","CTSC"
0,2.30170559960938,0.716,0.213,0,"12","ZFAND5"
0,3.29680172569932,0.57,0.067,0,"12","KLF4"
0,3.44500891240656,0.568,0.065,0,"12","LMO2"
0,2.03643625776739,0.74,0.238,0,"12","GRINA"
0,2.28619933389716,0.704,0.202,0,"12","JPT1"
0,2.05941277071571,0.933,0.432,0,"12","RHOG"
0,2.88097421532192,0.596,0.095,0,"12","CX3CR1"
0,3.46126082762031,0.559,0.059,0,"12","CD86"
0,1.24429248186487,0.738,0.24,0,"12","GRN"
0,2.19915244651664,0.631,0.134,0,"12","NAMPT"
0,2.58107624970513,0.994,0.498,0,"12","S100A11"
0,4.94592868042616,0.518,0.023,0,"12","CTSL"
0,3.11971101497166,0.559,0.066,0,"12","PLXNB2"
0,1.96070094463797,0.817,0.324,0,"12","RNH1"
0,2.34028353501479,0.943,0.451,0,"12","VSIR"
0,2.1158551695518,0.596,0.106,0,"12","CPVL"
0,1.98049993685635,0.617,0.13,0,"12","MPEG1"
0,2.074128522891,0.812,0.326,0,"12","LTA4H"
0,2.72309108025006,0.568,0.082,0,"12","PLAUR"
0,3.54029283041295,0.557,0.074,0,"12","RRAS"
0,3.49472731280233,0.541,0.062,0,"12","RNF144B"
0,2.8648139076762,0.557,0.078,0,"12","RXRA"
0,2.68783070595995,0.558,0.08,0,"12","CD300E"
0,3.85020065728044,0.515,0.039,0,"12","CD300C"
0,1.90498469369783,0.948,0.472,0,"12","FKBP1A"
0,4.95246974995664,0.493,0.018,0,"12","CALML4"
0,1.44697778455676,0.756,0.282,0,"12","MYO1F"
0,2.38058105030676,0.608,0.134,0,"12","BLVRA"
0,3.028494503949,0.572,0.101,0,"12","IER5"
0,2.4541613561209,0.6,0.129,0,"12","SH3BP2"
0,1.57589616779904,0.806,0.337,0,"12","ATP6V0B"
0,2.55783784198818,0.561,0.094,0,"12","TNFSF13"
0,1.91613828203126,0.91,0.444,0,"12","DRAP1"
0,2.08633827187603,0.67,0.205,0,"12","RAB24"
0,2.29410652714145,0.641,0.176,0,"12","C20orf27"
0,2.33101744103724,0.596,0.131,0,"12","CD300A"
0,4.40592099574109,0.49,0.026,0,"12","TBC1D8"
0,2.43208792357832,0.553,0.091,0,"12","IRAK3"
0,7.10825604973455,0.467,0.006,0,"12","CKB"
0,2.49653982003089,0.559,0.099,0,"12","PAK1"
0,1.88862705174496,0.562,0.104,0,"12","DUSP6"
0,2.14357757287175,0.639,0.181,0,"12","MIDN"
0,2.13264847243383,0.924,0.466,0,"12","CSTB"
0,3.31511004069857,0.524,0.066,0,"12","APOBEC3A"
0,1.84763482560445,0.732,0.274,0,"12","SPN"
0,1.76797725845377,0.899,0.442,0,"12","ARRB2"
0,5.43053413899278,0.47,0.013,0,"12","MS4A4A"
0,1.4270451702427,0.929,0.473,0,"12","NEAT1"
0,2.47476923831562,0.588,0.132,0,"12","RARA"
0,1.95225666712142,0.914,0.459,0,"12","PRELID1"
0,1.44389583396773,0.712,0.257,0,"12","PLEK"
0,1.83065389540509,0.887,0.433,0,"12","DUSP1"
0,2.18843239546887,0.601,0.147,0,"12","SNX10"
0,2.67665881045534,0.533,0.08,0,"12","FCGR2A"
0,2.02166552597322,0.93,0.479,0,"12","RNASET2"
0,1.8506671578564,0.574,0.123,0,"12","CD302"
0,1.58799260834966,0.828,0.379,0,"12","C1orf162"
0,1.91341685753375,0.587,0.139,0,"12","TNFSF13B"
0,2.53279360572489,0.54,0.093,0,"12","MARCKS"
0,3.49829385677083,0.501,0.054,0,"12","SLC31A2"
0,2.58815501523153,0.605,0.158,0,"12","TNFSF10"
0,3.4263806815506,0.497,0.051,0,"12","SECTM1"
0,2.50915703115476,0.543,0.098,0,"12","ZNF385A"
0,2.39520139493676,0.576,0.131,0,"12","AP2A1"
0,1.70822898913838,0.929,0.487,0,"12","GNG5"
0,1.61093221427172,0.917,0.476,0,"12","ZYX"
0,1.55269210067794,0.796,0.356,0,"12","PGLS"
0,1.00407000272589,0.672,0.234,0,"12","HLA-DQB1"
0,3.2617864563916,0.499,0.064,0,"12","SNX18"
0,1.64827855838947,0.891,0.457,0,"12","GNB2"
0,3.76600020784019,0.472,0.038,0,"12","CD300LF"
0,2.33744025136311,0.546,0.115,0,"12","ALOX5"
0,2.20366228952986,0.569,0.138,0,"12","ARAP1"
0,3.31040787388377,0.488,0.058,0,"12","TMEM176B"
0,1.59221343879599,0.791,0.362,0,"12","MYO1G"
0,1.6090098640628,0.746,0.317,0,"12","RNF149"
0,0.915849369068256,0.599,0.17,0,"12","MNDA"
0,2.60115986977314,0.529,0.101,0,"12","UNC93B1"
0,1.43751062215936,0.694,0.266,0,"12","AP1S2"
0,1.93718401988116,0.633,0.206,0,"12","RAB10"
0,2.46116284890974,0.54,0.113,0,"12","GNS"
0,1.22038837504855,0.568,0.141,0,"12","CSTA"
0,1.7860842154629,0.704,0.279,0,"12","SOD2"
0,1.7376633660395,0.823,0.399,0,"12","ADGRE5"
0,2.49704603933644,0.523,0.1,0,"12","HOTAIRM1"
0,2.67143660619148,0.498,0.076,0,"12","BTK"
0,1.43408014209488,0.684,0.264,0,"12","CTSB"
0,2.44365786567201,0.521,0.101,0,"12","ARRB1"
0,1.65708753649997,0.635,0.216,0,"12","ATP6V0D1"
0,1.26876270399205,0.566,0.147,0,"12","HLA-DQA1"
0,2.11337047723376,0.552,0.134,0,"12","SEC14L1"
0,2.05643631938718,0.605,0.188,0,"12","VMP1"
0,5.82734852398974,0.425,0.009,0,"12","ZNF703"
0,1.85249396359682,0.796,0.381,0,"12","TUBA1A"
0,5.39844687671805,0.425,0.012,0,"12","NEURL1"
0,2.41808058499955,0.514,0.103,0,"12","AMPD2"
0,4.39591347095765,0.434,0.023,0,"12","CDH23"
0,2.54250457989045,0.486,0.075,0,"12","CDK2AP1"
0,2.71906877410478,0.491,0.082,0,"12","SLC16A3"
0,3.09327141105999,0.469,0.061,0,"12","FAM49A"
0,2.00376912115545,0.57,0.163,0,"12","IMPDH1"
0,3.00352171361271,0.463,0.059,0,"12","RELT"
0,1.90484534092262,0.655,0.254,0,"12","VAMP5"
0,1.8116362835436,0.579,0.181,0,"12","MAP2K3"
0,1.4996553019201,0.75,0.353,0,"12","SEC11A"
0,3.09527611893658,0.995,0.599,0,"12","PSAP"
0,5.3297115449178,0.405,0.011,0,"12","ICAM4"
0,1.42603962797315,0.816,0.422,0,"12","WASF2"
0,4.23206274917523,0.418,0.024,0,"12","MYOF"
0,1.53097602422745,0.819,0.427,0,"12","CSK"
0,2.81432242135353,0.46,0.069,0,"12","IRF5"
0,1.97143531871897,0.535,0.145,0,"12","NAGK"
0,1.55911849651084,0.917,0.528,0,"12","GSTP1"
0,2.36585441075571,0.481,0.093,0,"12","NUDT16"
0,3.15610062176652,0.999,0.612,0,"12","COTL1"
0,1.81680878124279,0.575,0.189,0,"12","EPN1"
0,5.21798371542401,0.395,0.011,0,"12","BATF3"
0,1.98230290367869,0.529,0.147,0,"12","ATP6V1B2"
0,2.86148745772795,0.443,0.061,0,"12","SMCO4"
0,2.9349020984376,0.439,0.06,0,"12","FGD2"
0,2.21861980041709,0.488,0.111,0,"12","DENND10"
0,1.58493108713071,0.496,0.119,0,"12","CD79B"
0,2.36135859278962,0.45,0.074,0,"12","CDA"
0,1.53311751313813,0.895,0.52,0,"12","NAP1L1"
0,1.4626295224538,0.804,0.43,0,"12","BLOC1S1"
0,3.09802835452922,0.416,0.042,0,"12","P2RX1"
0,3.06735782901782,0.427,0.053,0,"12","SIRPB1"
0,1.83677306686789,0.479,0.106,0,"12","TGFBI"
0,3.00368546547642,0.422,0.051,0,"12","SLC8A1"
0,3.0575074134145,0.419,0.048,0,"12","RASGRP4"
0,1.90568037247097,0.964,0.594,0,"12","ATP6V0C"
0,5.82326336308624,0.377,0.007,0,"12","AC064805.1"
0,1.99587967053858,0.47,0.1,0,"12","TIMP2"
0,3.51389587709581,0.412,0.042,0,"12","CEBPA"
0,3.22490177086068,0.412,0.043,0,"12","DAPK1"
0,1.81787658659364,0.515,0.148,0,"12","NOTCH2"
0,3.06976119010954,0.422,0.055,0,"12","KDM1B"
0,3.98188595585585,0.396,0.029,0,"12","C3AR1"
0,1.958491843703,0.548,0.182,0,"12","EHBP1L1"
0,2.56880658555685,0.456,0.09,0,"12","GCH1"
0,2.67591852392192,0.427,0.063,0,"12","SLC43A2"
0,1.69301580772745,0.798,0.435,0,"12","TUBA1B"
0,2.25048064256589,0.471,0.108,0,"12","PDLIM5"
0,2.56101068427641,0.446,0.084,0,"12","SH2D3C"
0,2.4204021976676,0.447,0.086,0,"12","RALB"
0,3.12704924127591,0.412,0.051,0,"12","MCOLN1"
0,2.02777180622314,0.448,0.088,0,"12","DMXL2"
0,2.00929729354183,0.488,0.129,0,"12","NADK"
0,3.98529232231438,0.385,0.026,0,"12","MXD3"
0,1.28206110231346,0.885,0.534,0,"12","ARPC5"
0,3.41305320990325,0.387,0.037,0,"12","CHST15"
0,2.68019863666085,0.418,0.068,0,"12","NAGA"
0,1.34945505095983,0.929,0.58,0,"12","TPI1"
0,2.25641055850095,0.449,0.102,0,"12","ITPK1"
0,1.94900131455882,0.471,0.126,0,"12","SULT1A1"
0,3.28030409993963,0.382,0.038,0,"12","ALDH3B1"
0,1.35740464247603,0.838,0.496,0,"12","SH3BGRL"
0,1.91217543787515,0.487,0.146,0,"12","ATP1B3"
0,2.60243771089039,0.395,0.059,0,"12","DOK3"
0,1.7856324688301,0.455,0.123,0,"12","PRKCD"
0,3.133346596705,0.37,0.04,0,"12","EPB41L3"
0,3.16079379274741,0.37,0.042,0,"12","ADAP2"
0,2.99465261526798,0.373,0.046,0,"12","DOCK5"
0,2.00156252805834,0.446,0.119,0,"12","ARHGAP27"
0,1.81338145867334,0.421,0.094,0,"12","LRRK2"
0,2.13429149033613,0.446,0.122,0,"12","LFNG"
0,2.90740606296199,0.371,0.05,0,"12","TTYH3"
0,2.34503825670872,0.415,0.094,0,"12","ANXA4"
0,2.85697691675098,0.372,0.056,0,"12","PHF19"
0,3.42679110032046,0.349,0.033,0,"12","LPCAT2"
0,2.19588123671559,0.393,0.079,0,"12","CDKN1A"
0,2.00478215532941,0.431,0.118,0,"12","RNPEP"
0,2.13924371702755,0.425,0.112,0,"12","CNIH4"
0,2.68396576114542,0.367,0.055,0,"12","KYNU"
0,2.22713466839877,0.383,0.071,0,"12","LYL1"
0,4.24858666527245,0.335,0.023,0,"12","PPM1N"
0,2.70328634714075,0.365,0.055,0,"12","GRK3"
0,9.45306888875113,0.309,0,0,"12","AC104809.2"
0,2.35283152755972,0.381,0.072,0,"12","KIAA0930"
0,2.26197087390323,0.386,0.082,0,"12","SH2B3"
0,1.23252337891455,0.895,0.592,0,"12","CAP1"
0,1.49619198039295,0.9,0.597,0,"12","PGK1"
0,2.11170136525312,0.397,0.095,0,"12","C11orf21"
0,2.572969217804,0.352,0.05,0,"12","MCTP1"
0,2.24893124143359,0.387,0.087,0,"12","RNF141"
0,2.20018730983079,0.383,0.084,0,"12","GAA"
0,2.09957512651996,0.387,0.089,0,"12","CTNNA1"
0,2.11231950325853,0.389,0.092,0,"12","C9orf72"
0,10.4551873164271,0.298,0.001,0,"12","LYPD2"
0,3.72568590009269,0.32,0.023,0,"12","ZDHHC1"
0,3.4074514662579,0.328,0.032,0,"12","PLAGL2"
0,2.29182688702367,0.374,0.079,0,"12","PLXNC1"
0,2.18554792875223,0.37,0.077,0,"12","HRH2"
0,2.99598506888596,0.33,0.038,0,"12","SORT1"
0,2.49336164646343,0.343,0.053,0,"12","SOX4"
0,3.70036964682418,0.317,0.027,0,"12","TNF"
0,2.66066643077029,0.34,0.051,0,"12","FCGR2B"
0,2.54313174717036,0.343,0.054,0,"12","CHST2"
0,2.22563353024095,0.369,0.081,0,"12","CARD9"
0,1.56287560203136,0.89,0.604,0,"12","LY6E"
0,2.30148326680687,0.363,0.079,0,"12","ADA"
0,2.25777573107823,0.372,0.089,0,"12","HSPA1A"
0,5.58207568079321,0.289,0.006,0,"12","LINC02432"
0,2.81782743651781,0.323,0.045,0,"12","SLC1A5"
0,2.557925803349,0.334,0.057,0,"12","PPM1F"
0,5.84380137122632,0.282,0.005,0,"12","TNFRSF8"
0,1.80354166450352,0.975,0.699,0,"12","ALDOA"
0,5.23041031207016,0.283,0.008,0,"12","PAPSS2"
0,7.68786439191252,0.274,0.003,0,"12","C1QA"
0,2.12778051431988,0.338,0.067,0,"12","CD33"
0,3.57365000710987,0.295,0.024,0,"12","RBBP8"
0,2.27993379024206,0.3,0.03,0,"12","PLD4"
0,5.63763454059747,0.275,0.006,0,"12","FCGR3B"
0,2.8381107536034,0.31,0.045,0,"12","PTP4A3"
0,2.67967960240007,0.309,0.046,0,"12","GNB4"
0,2.91136890853866,0.301,0.038,0,"12","TMEM176A"
0,2.63599087539275,0.328,0.065,0,"12","FBP1"
0,2.49897253575674,0.316,0.053,0,"12","PLEKHO2"
0,3.72671776417644,0.284,0.021,0,"12","TNNI2"
0,1.56724296917908,0.93,0.671,0,"12","CALM2"
0,2.99785997547364,0.295,0.038,0,"12","GPR137B"
0,2.23418728621183,0.32,0.064,0,"12","DENND3"
0,2.24590544104388,0.316,0.064,0,"12","HHEX"
0,2.48579519702595,0.28,0.03,0,"12","MGLL"
0,3.85216484416095,0.268,0.019,0,"12","LINC00877"
0,2.30118569708163,0.313,0.064,0,"12","TENT5A"
0,2.29926715171225,0.311,0.062,0,"12","RNF135"
0,2.37155567034527,0.299,0.051,0,"12","NFAM1"
0,3.90892649402157,0.265,0.018,0,"12","ADGRE1"
0,2.28055189709881,0.301,0.055,0,"12","TLR4"
0,3.09397288548778,0.276,0.032,0,"12","MTMR11"
0,3.26647682416834,0.269,0.027,0,"12","S100Z"
0,2.19281847204337,0.301,0.059,0,"12","LTBR"
0,3.03259864202752,0.272,0.033,0,"12","P2RY13"
0,2.39995336591326,0.287,0.048,0,"12","KIAA0513"
0,1.09539981044554,0.979,0.741,0,"12","ITGB2"
0,3.5776022042139,0.254,0.019,0,"12","PDK4"
0,2.59018955623173,0.281,0.047,0,"12","APH1B"
0,2.58430508855622,0.281,0.049,0,"12","RP2"
0,2.30663248826833,0.28,0.049,0,"12","KCNE3"
0,3.39187062756618,0.256,0.025,0,"12","CHST7"
0,3.6916181750345,0.25,0.02,0,"12","RIN1"
0,3.22948267749063,0.253,0.026,0,"12","SH2B2"
0,2.52121168780302,0.271,0.045,0,"12","EVI5"
0,2.37196317074054,0.271,0.046,0,"12","MEFV"
0,1.01586144603235,0.971,0.746,0,"12","RNASEK"
0,2.43106029762955,0.273,0.05,0,"12","SNAPC3"
0,2.9602439812111,0.251,0.031,0,"12","FGD4"
0,1.30485718490164,0.994,0.784,0,"12","ARPC1B"
0,1.79010330205256,1,0.793,0,"12","S100A4"
0,1.39264221236771,0.993,0.789,0,"12","GABARAP"
0,1.3403325446712,0.965,0.772,0,"12","EMP3"
0,1.07743966002445,0.999,0.824,0,"12","CD74"
0,1.34543318203961,0.986,0.821,0,"12","RHOA"
0,2.37794703409785,0.998,0.834,0,"12","IFITM2"
0,1.28359805784763,0.981,0.819,0,"12","ARPC2"
0,1.57044586707655,0.993,0.835,0,"12","ARPC3"
0,0.948488636809746,0.974,0.822,0,"12","TPM3"
0,1.06796691224292,0.983,0.836,0,"12","CYBA"
0,1.70740312846943,0.999,0.869,0,"12","S100A6"
0,1.27858757702227,0.987,0.865,0,"12","YBX1"
0,1.48651395022777,0.999,0.887,0,"12","OAZ1"
0,1.20590064263826,1,0.91,0,"12","MYL6"
0,0.90395464566348,0.986,0.898,0,"12","SLC25A6"
0,0.974874628846974,0.999,0.918,0,"12","H3F3A"
0,0.665701419425106,0.999,0.951,0,"12","SH3BGRL3"
0,0.785604187546674,0.998,0.974,0,"12","CFL1"
0,0.961517599522332,1,0.99,0,"12","PFN1"
0,2.42722537730224,1,0.991,0,"12","FTL"
0,2.36571520146259,1,0.994,0,"12","FTH1"
0,1.23470225861107,1,0.999,0,"12","ACTB"
0,0.650975363374537,1,0.999,0,"12","TMSB4X"
9.88131291682493e-324,1.81758612222064,0.786,0.426,1.94592695271033e-319,"12","MT2A"
1.25492674043677e-321,1.85743900966423,0.522,0.17,2.47132722994212e-317,"12","PLCB2"
3.30035851421953e-321,1.4216864263886,0.439,0.113,6.49939602205251e-317,"12","LRP1"
5.50389129467149e-321,2.37096273516346,0.298,0.061,1.08388131265966e-316,"12","CALHM2"
7.7667119526244e-321,2.06786515833101,0.531,0.183,1.52949858483032e-316,"12","MARCKSL1"
2.07112318736651e-320,1.0216229774452,0.909,0.538,4.07866289288086e-316,"12","TSPO"
8.37565774243665e-318,1.25586858068632,0.874,0.542,1.64941827921805e-313,"12","LRRFIP1"
9.77545974745596e-316,1.37581910531941,0.765,0.367,1.9250812880665e-311,"12","MTPN"
2.89334188642083e-314,1.55421065098337,0.662,0.27,5.69785817692853e-310,"12","PPT1"
5.98303686649846e-314,1.57294120022783,0.564,0.19,1.17823945011954e-309,"12","CDC42EP3"
1.18851038626906e-313,1.90531165895386,0.412,0.11,2.34053350367966e-309,"12","EIF4EBP1"
1.25708351395518e-312,1.73235352871187,0.453,0.128,2.47557456403193e-308,"12","SKAP2"
5.28767044380204e-312,1.51472786611448,0.647,0.256,1.04130094049794e-307,"12","CAPZA2"
3.55128182595998e-311,2.19349265725678,0.301,0.063,6.99353929986298e-307,"12","CAMKK2"
1.25032277515252e-310,2.16056719291461,0.328,0.074,2.46226064110786e-306,"12","ACOT9"
8.86935710107858e-310,2.07730413571011,0.38,0.097,1.7466424939154e-305,"12","ZMIZ1"
1.01232447528075e-308,1.4966275852221,0.382,0.093,1.99357058917038e-304,"12","RAB32"
7.88315114107e-307,1.98443230016792,0.405,0.109,1.55242895421092e-302,"12","PRKACA"
2.37595938019567e-306,1.42414019673142,0.473,0.135,4.67897680741933e-302,"12","MEF2C"
2.60018179951039e-305,2.12868604671679,0.355,0.087,5.12053801777582e-301,"12","PIK3CG"
1.13529283183187e-304,2.27469132227799,0.284,0.058,2.2357321737265e-300,"12","TNFAIP8L2"
1.27918918568974e-304,1.55484319876257,0.611,0.23,2.5191072633788e-300,"12","UBE2J1"
3.0779460670035e-304,1.92290643552398,0.374,0.094,6.06139918975e-300,"12","SERTAD3"
2.75634853069792e-303,1.9096079956598,0.418,0.116,5.42807716150341e-299,"12","NAPRT"
6.6003798739168e-301,1.67049218273581,0.391,0.101,1.29981280857044e-296,"12","SNN"
1.85953550749584e-297,1.39511279952965,0.866,0.597,3.66198327491155e-293,"12","GNAI2"
1.12972346418887e-295,1.73395347742365,0.54,0.19,2.22476441802714e-291,"12","CAT"
4.13361930961711e-295,2.07232954688233,0.341,0.082,8.14033650642897e-291,"12","OAZ2"
5.90995899011236e-295,1.35133720607427,0.845,0.542,1.16384822392283e-290,"12","PTP4A2"
1.1186318956842e-293,1.51229434539212,0.751,0.394,2.2029217921709e-289,"12","POLD4"
1.80390710097689e-292,2.23203295878366,0.288,0.061,3.55243425395378e-288,"12","KLF11"
4.42959435374313e-292,1.96900162351498,0.3,0.065,8.72320016082634e-288,"12","TLR2"
2.46785745703e-290,1.78040537504203,0.605,0.25,4.85995169012918e-286,"12","MBD2"
2.65243047216933e-290,1.4957051133544,0.712,0.339,5.22343132884307e-286,"12","CHCHD10"
6.0853322288633e-290,1.33541316627654,0.805,0.479,1.19838447583005e-285,"12","GDI2"
6.55064772649365e-290,1.03606087402592,0.937,0.695,1.29001905677839e-285,"12","ELOB"
1.35593082048797e-289,0.992120908235127,0.94,0.64,2.67023456478695e-285,"12","CLIC1"
4.26766507303164e-289,1.27515271293574,0.82,0.467,8.4043128283212e-285,"12","EVI2B"
5.14470170796988e-289,1.94120562761467,0.395,0.108,1.01314610735051e-284,"12","IL10RB"
3.26412910772033e-286,2.21741086149348,0.261,0.052,6.42804945183364e-282,"12","SLC15A3"
2.34401927193764e-284,1.09018647082672,0.854,0.46,4.6160771522268e-280,"12","RAC1"
2.47914058649314e-284,1.82543587805338,0.359,0.09,4.88217155698093e-280,"12","EMILIN2"
3.05968264702362e-284,1.66013863637839,0.674,0.303,6.02543303678362e-280,"12","NFKBIZ"
3.7919818346414e-284,1.8512314493055,0.46,0.145,7.46754982695932e-280,"12","DPEP2"
5.01820833909685e-284,2.05542383346917,0.35,0.089,9.88235768218344e-280,"12","WDR11"
1.37065863249618e-283,1.9117216888414,0.314,0.072,2.69923804497472e-279,"12","CLEC4A"
4.4211287736591e-283,1.46183572533028,0.42,0.115,8.70652889396688e-279,"12","TNFAIP2"
5.04434823195929e-282,1.08734434637743,0.902,0.639,9.93383497319742e-278,"12","MSN"
5.22310593288814e-281,1.65885540424213,0.539,0.191,1.02858625136366e-276,"12","GLUL"
6.50671002805999e-280,1.01173055072412,0.908,0.698,1.28136640582585e-275,"12","HCLS1"
7.27710432251991e-280,1.29943422024297,0.783,0.431,1.43308015423385e-275,"12","PGAM1"
2.08166276872378e-276,1.52369658763294,0.545,0.193,4.09941849044774e-272,"12","RILPL2"
1.12117847695265e-275,2.14243724565441,0.29,0.065,2.20793677466285e-271,"12","ADAP1"
1.84899835967249e-275,1.72042710399063,0.435,0.131,3.64123246970303e-271,"12","SCPEP1"
3.10518006242743e-275,1.9761621033753,0.327,0.08,6.11503109693833e-271,"12","LY96"
8.57932372269852e-275,1.65285131025989,0.548,0.204,1.68952622071102e-270,"12","ACAA1"
1.01473848787462e-274,2.02566274801562,0.299,0.068,1.99832450417149e-270,"12","METTL7A"
3.10010104121466e-272,1.92484826966427,0.262,0.054,6.10502898046402e-268,"12","JDP2"
1.3061846418851e-269,1.43400839284633,0.528,0.18,2.57226941526434e-265,"12","CTSH"
3.00075057892658e-267,1.42583175900482,0.582,0.22,5.90937811508012e-263,"12","AGTRAP"
7.30906531788726e-267,1.93024282191888,0.357,0.095,1.43937423305154e-262,"12","FKBP15"
1.27369287781724e-266,1.60281875140849,0.308,0.072,2.50828338428548e-262,"12","CD83"
4.11346942817943e-266,1.4646121888374,0.663,0.298,8.10065534491375e-262,"12","DOK2"
2.84226665956693e-265,1.60581756726003,0.531,0.192,5.59727573268515e-261,"12","MIS18BP1"
3.79641308930342e-263,2.14751697026747,0.268,0.058,7.47627629676523e-259,"12","UBE2E2"
5.10352087556587e-263,1.78291254118659,0.385,0.108,1.00503636602519e-258,"12","METRNL"
7.56615513190954e-263,0.910564782830815,0.961,0.652,1.49000293012695e-258,"12","SRGN"
2.48041589040293e-262,0.72868706592695,0.991,0.924,4.88468301297049e-258,"12","CORO1A"
2.23459109662735e-261,1.70238098073275,0.499,0.176,4.40058024658824e-257,"12","RNF13"
6.42651920208102e-261,1.87022354329117,0.316,0.077,1.26557442646582e-256,"12","SULF2"
5.15325301446314e-260,1.58758619954996,0.531,0.196,1.01483011613823e-255,"12","FAM32A"
7.96683525475535e-260,0.969077273137638,0.935,0.724,1.56890886671897e-255,"12","LCP1"
3.80069320754413e-259,1.62624633086787,0.534,0.203,7.48470513361666e-255,"12","VPS35"
8.49654733481178e-259,2.01321844936449,0.301,0.072,1.67322506664448e-254,"12","ROGDI"
1.25602943319016e-256,1.86316109706926,0.368,0.103,2.47349876278137e-252,"12","MTHFD2"
5.42002148341378e-255,1.94931374978249,0.325,0.083,1.06736483072868e-250,"12","SCARB2"
7.6608755933967e-254,1.17575395405981,0.77,0.401,1.50865623060761e-249,"12","TRAPPC5"
9.90573202185253e-253,1.63002278600104,0.588,0.249,1.95073580706342e-248,"12","ZBTB7A"
1.27298751737026e-252,1.8532416950241,0.367,0.104,2.50689431795725e-248,"12","SCLT1"
1.3546318869432e-252,1.59753419492057,0.522,0.195,2.66767657495725e-248,"12","UBE2R2"
1.52189955312261e-251,1.20528966892856,0.826,0.54,2.99707678996436e-247,"12","SLC25A5"
1.32145166641037e-250,1.05876628882008,0.857,0.549,2.60233476666195e-246,"12","PPP1CA"
4.21614128660776e-250,1.26948312790908,0.395,0.11,8.30284703571667e-246,"12","FPR1"
2.36608779697948e-249,0.598311767186603,0.999,0.969,4.65953669859169e-245,"12","SERF2"
4.61896692524016e-248,2.00712544641301,0.29,0.069,9.09613156587545e-244,"12","SLC6A6"
1.15898666111671e-246,2.08087917681087,0.273,0.063,2.28239243173713e-242,"12","FUCA2"
5.83552898593238e-246,1.46728965172132,0.42,0.129,1.14919072319966e-241,"12","RGS2"
9.23832964034464e-246,1.2627705560687,0.699,0.339,1.81930425607307e-241,"12","RBX1"
5.87148642466526e-245,1.92222705724511,0.271,0.062,1.15627182160933e-240,"12","OSCAR"
7.6904743225323e-245,1.22899490988499,0.719,0.35,1.51448510833629e-240,"12","AP2S1"
1.63019856325312e-243,2.0611031712498,0.269,0.062,3.21035003061436e-239,"12","ETS2"
2.4514293028959e-243,1.97875380846377,0.308,0.079,4.8275997261929e-239,"12","NANS"
8.19233028964107e-242,0.940436159036156,0.903,0.661,1.61331560393902e-237,"12","COX5B"
8.69127003657406e-242,1.47460328103453,0.558,0.222,1.71157180830253e-237,"12","ADA2"
6.63264876171969e-241,0.843177116889628,0.95,0.772,1.30616752064546e-236,"12","S100A10"
5.90136251315441e-240,1.70779052959011,0.416,0.133,1.1621553197155e-235,"12","CACUL1"
8.6086275430281e-239,1.91369393117301,0.325,0.087,1.69529702204852e-234,"12","CD58"
1.15242679972113e-237,2.00970612114743,0.289,0.071,2.26947409669082e-233,"12","PSEN1"
8.99987570740536e-236,1.26708354933203,0.623,0.262,1.77234552305934e-231,"12","C4orf48"
3.08624861198665e-235,1.1908617859194,0.584,0.238,6.07774939158531e-231,"12","PTPN18"
4.69436695340329e-235,1.93721580286094,0.319,0.086,9.2446168413371e-231,"12","AGPAT2"
4.77601117025628e-235,0.979986182424953,0.888,0.646,9.40539879758569e-231,"12","HIGD2A"
1.90029974995791e-233,1.5609496165272,0.365,0.105,3.7422602975921e-229,"12","MARCH1"
2.34835107234765e-233,1.17363571333452,0.737,0.379,4.62460776677423e-229,"12","CNPY3"
5.53285211433777e-233,1.78010501562023,0.37,0.111,1.08958456687654e-228,"12","VAMP3"
6.68480139156725e-231,1.44168766789824,0.639,0.311,1.31643793804134e-226,"12","PKN1"
2.16414646572135e-230,1.18058685493559,0.816,0.531,4.26185363494505e-226,"12","PSME2"
6.71355371023059e-230,1.11851138753564,0.781,0.442,1.32210013215571e-225,"12","GRB2"
7.63367347149952e-230,1.66270973343683,0.426,0.142,1.5032993167424e-225,"12","MAP3K11"
1.43110753253563e-229,1.59632081653363,0.446,0.154,2.81828006382241e-225,"12","GUSB"
6.34266065750171e-229,1.7287316768909,0.373,0.113,1.24906016328181e-224,"12","SNAP29"
2.50357232645936e-228,1.6439205386904,0.313,0.082,4.93028498249642e-224,"12","SWAP70"
2.80653323208652e-228,2.02883758070119,0.266,0.064,5.52690589394799e-224,"12","NOTCH2NLA"
8.91348282217459e-228,1.36733705930412,0.586,0.249,1.75533217217084e-223,"12","ITGAL"
2.38245386839049e-227,1.55841528258518,0.289,0.071,4.69176640302139e-223,"12","PYGL"
4.17741595611365e-226,1.7583597225707,0.38,0.118,8.2265852423746e-222,"12","PNPLA6"
5.43965540859991e-226,1.4974087021448,0.525,0.209,1.07123133961558e-221,"12","PSMA4"
3.28744965736368e-225,1.17501882168626,0.762,0.437,6.47397461024629e-221,"12","H2AFZ"
3.34648756038567e-225,1.47716612033906,0.555,0.236,6.59023795266751e-221,"12","LAPTM4A"
4.74332104569105e-224,0.959854832789054,0.859,0.56,9.34102213527939e-220,"12","LAMTOR4"
2.67045230780881e-223,1.47667148022072,0.599,0.276,5.25892172976789e-219,"12","WSB1"
3.31097113946682e-223,1.63911747807299,0.401,0.13,6.52029546495202e-219,"12","PHTF2"
3.16477209803443e-222,1.09131197013695,0.812,0.548,6.2323856926592e-218,"12","ATP5F1B"
5.0291925279617e-222,1.27049952616609,0.694,0.359,9.90398884531497e-218,"12","GRK2"
9.00067620416078e-222,1.66289866862997,0.289,0.073,1.77250316488538e-217,"12","EAF2"
1.13294078827923e-221,1.53992101308006,0.437,0.15,2.23110029435829e-217,"12","PRDX3"
3.85367421663788e-221,0.836072967934702,0.918,0.729,7.58904063482497e-217,"12","COX6B1"
7.36939722598473e-221,0.949967123502959,0.872,0.578,1.45125539571317e-216,"12","COX8A"
7.6066874491605e-221,1.95150620226395,0.307,0.084,1.49798495936318e-216,"12","PITPNM1"
2.8600416406371e-220,0.882875209324141,0.899,0.655,5.63228000290664e-216,"12","EIF4A1"
1.29002755824829e-219,1.36710661217812,0.587,0.258,2.54045127045836e-215,"12","SUPT4H1"
3.99647946371572e-219,1.12823374323127,0.691,0.341,7.87026700789538e-215,"12","CDKN2D"
5.31656604051555e-217,1.34349937938044,0.565,0.236,1.04699135035873e-212,"12","ZNF106"
6.9660347038887e-216,1.36763129728684,0.564,0.239,1.3718212142368e-211,"12","PARVG"
2.29165992132639e-215,1.31114825183282,0.621,0.29,4.51296588306807e-211,"12","UQCRC1"
2.57731513103234e-215,1.05321538870339,0.836,0.562,5.07550668754199e-211,"12","PSMB9"
9.97739117251322e-215,1.59056199497113,0.443,0.159,1.96484764360303e-210,"12","MPC1"
8.55021660306305e-214,2.00246270164518,0.256,0.062,1.68379415564121e-209,"12","RENBP"
1.29200334690706e-213,1.30883914691487,0.568,0.24,2.54434219106407e-209,"12","SNX2"
2.53514840006494e-213,1.4200838386749,0.551,0.234,4.99246774424788e-209,"12","PFKL"
2.69728274322012e-213,1.77607103287268,0.32,0.091,5.31175890622337e-209,"12","NRROS"
4.31356173874888e-210,0.878637738740767,0.899,0.676,8.49469713211817e-206,"12","CAPZB"
5.89010665352942e-210,1.94164938473368,0.259,0.064,1.15993870327955e-205,"12","CD244"
1.83320252637938e-207,1.26920879164598,0.615,0.284,3.61012573519892e-203,"12","NOP10"
8.64019297527488e-207,1.48681848620487,0.436,0.155,1.70151320262088e-202,"12","BACH1"
1.57489520296617e-205,1.83360345457279,0.292,0.079,3.10144112320129e-201,"12","RAP1GAP2"
4.80829066757849e-205,1.26912862222931,0.673,0.35,9.46896681166233e-201,"12","CAPNS1"
9.65083680010752e-205,0.884505998475765,0.599,0.242,1.90053929104517e-200,"12","APLP2"
2.71674724079066e-204,0.96350099728483,0.711,0.347,5.35009034128905e-200,"12","EFHD2"
4.17795928850086e-203,1.6017665885938,0.392,0.132,8.22765522684474e-199,"12","YPEL2"
5.76798065006186e-203,1.44170478014288,0.448,0.168,1.13588842941668e-198,"12","IRF7"
2.13491703837018e-202,1.77585822402169,0.28,0.074,4.20429212366239e-198,"12","PLCG2"
1.10481996954586e-201,1.85021899798419,0.306,0.088,2.17572196602666e-197,"12","DDAH2"
9.3738565852231e-201,1.76751331210899,0.296,0.082,1.84599357732798e-196,"12","LACTB"
9.35167315333871e-200,1.45370346818151,0.323,0.093,1.84162499408699e-195,"12","PLXDC2"
1.62042578796552e-199,1.85302658338471,0.257,0.065,3.19110450424051e-195,"12","RRP12"
4.08020256907692e-199,2.00802788127313,0.256,0.065,8.03514291928319e-195,"12","OAS3"
1.013174815047e-198,1.84685773857763,0.314,0.093,1.99524516327206e-194,"12","AGPAT3"
3.71523301890244e-198,1.20633641205462,0.603,0.275,7.31640838412458e-194,"12","SDCBP"
7.08694336133722e-198,0.794535980476147,0.928,0.723,1.39563175614814e-193,"12","SERP1"
7.23675797504811e-198,1.26615153973793,0.634,0.313,1.42513474802622e-193,"12","ZNF706"
2.28523622913827e-197,1.66894302010518,0.294,0.082,4.50031570604199e-193,"12","PSTPIP2"
3.62959385894093e-197,1.24758421355344,0.668,0.359,7.14775918641238e-193,"12","TMBIM4"
3.92306143216754e-197,1.55542508136442,0.446,0.169,7.72568487836753e-193,"12","TRIM8"
3.81591182000954e-196,0.783907315757388,0.774,0.403,7.51467514714479e-192,"12","TALDO1"
6.17982086913357e-196,1.86810322422853,0.264,0.069,1.21699212375847e-191,"12","RIPOR1"
1.11944676476506e-195,1.93701755177792,0.252,0.064,2.20452651385183e-191,"12","SPTSSA"
1.76207935030803e-195,0.883037419926163,0.868,0.628,3.4700628645616e-191,"12","PRR13"
8.06477456117632e-195,1.64328331850179,0.363,0.119,1.58819605433245e-190,"12","MIIP"
1.24698744757217e-194,1.62741172209076,0.393,0.137,2.45569238050388e-190,"12","ERGIC1"
2.83070206774548e-194,1.50243774184246,0.433,0.16,5.57450158201116e-190,"12","LAP3"
7.7773805475127e-194,1.71312612596886,0.284,0.078,1.53159955122168e-189,"12","RASSF4"
2.03223215169227e-193,0.905752034498439,0.873,0.669,4.00207477632758e-189,"12","HMGN2"
3.95829646496962e-193,1.80563778718721,0.29,0.082,7.79507322846468e-189,"12","STK40"
1.30178832571249e-192,1.05154280161824,0.526,0.208,2.56361174982561e-188,"12","MAP3K8"
1.89797754573841e-192,1.26472400327497,0.519,0.217,3.73768718082265e-188,"12","PLEKHO1"
2.70097100694841e-192,1.32107419894446,0.534,0.231,5.31902220398351e-188,"12","RAB8A"
2.33545092095606e-191,1.62465457233848,0.355,0.115,4.59920349863878e-187,"12","DENND5A"
2.59119036396706e-191,1.30272425627833,0.418,0.146,5.10283118376033e-187,"12","SYK"
7.84175319827542e-191,1.19934607857449,0.653,0.336,1.54427645733638e-186,"12","DOCK8"
8.1831550262578e-191,1.46972410082343,0.473,0.189,1.61150871932095e-186,"12","GMIP"
5.08632371564523e-190,1.58656267652493,0.377,0.129,1.00164972932202e-185,"12","GYG1"
1.03259817104564e-189,1.54574425685848,0.402,0.144,2.03349557824018e-185,"12","SLC66A3"
2.40377070370479e-189,1.81422360826882,0.299,0.088,4.73374564680585e-185,"12","PMVK"
5.25028127516958e-189,1.00628231925107,0.785,0.488,1.03393789151915e-184,"12","WAS"
8.31611489215667e-188,1.25670902745304,0.591,0.281,1.63769250571241e-183,"12","HM13"
2.35911156708316e-187,1.83718305875699,0.263,0.071,4.64579840905686e-183,"12","SBF2"
6.09662876772061e-187,1.25871255782746,0.656,0.351,1.20060910322722e-182,"12","PRDX1"
4.59090160419244e-186,1.16599403601021,0.554,0.239,9.04086252913616e-182,"12","ID2"
4.82184893716195e-186,1.31448756553641,0.561,0.26,9.49566711195302e-182,"12","SH3BP1"
8.05351615970552e-186,0.784738717726809,0.9,0.687,1.58597893733081e-181,"12","COX6A1"
1.97907007034734e-185,1.61354396103262,0.348,0.114,3.89738268953501e-181,"12","CERT1"
1.18731714312137e-183,1.56077218745632,0.376,0.131,2.3381836499489e-179,"12","MICAL1"
2.30640990420654e-183,1.32317353689787,0.572,0.275,4.54201302435395e-179,"12","VPS29"
4.98641407276397e-182,1.42389382747891,0.444,0.173,9.81974523349408e-178,"12","ARRDC1"
1.27633957450825e-181,1.31851620795913,0.531,0.237,2.5134955240791e-177,"12","DOCK2"
1.81315901055801e-181,1.74742401147877,0.304,0.093,3.57065403949188e-177,"12","PIEZO1"
8.42172777209736e-181,1.72855057730268,0.321,0.102,1.65849085015913e-176,"12","MFSD12"
1.15675666741651e-180,1.81091043233306,0.362,0.126,2.27800090514333e-176,"12","GBP1"
2.87372515990091e-180,1.12292066244035,0.635,0.315,5.65922695739286e-176,"12","GLIPR1"
4.4692783419928e-180,1.36265701363668,0.47,0.19,8.80134983888642e-176,"12","EIF4E2"
1.53650465177634e-179,1.36874498314393,0.473,0.193,3.02583861074315e-175,"12","ATG16L2"
3.37595766762452e-179,1.12421113321729,0.663,0.354,6.64827343485297e-175,"12","RAB5C"
3.51944194746363e-179,1.31615766900643,0.337,0.108,6.93083702714013e-175,"12","CD151"
5.80102072726571e-178,1.06258946865844,0.746,0.455,1.14239501182044e-173,"12","SELPLG"
2.75653427449103e-176,1.17196439130637,0.596,0.289,5.42844294675519e-172,"12","RTN4"
8.72684448840422e-176,1.47330646089092,0.27,0.075,1.71857748510144e-171,"12","CORO1C"
7.73136607012847e-175,1.24674193805521,0.574,0.276,1.5225379201904e-170,"12","REEP5"
1.26835661460854e-174,1.42881467117891,0.394,0.143,2.49777468114859e-170,"12","TXNDC17"
1.12503985327319e-173,0.548405719978405,0.998,0.962,2.21554098305089e-169,"12","ACTG1"
7.12931162566247e-172,1.18709216847653,0.569,0.268,1.40397533844171e-167,"12","RIN3"
1.00009565258407e-171,1.09183214710411,0.624,0.313,1.96948836863381e-167,"12","H2AFY"
1.51569376271391e-171,1.26858797255057,0.533,0.243,2.9848557269125e-167,"12","MGAT1"
9.76287162290273e-171,0.517816279321789,0.995,0.966,1.92260230869824e-166,"12","ATP5F1E"
1.1398288678485e-170,0.711412277732408,0.882,0.602,2.24466498945406e-166,"12","FLNA"
9.88936490899788e-170,1.39249139156228,0.449,0.184,1.94751263152895e-165,"12","CYTH4"
2.23923676239042e-169,1.44932331160966,0.405,0.155,4.40972895617546e-165,"12","OGDH"
1.46635445612971e-168,1.43134195653436,0.356,0.123,2.88769183045623e-164,"12","RASSF2"
4.44908828813917e-168,1.49649205728891,0.376,0.137,8.76158956583247e-164,"12","UBE2A"
9.06320562693884e-168,1.37856079561043,0.43,0.171,1.78481708411307e-163,"12","MLX"
1.55015321139532e-167,0.8003243161755,0.912,0.81,3.05271671920081e-163,"12","LSP1"
3.41161905433815e-167,1.18450612009678,0.382,0.135,6.71850140370812e-163,"12","GCA"
8.5193361235313e-167,0.721534143754237,0.365,0.125,1.67771286280702e-162,"12","MPP1"
1.21661251991479e-166,1.45243503117214,0.416,0.164,2.39587503546819e-162,"12","ARPC1A"
4.78039090114567e-166,0.826907055987355,0.761,0.437,9.41402380162618e-162,"12","CTSD"
1.74157999401279e-165,1.04337796661021,0.714,0.425,3.42969348220939e-161,"12","COX7B"
2.48994182444428e-163,1.76368965633838,0.326,0.112,4.90344243487812e-159,"12","BEST1"
2.03626828996737e-162,1.481383615457,0.284,0.086,4.01002314343275e-158,"12","MSRB1"
5.85341770420143e-162,1.10783195486883,0.652,0.365,1.15271354848839e-157,"12","M6PR"
2.46139989660973e-161,1.28392570103092,0.51,0.236,4.84723481639355e-157,"12","RABGAP1L"
5.8547807209779e-161,1.29290471332834,0.482,0.211,1.15298196738218e-156,"12","FLII"
6.85627757220961e-161,1.65513948503604,0.269,0.08,1.35020674229524e-156,"12","RHOQ"
7.6923217768447e-161,1.61021573273629,0.305,0.099,1.51484892751403e-156,"12","CBR1"
8.43804765933427e-161,1.37654871214991,0.362,0.13,1.6617047255527e-156,"12","CCPG1"
1.65275793702665e-160,1.10285743571774,0.347,0.118,3.25477620538659e-156,"12","HVCN1"
1.27330435073443e-159,1.60722648830179,0.281,0.087,2.50751825790131e-155,"12","NBPF14"
2.60147835630523e-159,1.25728452408355,0.492,0.22,5.12309132707189e-155,"12","STX10"
4.63921403189579e-159,1.57336536012295,0.328,0.113,9.13600419301239e-155,"12","PDXK"
4.88798703915592e-159,1.39771732168814,0.502,0.233,9.62591287620976e-155,"12","GBP2"
5.50374690669103e-159,0.619090806560723,0.971,0.93,1.08385287833466e-154,"12","CD52"
7.76467166973657e-158,0.931441793280624,0.75,0.474,1.52909679192122e-153,"12","ARPC4"
1.26463359080991e-157,1.62660838535286,0.301,0.099,2.49044293038195e-153,"12","ALDH16A1"
2.98195603469236e-157,1.44950884590104,0.404,0.162,5.87236601911966e-153,"12","LIPA"
3.07205761797645e-157,1.16937864397488,0.564,0.28,6.04980306708101e-153,"12","NCKAP1L"
4.30711093269809e-157,0.615948886808536,0.846,0.602,8.48199355976235e-153,"12","RAP1B"
5.70279693298261e-157,1.29064908317511,0.372,0.136,1.12305180001227e-152,"12","STX7"
3.7120732856641e-155,1.13483859013013,0.545,0.259,7.31018592145831e-151,"12","MAN2B1"
4.11362369459532e-155,1.35088233491134,0.401,0.157,8.10095914176656e-151,"12","NUMB"
4.29627642306103e-155,1.17459041524682,0.542,0.262,8.46065715993408e-151,"12","ENY2"
2.86684261682053e-154,1.46405135783127,0.376,0.143,5.64567316530468e-150,"12","IFI35"
7.12689525291675e-154,1.50828416003297,0.312,0.105,1.4034994821569e-149,"12","HEBP1"
9.8591858819571e-154,1.44322125167604,0.376,0.144,1.94156947573381e-149,"12","ELOVL1"
9.10715783592683e-153,1.67769507555893,0.261,0.079,1.79347259262907e-148,"12","TMEM11"
2.87369106294482e-152,1.33775766791397,0.431,0.181,5.65915981025723e-148,"12","SDHB"
5.89257323961696e-152,1.52072419671486,0.339,0.123,1.16042444807777e-147,"12","VAV1"
1.46253024115802e-151,1.20818893362429,0.467,0.204,2.88016080391248e-147,"12","HK1"
1.04002806044108e-150,1.43334204881055,0.352,0.13,2.04812725942663e-146,"12","MANBA"
4.45390623350043e-148,1.42356674823418,0.359,0.135,8.7710775456324e-144,"12","SFT2D2"
1.3620065783459e-147,1.24740969925278,0.324,0.111,2.68219955473657e-143,"12","CCDC88A"
2.02117913578376e-147,1.44924148808027,0.353,0.132,3.98030807209895e-143,"12","CBL"
3.61161482369445e-147,1.25102301229321,0.507,0.244,7.11235307230148e-143,"12","CCT5"
6.46160687598452e-147,1.52987612059007,0.313,0.109,1.27248424208763e-142,"12","NEDD9"
8.86577510468049e-147,0.928306138102034,0.711,0.425,1.74593709136473e-142,"12","COX5A"
1.13641525970541e-146,1.68773882312313,0.25,0.076,2.23794257093787e-142,"12","SVIL"
1.83252978670508e-146,1.21206184261734,0.497,0.232,3.60880090895831e-142,"12","CHMP4B"
3.63236788644115e-146,1.36115461938938,0.383,0.152,7.15322207876855e-142,"12","SAMSN1"
4.79891568659752e-146,1.16986830429,0.401,0.158,9.4505046616165e-142,"12","KLF10"
8.71344719792715e-146,1.3341351252722,0.421,0.177,1.71593915668779e-141,"12","SNX5"
2.44982604919996e-145,0.882477452031574,0.78,0.543,4.82444243868948e-141,"12","ACTR3"
3.13489611696239e-145,1.40945639787544,0.339,0.124,6.17355092313403e-141,"12","ZDHHC7"
3.72073050072355e-145,1.43287451103877,0.347,0.13,7.32723457507488e-141,"12","CTBS"
3.99148321721444e-145,1.45556006297909,0.335,0.123,7.8604278996604e-141,"12","DYNC1LI1"
1.95229711901308e-144,1.38243881074805,0.388,0.156,3.84465871647245e-140,"12","DEDD2"
2.36582884514594e-144,1.02974013043707,0.497,0.23,4.65902674474591e-140,"12","SNAP23"
8.45228273306079e-143,1.68157941925053,0.255,0.08,1.66450803862166e-138,"12","DUSP5"
1.04985914906828e-142,1.04253561913656,0.468,0.202,2.06748762226017e-138,"12","AOAH"
1.4522151711999e-142,1.18616694793009,0.448,0.194,2.85984733664395e-138,"12","ATP2B1"
2.43041766545472e-142,1.043809309247,0.611,0.334,4.78622150857998e-138,"12","MOB1A"
4.97190174469661e-142,1.52616680831857,0.455,0.209,9.79116610583103e-138,"12","ISG15"
8.88410409918756e-142,1.13580168524046,0.548,0.276,1.74954662025301e-137,"12","CORO1B"
7.70117527051426e-141,1.09209613644974,0.517,0.245,1.51659244602237e-136,"12","CD4"
4.98716402846623e-140,1.51104550780257,0.298,0.103,9.82122212125855e-136,"12","UBAC1"
7.61994782992724e-140,0.987863664736095,0.761,0.548,1.50059632614757e-135,"12","PTGES3"
1.65906683935149e-139,0.572321522015175,0.974,0.939,3.26720032673489e-135,"12","UBC"
2.45393711223243e-139,1.2902010346915,0.406,0.169,4.83253835511933e-135,"12","WASHC4"
1.10852086532469e-138,1.31877728261206,0.402,0.169,2.18301014008391e-134,"12","TBC1D1"
4.02508747918302e-138,0.849480076831047,0.533,0.253,7.92660477275512e-134,"12","GSTO1"
7.56183980047997e-138,1.43191486182431,0.345,0.132,1.48915311190852e-133,"12","MTHFS"
2.27113030033199e-137,1.15458560587765,0.46,0.208,4.47253690044379e-133,"12","CDK2AP2"
4.593764194168e-136,1.56304493590786,0.27,0.09,9.04649982757505e-132,"12","TMEM120A"
1.09671592986836e-135,1.17228591106479,0.475,0.221,2.15976268068977e-131,"12","OGFR"
1.59054583523033e-135,1.22569548335275,0.372,0.148,3.13226191331908e-131,"12","PTPRJ"
2.33563533289154e-135,1.66476487616401,0.256,0.083,4.59956666106331e-131,"12","PRDX4"
4.44778258848508e-134,1.13256211632532,0.513,0.254,8.75901825150368e-130,"12","TSPAN14"
5.60702406214663e-133,1.41084252280823,0.355,0.141,1.10419124855854e-128,"12","PLSCR1"
5.75780768148693e-133,1.2323474752347,0.462,0.218,1.13388506671522e-128,"12","NDUFB5"
4.47659016882546e-132,1.05672406067466,0.558,0.293,8.81574901946797e-128,"12","SHKBP1"
6.43954999914795e-132,1.36777719807784,0.257,0.083,1.26814058133221e-127,"12","TAX1BP3"
1.49299999852287e-131,0.787950606689529,0.723,0.457,2.94016489709109e-127,"12","WDR1"
2.08993545838869e-131,0.863607801276581,0.393,0.154,4.11570989820486e-127,"12","BLVRB"
2.17006225887188e-130,1.02582019148,0.584,0.317,4.27350360639639e-126,"12","POMP"
1.02995679342997e-129,1.44387378517445,0.278,0.096,2.02829391330165e-125,"12","TMEM189"
1.71752666500118e-129,1.20389942319836,0.335,0.127,3.38232526138683e-125,"12","OGFRL1"
3.0699248010988e-129,0.694869473215107,0.832,0.596,6.04560291080386e-125,"12","SAMHD1"
3.59809373897511e-129,1.19170319194088,0.443,0.203,7.08572600016368e-125,"12","SLIRP"
5.67653252024285e-129,0.665449161821478,0.884,0.725,1.11787954921143e-124,"12","CDC42"
8.98047301391398e-129,1.46416256430277,0.291,0.104,1.76852455063008e-124,"12","JAK2"
1.07611084815524e-128,0.760710184318535,0.813,0.61,2.11918509327211e-124,"12","SLC25A3"
1.36755180584844e-128,0.981250451674653,0.598,0.33,2.69311977125733e-124,"12","DBNL"
1.54043075980733e-128,0.77286130505635,0.741,0.463,3.03357029528857e-124,"12","ITGA4"
2.74294678337106e-128,1.20891068664821,0.385,0.161,5.40168510049262e-124,"12","SNX9"
3.06687880562698e-128,1.43875310243392,0.305,0.112,6.0396044319212e-124,"12","YIF1A"
7.94756071856872e-128,0.833515061490931,0.737,0.487,1.56511313230774e-123,"12","ATP5MF"
8.87849772968158e-128,1.19110517124139,0.459,0.217,1.74844255790619e-123,"12","DNAJA1"
1.18579496081803e-127,0.90422505666835,0.427,0.185,2.33518601633894e-123,"12","MFSD1"
1.7688494623544e-127,1.38961668078453,0.297,0.107,3.48339524621453e-123,"12","CHP1"
1.84969800707387e-127,0.99437325780469,0.542,0.276,3.64261028533058e-123,"12","CLTA"
3.05664736219945e-127,1.12784560448172,0.481,0.233,6.01945565037938e-123,"12","CIAO2A"
4.23045131912768e-127,1.39683762385639,0.342,0.137,8.33102778275814e-123,"12","ARHGAP1"
3.13196479811483e-126,1.23737499477519,0.385,0.162,6.16777827692754e-122,"12","SMS"
3.77407219389801e-126,0.592671389261559,0.922,0.781,7.43228037144336e-122,"12","YWHAB"
5.341190772433e-126,1.24337606074674,0.409,0.181,1.05184069881523e-121,"12","ATOX1"
6.37081114838733e-126,1.3495372762371,0.338,0.134,1.25460383945192e-121,"12","TUT7"
1.4153599934985e-125,0.961862988994256,0.644,0.385,2.78726843519659e-121,"12","BST2"
1.63706480672836e-125,1.40787743108333,0.299,0.11,3.22387172389016e-121,"12","SNX27"
4.28056012289462e-125,1.39554477043096,0.313,0.119,8.42970705001638e-121,"12","ARSA"
5.24506654013958e-125,0.990306076574918,0.626,0.367,1.03291095374969e-120,"12","KLF3"
6.19471896022198e-125,0.599151302278181,0.903,0.744,1.21992600483651e-120,"12","MYL12B"
1.9406897872735e-124,1.32268992192349,0.355,0.145,3.8218003980777e-120,"12","PLIN2"
5.01603533413191e-124,1.38413036734939,0.33,0.13,9.87807838350597e-120,"12","NMI"
1.91858644098029e-123,0.819149786932987,0.734,0.486,3.77827227822249e-119,"12","PSMB8"
3.47793903977861e-123,1.29511258363603,0.381,0.164,6.84910535103602e-119,"12","MRPS35"
5.78523760327518e-123,0.792514317282386,0.729,0.461,1.13928684121298e-118,"12","KLF6"
1.08641906422023e-122,1.02992207419572,0.528,0.277,2.1394850631689e-118,"12","ICAM2"
4.64106704341476e-122,1.55222281657906,0.265,0.093,9.13965332859669e-118,"12","PEA15"
6.62321493160045e-122,1.52506135794165,0.256,0.088,1.30430971648008e-117,"12","ACSL4"
8.5782939344887e-122,1.37804811212808,0.325,0.128,1.68932342451886e-117,"12","PRCP"
1.57264117688191e-121,1.3171392199931,0.322,0.125,3.09700226963354e-117,"12","NBEAL2"
7.27799435675535e-121,0.891536868850853,0.647,0.388,1.43325542867583e-116,"12","PSMB3"
1.45730116792923e-120,1.33379087157858,0.301,0.112,2.86986319000304e-116,"12","TOLLIP"
2.67739620618906e-120,1.00632286732668,0.467,0.222,5.27259634884811e-116,"12","RTN3"
2.84872250752775e-120,0.823242641488991,0.724,0.475,5.6099892340744e-116,"12","PSMB10"
3.70326519547195e-120,1.14549455962677,0.436,0.203,7.29284014944291e-116,"12","LYPLA1"
4.02670860220862e-120,1.44094016765449,0.258,0.089,7.92979725032944e-116,"12","BCKDK"
3.58253895922153e-119,1.52709097067681,0.279,0.102,7.05509397239495e-115,"12","EPSTI1"
4.65206105538637e-119,1.11262120264168,0.453,0.217,9.16130383637238e-115,"12","ERICH1"
1.07276491599105e-118,1.19524215895651,0.394,0.174,2.11259594906117e-114,"12","MTMR14"
7.12789897483009e-118,1.51495296776155,0.251,0.086,1.40369714511329e-113,"12","TOR2A"
2.01131695993568e-117,1.35617913245636,0.313,0.123,3.96088648920134e-113,"12","CBWD2"
4.4317308309728e-117,1.10154818345399,0.536,0.295,8.72740752543473e-113,"12","TMPO"
8.47522998359288e-117,1.06788340055039,0.443,0.208,1.66902704066895e-112,"12","LAMTOR2"
8.73460468915131e-117,1.20255580005489,0.431,0.206,1.72010570143457e-112,"12","EIF6"
8.33774401286842e-116,1.28726607456509,0.289,0.107,1.64195192845418e-111,"12","RRBP1"
9.79603798131224e-116,1.01624865597826,0.511,0.265,1.92913375965982e-111,"12","SASH3"
1.54869313722196e-115,0.798413619607398,0.723,0.466,3.0498413951312e-111,"12","WDR83OS"
2.75737247990313e-115,1.12714083003259,0.376,0.162,5.43009362467323e-111,"12","PTTG1IP"
9.55447304386115e-115,1.27573902539428,0.355,0.151,1.88156237652758e-110,"12","TMEM134"
1.8037046798505e-114,1.22239454808112,0.331,0.134,3.5520356260296e-110,"12","SPTLC2"
3.16950443715048e-114,1.20095056307988,0.41,0.19,6.24170508808043e-110,"12","MAP3K1"
5.2888863727941e-114,1.20057973421808,0.427,0.204,1.04154039339434e-109,"12","AC004687.1"
1.57962158739556e-113,1.04262096389803,0.561,0.32,3.11074879205808e-109,"12","UBE2L6"
1.84710425138703e-113,0.736735923446604,0.706,0.449,3.63750240225648e-109,"12","SNX3"
9.76383882232371e-113,0.942476218288888,0.513,0.264,1.92279277928021e-108,"12","RAB5IF"
1.30911236628547e-112,0.936457641759898,0.493,0.25,2.57803498292597e-108,"12","RIOK3"
3.01685671005384e-112,0.782387995599867,0.444,0.201,5.94109591910903e-108,"12","HLA-DMA"
3.65257452134467e-112,1.07256701125936,0.444,0.214,7.19301500488406e-108,"12","NBPF26"
4.30479791546166e-112,1.11593429013668,0.44,0.213,8.47743853491865e-108,"12","MIEN1"
5.32181466365153e-112,1.43887426027737,0.25,0.088,1.0480249617129e-107,"12","RIPK2"
1.18694214885196e-109,1.41054857475439,0.258,0.093,2.33744517373416e-105,"12","TSG101"
6.74696172589959e-109,1.1170079313802,0.43,0.208,1.32867917268141e-104,"12","ERP44"
8.76616833978426e-109,0.645657846349349,0.852,0.667,1.72632153115371e-104,"12","SEPTIN9"
2.68967321375534e-108,1.24661982335156,0.33,0.138,5.29677345984839e-104,"12","CYB5R4"
4.40334413202638e-108,1.11492208611728,0.299,0.116,8.67150559919955e-104,"12","LEPROT"
7.05062283340272e-108,1.44659787002288,0.263,0.097,1.388479154582e-103,"12","DNASE2"
1.17710474666006e-107,1.15323519700679,0.342,0.144,2.31807237759766e-103,"12","PLEKHB2"
2.00324506363906e-107,0.669818707562043,0.804,0.607,3.94499050382439e-103,"12","NDUFA13"
4.99886851909007e-107,0.947136285457852,0.566,0.327,9.84427177464407e-103,"12","TBCB"
1.22364399753183e-106,1.14567548451299,0.398,0.187,2.40972212433943e-102,"12","GNAI3"
1.98850468075927e-106,1.03795443453387,0.461,0.232,3.91596226781924e-102,"12","VDAC1"
2.71116787443955e-106,0.711249241030814,0.466,0.219,5.3391028951338e-102,"12","PGD"
7.49102087257759e-106,1.43458687209133,0.254,0.093,1.4752067404367e-101,"12","VPS53"
1.07232872077113e-105,1.16048813687588,0.37,0.166,2.11173694981458e-101,"12","SFT2D1"
2.56533082468017e-105,0.670624203291597,0.838,0.656,5.05190599304266e-101,"12","UCP2"
2.85503621646005e-105,1.37251008753442,0.269,0.102,5.62242282107478e-101,"12","TM9SF4"
1.14012407116089e-104,0.999180428176001,0.386,0.174,2.24524633333714e-100,"12","UBXN11"
4.67879900897528e-104,1.04502307051784,0.44,0.218,9.21395888837502e-100,"12","MYO9B"
5.52141592715633e-104,1.23547098536875,0.335,0.144,1.0873324385349e-99,"12","MX2"
5.58003414779707e-104,1.22660300890382,0.339,0.147,1.09887612472568e-99,"12","ME2"
1.46988214274618e-103,0.912300794296841,0.592,0.356,2.89463890371006e-99,"12","OSTF1"
1.69969419395136e-103,1.18768361309294,0.371,0.169,3.34720777614841e-99,"12","AAMP"
2.36221733108605e-103,1.1205613359159,0.425,0.21,4.65191459010775e-99,"12","AP1M1"
1.91457034023287e-102,1.01219297052125,0.469,0.243,3.77036337102059e-98,"12","CALCOCO2"
2.33929242637947e-102,1.31592838325621,0.287,0.115,4.6067685752691e-98,"12","WAC-AS1"
4.49587138670488e-102,1.27614454526304,0.324,0.139,8.85371952183792e-98,"12","HAGH"
4.68696699247098e-102,0.940377617873667,0.568,0.332,9.2300440982731e-98,"12","CAPZA1"
1.03682295150412e-101,0.998734818209764,0.469,0.241,2.04181543839707e-97,"12","SPG21"
2.11060468423967e-101,0.850871576126552,0.557,0.317,4.15641380467318e-97,"12","NDUFA6"
2.18254904217959e-101,0.908804578348821,0.449,0.222,4.29809382876426e-97,"12","MYADM"
2.37177041889305e-101,1.07686694053081,0.43,0.213,4.67072748592608e-97,"12","PAG1"
1.19785866669293e-100,1.2362461016932,0.338,0.149,2.35894307231839e-96,"12","STAT2"
2.13630360238408e-100,1.1404368057043,0.389,0.185,4.20702268417497e-96,"12","HDLBP"
4.84652574227505e-100,0.906787349943103,0.529,0.293,9.54426314426226e-96,"12","NAA38"
1.16854508942531e-99,1.17337646031173,0.356,0.161,2.30121584460527e-95,"12","CNDP2"
2.34312619975134e-99,1.13471415803448,0.344,0.152,4.61431842517031e-95,"12","UBE2D1"
2.55041188939216e-99,1.01010788904576,0.452,0.231,5.02252613377998e-95,"12","CLTB"
2.90860815160586e-99,1.02604556919933,0.455,0.236,5.72792203295741e-95,"12","CYC1"
4.1770271960606e-99,1.18145743473679,0.361,0.166,8.22581965720214e-95,"12","PSMC4"
4.26910208345875e-99,0.991427894514365,0.481,0.257,8.40714273295531e-95,"12","PCGF5"
4.96231345028796e-99,1.33935212919563,0.25,0.093,9.77228387765207e-95,"12","PPP1R9B"
5.83962796808066e-99,1.29212928458525,0.292,0.119,1.14999793575413e-94,"12","SNX20"
9.64753024161058e-99,1.22924708489467,0.308,0.129,1.89988813048037e-94,"12","ACTR1A"
9.8863706373526e-99,1.07835296789797,0.347,0.152,1.94692296961385e-94,"12","PICALM"
1.57048081538106e-98,1.06544570195255,0.429,0.216,3.09274786972992e-94,"12","RPS6KA1"
3.93880397447144e-98,0.925898086580356,0.558,0.329,7.7566866669266e-94,"12","STK10"
8.98802783963739e-98,0.996894806140104,0.508,0.284,1.77001232245979e-93,"12","MVP"
1.01285829026306e-97,1.33740344052123,0.262,0.102,1.99462183101504e-93,"12","SLC12A9"
2.11555663034652e-97,0.656132876640722,0.795,0.599,4.1661656721414e-93,"12","ARL6IP4"
2.69816633899106e-97,0.904323458772736,0.608,0.387,5.31349897137508e-93,"12","ABRACL"
4.88909186691318e-97,1.11234979882681,0.422,0.214,9.62808861351212e-93,"12","LSM6"
7.65123442686933e-97,1.22039367114804,0.319,0.138,1.50675759568338e-92,"12","COMMD9"
2.14976421922644e-96,1.25060037610266,0.346,0.158,4.23353067692263e-92,"12","FAM89B"
2.39541734624931e-96,1.36684718388122,0.254,0.098,4.71729537996877e-92,"12","TMEM127"
1.31219391902707e-95,1.24902497169052,0.272,0.108,2.58410348474e-91,"12","HDAC5"
4.30645220318979e-95,0.744092332969525,0.72,0.502,8.48069632374165e-91,"12","ACTR2"
4.53530315867211e-95,1.30033497201848,0.271,0.108,8.93137251037298e-91,"12","RTL8C"
7.22261831797149e-95,1.35168544294582,0.257,0.1,1.42235022535813e-90,"12","SLC25A24"
4.39931241455029e-94,1.3825186696886,0.255,0.1,8.66356593797389e-90,"12","MCRIP2"
7.95747249643591e-94,0.806913763066049,0.508,0.278,1.56706505872312e-89,"12","DYNLL1"
9.65056542587143e-94,0.900648016726115,0.511,0.284,1.90048584931686e-89,"12","TAOK3"
1.58394241160519e-93,1.2557624861445,0.288,0.12,3.11925779117411e-89,"12","STX12"
2.2122742071122e-93,0.916816221267396,0.439,0.222,4.35663159606605e-89,"12","YWHAE"
2.76519252484237e-93,1.18013003547609,0.326,0.144,5.44549363917209e-89,"12","TMEM154"
2.82142819222235e-93,1.00783568878095,0.387,0.185,5.55623853894348e-89,"12","IFNGR1"
3.88856996231606e-93,0.792892805968547,0.64,0.41,7.65776082678903e-89,"12","FMNL1"
1.31266261416593e-92,1.10588166611861,0.345,0.157,2.58502648607696e-88,"12","MOB3A"
2.10820626768021e-92,1.19449470598306,0.31,0.134,4.15169060294265e-88,"12","NCOR2"
1.20604108310907e-91,1.21810280955351,0.292,0.123,2.3750567049667e-87,"12","TRIM14"
2.78581381731931e-91,0.858664178516356,0.552,0.323,5.48610315044691e-87,"12","PRKAR1A"
3.00793085076474e-91,0.697443075637763,0.857,0.731,5.92351822441099e-87,"12","CRIP1"
5.8520191009268e-91,0.881913395859003,0.539,0.315,1.15243812154552e-86,"12","NDUFS7"
6.72572038217825e-91,1.01310757462818,0.402,0.199,1.32449611486236e-86,"12","LSM10"
8.2144319331384e-91,1.24802093023617,0.283,0.118,1.61766808059294e-86,"12","NBN"
1.3810163690504e-90,0.851900581558239,0.548,0.323,2.71963553557096e-86,"12","GNG2"
2.35088565207497e-90,0.501801257166136,0.898,0.768,4.62959911463123e-86,"12","GMFG"
3.92328088358156e-90,1.10935017429806,0.277,0.113,7.72611704403717e-86,"12","CREG1"
8.5968547191877e-90,1.11960049576667,0.355,0.168,1.69297859984963e-85,"12","CCDC115"
4.28153074927985e-89,1.06788543312394,0.376,0.183,8.4316185045568e-85,"12","TMEM9B"
6.66955275282119e-89,0.781173253772222,0.628,0.402,1.31343502361308e-84,"12","ARHGAP4"
8.2909560424272e-89,1.02320342843919,0.548,0.346,1.63273797343519e-84,"12","PLAC8"
1.05873803907751e-88,0.974153866834259,0.43,0.225,2.08497282035534e-84,"12","TADA3"
2.24406042879748e-88,1.00728573628584,0.409,0.208,4.41922820243087e-84,"12","CNPPD1"
2.5377672062458e-88,1.31743002744555,0.284,0.122,4.99762495925986e-84,"12","OAS2"
5.01519832346737e-88,0.985600966344316,0.429,0.222,9.87643005840429e-84,"12","PLEC"
1.04867270135111e-87,0.76793481584385,0.593,0.367,2.06515115077075e-83,"12","BAX"
1.1266550835404e-87,0.917270970079679,0.478,0.264,2.21872185601612e-83,"12","RNF181"
1.68913211817906e-87,1.27933966381855,0.259,0.105,3.32640788033001e-83,"12","DGLUCY"
1.75889446803492e-87,0.881548650942044,0.532,0.315,3.46379087590117e-83,"12","SNX17"
2.40676782051199e-87,0.983232080070677,0.358,0.168,4.73964786893426e-83,"12","TMEM167A"
5.69898970837519e-87,0.574671298393496,0.809,0.628,1.12230204327033e-82,"12","GPX4"
2.10552710058876e-86,1.1465689362692,0.292,0.126,4.14641451918944e-82,"12","PANK2"
2.79129370836716e-86,0.761260488171403,0.683,0.468,5.49689469988745e-82,"12","LCP2"
5.78209875703847e-86,0.955804916044601,0.435,0.23,1.13866870822359e-81,"12","C18orf32"
1.58511358074858e-85,0.951156723146537,0.437,0.232,3.12156417456817e-81,"12","CMTM7"
3.36535044635398e-85,0.996464947088122,0.388,0.193,6.6273846340049e-81,"12","VTI1B"
6.08686942297588e-85,1.13663414205188,0.297,0.13,1.19868719546664e-80,"12","ADCY7"
8.32593753145382e-85,1.08037528208706,0.327,0.15,1.6396268780692e-80,"12","LAIR1"
5.99796880272895e-84,1.03720204046955,0.373,0.185,1.18117999632141e-79,"12","FIBP"
9.42869833234798e-84,0.904718171998118,0.453,0.245,1.85679356258929e-79,"12","STAT6"
2.95534128293996e-83,0.741721484363166,0.392,0.199,5.81995358849366e-79,"12","YWHAH"
5.66013781027801e-83,0.898470835772147,0.409,0.209,1.11465093897805e-78,"12","TPP1"
7.55122015782733e-83,0.831897362476366,0.542,0.328,1.48706178568094e-78,"12","PPP4C"
1.05572313891116e-82,0.849400755890007,0.459,0.248,2.07903557745774e-78,"12","REL"
1.23474978040639e-82,0.842151384312485,0.539,0.321,2.4315927425543e-78,"12","UTRN"
2.17523559630005e-82,1.17220172930433,0.293,0.13,4.2836914597937e-78,"12","LYSMD2"
2.32040190973088e-82,1.07685435778183,0.328,0.153,4.56956748083302e-78,"12","ERCC1"
1.16239828222322e-81,1.18944822629079,0.286,0.126,2.28911093718219e-77,"12","NDUFV3"
2.14379589047142e-81,1.16917026047927,0.276,0.119,4.22177724710537e-77,"12","DNAJB12"
4.12097018098666e-81,0.914585823053688,0.448,0.245,8.11542657741702e-77,"12","TMEM179B"
4.52056213356268e-81,0.616845424747632,0.75,0.539,8.90234300962499e-77,"12","UQCR10"
9.05105124346113e-81,1.0721477971277,0.334,0.159,1.7824235213748e-76,"12","GNG10"
9.23782730040403e-81,0.709810125971536,0.575,0.347,1.81920533026857e-76,"12","PRKCB"
1.26919569318449e-80,1.26048016718448,0.253,0.106,2.49942707858822e-76,"12","BORCS8"
2.18845387703405e-80,1.0153546128074,0.353,0.173,4.30972222004315e-76,"12","TMED5"
5.96906796331621e-80,1.09883954576776,0.312,0.144,1.17548855401586e-75,"12","DICER1"
6.96618384940922e-80,0.887712469454239,0.474,0.27,1.37185058546416e-75,"12","MMP24OS"
1.23980987748419e-79,1.01102390231087,0.388,0.202,2.44155759172962e-75,"12","DECR1"
3.76314139432981e-79,0.718067787514166,0.625,0.422,7.41075434785369e-75,"12","TUBB"
1.11963136358198e-78,0.917780168730683,0.419,0.223,2.20489004430198e-74,"12","PSMB2"
1.20161423713665e-78,0.929142333283269,0.44,0.243,2.36633891719321e-74,"12","PDCD6IP"
2.5714759552088e-78,0.881728432056731,0.461,0.259,5.06400759859269e-74,"12","SSR3"
5.86500348793957e-78,1.19132447475535,0.251,0.106,1.15499513687994e-73,"12","NCOA2"
6.54709369204463e-78,1.13133784477255,0.395,0.216,1.28931916077435e-73,"12","IFI6"
5.22231473870548e-77,1.11803590216428,0.292,0.133,1.02843044149327e-72,"12","SLC25A11"
6.63379465828714e-77,1.09333375400878,0.298,0.137,1.30639318205649e-72,"12","TBC1D22A"
3.47834325551147e-76,1.198701183582,0.25,0.106,6.84990137307874e-72,"12","WWP2"
9.29096549924697e-76,0.87532296379204,0.49,0.293,1.82966983576671e-71,"12","MGST3"
2.44235441369052e-75,1.10108560212579,0.304,0.143,4.80972854688074e-71,"12","DELE1"
5.9468068196908e-75,0.978201482050922,0.343,0.169,1.17110466700171e-70,"12","GET3"
8.63258726479396e-75,0.632224664467669,0.71,0.516,1.70001541005587e-70,"12","ATP5MD"
1.56782013996418e-74,1.10509079652046,0.281,0.127,3.08750820163146e-70,"12","COA3"
1.91215660307417e-74,1.07436624331362,0.302,0.141,3.76560999843396e-70,"12","MAP3K3"
3.02162595626386e-74,0.773302738874785,0.383,0.193,5.95048799567042e-70,"12","JAML"
3.97012543851835e-74,1.15653392755426,0.268,0.119,7.81836802607419e-70,"12","PLEKHM1"
1.11445657253195e-73,0.966626330796572,0.315,0.15,2.19469932828717e-69,"12","NPTN"
2.1183041728256e-73,1.09025774745985,0.257,0.111,4.17157640754546e-69,"12","MICU1"
3.08484944032308e-73,1.03806834422429,0.322,0.157,6.07499400282824e-69,"12","ZFAND6"
8.62202626220065e-73,0.953372535236106,0.346,0.173,1.69793563181517e-68,"12","NUDT3"
1.60077891898011e-72,0.653493868690974,0.69,0.493,3.15241392514754e-68,"12","TOMM6"
1.66764510161855e-72,0.863846649208585,0.35,0.175,3.2840934986174e-68,"12","TUBB4B"
1.95495788511112e-72,1.06620631694824,0.296,0.139,3.84989856314933e-68,"12","CHMP5"
2.23246400216601e-72,0.780790405243984,0.516,0.311,4.39639135946553e-68,"12","BANF1"
5.8547873751111e-72,1.07520727453785,0.296,0.14,1.15298327778063e-67,"12","SVBP"
1.1484715517324e-71,0.75814402231059,0.515,0.311,2.26168502682661e-67,"12","NAPA"
2.08951791587635e-71,0.767343238024384,0.542,0.342,4.1148876317353e-67,"12","ATP6AP2"
4.00278980656647e-71,1.06969038796949,0.295,0.14,7.88269396607135e-67,"12","NFYC"
6.93070051602135e-71,1.10451004417537,0.323,0.16,1.36486285262009e-66,"12","GBP4"
1.3723796101761e-70,0.910237672597349,0.4,0.218,2.7026271663198e-66,"12","IDH3G"
4.45764272010201e-70,0.82415627782522,0.469,0.276,8.7784358086969e-66,"12","LRPAP1"
5.78112425557328e-70,0.646115936276921,0.618,0.407,1.13847679965005e-65,"12","ACAP2"
8.45183819075459e-70,0.858527562710637,0.416,0.23,1.6644204949053e-65,"12","NDUFB3"
1.5588801676843e-69,0.997443294278857,0.31,0.15,3.06990271422069e-65,"12","TIMM8B"
5.58508731342029e-69,0.923870397216832,0.314,0.153,1.09987124463186e-64,"12","HTATIP2"
7.25576128599955e-69,0.833205772178767,0.466,0.275,1.42887707005189e-64,"12","TM9SF2"
1.39622014154301e-68,0.815227050453357,0.543,0.353,2.74957632474065e-64,"12","GPI"
1.59729819489406e-68,0.579457145325386,0.708,0.51,3.14555933520488e-64,"12","PSMA7"
1.8535261054947e-68,0.648105296115642,0.6,0.392,3.65014895955071e-64,"12","IL10RA"
3.73195566193857e-68,0.573876118067519,0.707,0.517,7.34934028505562e-64,"12","BRK1"
4.50977089499509e-68,1.01063207814349,0.259,0.116,8.88109182351383e-64,"12","TET2"
1.09319875038105e-67,0.862970938339715,0.561,0.379,2.1528362991254e-63,"12","RPS27L"
1.17019113965275e-67,0.888580628611293,0.425,0.244,2.30445741131816e-63,"12","CCDC12"
3.23173529561065e-67,0.748127778375094,0.475,0.28,6.36425631764605e-63,"12","FBXL5"
3.42935866766592e-67,0.959213439510305,0.325,0.163,6.75343602423449e-63,"12","YIPF3"
7.58801670816233e-67,1.1171301461868,0.267,0.124,1.49430813033841e-62,"12","OXR1"
3.35314996537536e-66,0.666753688384911,0.626,0.43,6.60335822681371e-62,"12","IRF1"
3.72372846906706e-66,0.871989104672938,0.436,0.255,7.33313847413376e-62,"12","PABPC4"
1.31188258165137e-65,0.790791992772443,0.397,0.218,2.58349036804605e-61,"12","AKIRIN2"
1.52351387124234e-65,0.891608932947989,0.403,0.228,3.00025586663753e-61,"12","IDH2"
1.73038348373519e-65,0.856953600478574,0.415,0.236,3.4076441945197e-61,"12","ADRM1"
1.84198528400106e-65,1.06503131572167,0.266,0.124,3.62742161978329e-61,"12","MRPL18"
2.2380244453398e-65,0.509937995640505,0.808,0.668,4.40734154020767e-61,"12","NDUFA4"
1.01376169698644e-64,0.6134860839515,0.636,0.437,1.99640090987539e-60,"12","ATP5PB"
1.04183994940935e-64,0.88557842806954,0.382,0.209,2.05169541237183e-60,"12","AKR1A1"
1.21299866589579e-64,1.04845156065675,0.273,0.129,2.38875827274858e-60,"12","CAMK1D"
1.25963073739453e-64,0.708977004402763,0.574,0.383,2.48059081115106e-60,"12","ATP5F1C"
2.18931138306571e-64,0.511444782345753,0.75,0.56,4.31141090667131e-60,"12","BIN2"
2.95319002909231e-64,0.855207435884567,0.394,0.218,5.81571712429148e-60,"12","SH3GLB1"
3.65869338157114e-64,1.08803913514214,0.254,0.117,7.20506487632805e-60,"12","NFATC1"
5.53238829571465e-64,0.663365894714601,0.605,0.413,1.08949322707509e-59,"12","MICOS10"
9.58177376810339e-64,0.816987906065592,0.454,0.272,1.8869387081526e-59,"12","SSNA1"
9.82306464743947e-64,0.823595691964179,0.419,0.24,1.93445612102026e-59,"12","CHMP2A"
1.00340783902034e-63,0.73803007275567,0.314,0.154,1.97601105738276e-59,"12","YBX3"
1.05576318407105e-63,0.980418761928073,0.478,0.305,2.07911443839111e-59,"12","CD63"
2.24205020391174e-63,0.859796615989012,0.371,0.201,4.41526946656338e-59,"12","GOLPH3"
7.85958343615449e-63,0.606582121694922,0.672,0.487,1.5477877660819e-58,"12","CSNK2B"
1.16315843710055e-62,0.90666809822694,0.363,0.199,2.29060791018211e-58,"12","PCMT1"
1.53068931680855e-62,1.06494529494243,0.265,0.126,3.01438647159108e-58,"12","PDCL3"
1.75036148088752e-62,0.723771281646678,0.536,0.347,3.44698686431179e-58,"12","SSH2"
3.03359758012817e-62,0.618400283298674,0.413,0.233,5.97406371454641e-58,"12","CYB5R3"
3.4668635401008e-62,0.893710335502695,0.371,0.204,6.8272943695205e-58,"12","ANKRD13D"
4.971640806689e-62,0.834470652215125,0.368,0.199,9.79065224061265e-58,"12","SHOC2"
5.10615945438143e-62,0.963265518555567,0.304,0.153,1.00555598135133e-57,"12","HIPK3"
5.95558210725764e-62,1.04696287734679,0.269,0.129,1.17283278438225e-57,"12","MTCH2"
1.12097123049465e-61,0.684161808780085,0.515,0.324,2.20752864421312e-57,"12","STMP1"
1.58227210886331e-61,1.02591387832235,0.263,0.125,3.11596846398452e-57,"12","OSTM1"
2.42949418218141e-61,0.714793162977745,0.469,0.281,4.78440289296986e-57,"12","GLRX"
2.94571357381666e-61,0.72985095477938,0.501,0.317,5.80099374091715e-57,"12","SLC44A2"
3.42397585308779e-61,0.830686052850923,0.43,0.255,6.74283564748578e-57,"12","ADAM10"
6.19585126839923e-61,0.869616720390744,0.391,0.223,1.22014899028586e-56,"12","ATP6AP1"
1.26260632241394e-60,1.09630419184868,0.253,0.119,2.48645063072976e-56,"12","PARP9"
2.64878142341009e-60,0.858570025213984,0.336,0.177,5.21624525712149e-56,"12","ADI1"
4.382255892102e-60,0.99303406212981,0.278,0.136,8.62997652831647e-56,"12","SPG11"
5.02445524704233e-60,0.803067619161335,0.43,0.256,9.89465971800046e-56,"12","C1orf43"
6.26604247271887e-60,1.0003570694601,0.371,0.212,1.23397174415253e-55,"12","PIM3"
1.0165765622505e-59,0.784815807060654,0.57,0.417,2.00194422403992e-55,"12","TAF10"
1.34842374146804e-59,0.9945075254273,0.287,0.144,2.65545087407302e-55,"12","DRAM2"
1.41709710665184e-59,0.928794084165341,0.321,0.168,2.79068933212946e-55,"12","SQOR"
1.78351761992288e-59,0.511120692034003,0.262,0.123,3.51228124891413e-55,"12","MARCH2"
2.08268458028874e-59,0.970047749978426,0.295,0.149,4.10143074396261e-55,"12","SRA1"
2.87813300933821e-59,0.741530636492966,0.439,0.261,5.66790733528973e-55,"12","TMOD3"
3.78726350262462e-59,0.902629911143938,0.35,0.192,7.45825801571866e-55,"12","PHPT1"
1.14797621791721e-58,1.03691659692748,0.269,0.132,2.26070956594437e-54,"12","NIPSNAP2"
1.86832867615528e-58,0.65481705276947,0.551,0.364,3.6792996619526e-54,"12","SP110"
5.57867799444726e-58,0.703786700458461,0.412,0.238,1.0986090574465e-53,"12","HACD4"
5.98564238974444e-58,0.948668028148243,0.287,0.144,1.17875255581237e-53,"12","LARP7"
7.83126652168909e-58,0.82613381704191,0.362,0.2,1.54221131611623e-53,"12","LASP1"
1.44305887282203e-57,0.887200903558806,0.319,0.167,2.84181583824842e-53,"12","PSENEN"
3.04749309022855e-57,0.830578767830511,0.368,0.207,6.00142814258708e-53,"12","BAG1"
4.57075113322337e-57,0.98377236690915,0.271,0.134,9.00118020665678e-53,"12","CSRP1"
1.75019836075411e-56,0.955050992988837,0.256,0.123,3.44666563183307e-52,"12","APOBEC3C"
6.16400363102026e-56,0.878451535681226,0.277,0.137,1.21387723505682e-51,"12","HSH2D"
9.10999018370694e-56,0.762366526959256,0.416,0.247,1.79403036687741e-51,"12","NDUFA7"
1.42116453746124e-55,0.858559405093333,0.37,0.211,2.79869932362241e-51,"12","IFNAR2"
3.10708831193015e-55,0.511620349730045,0.69,0.513,6.11878901268405e-51,"12","ATP5MPL"
4.39290774693807e-55,0.874078269792443,0.32,0.171,8.65095322604513e-51,"12","MRPS36"
4.75777252003855e-55,0.752556844797287,0.361,0.2,9.36948142371192e-51,"12","QKI"
5.07851473417741e-55,0.782341400317237,0.434,0.268,1.00011190660156e-50,"12","SSBP4"
6.56713173671878e-55,0.649008826214742,0.454,0.279,1.29326525291203e-50,"12","MKRN1"
8.16211587982661e-55,0.647805608526996,0.521,0.341,1.60736548021426e-50,"12","ANAPC11"
1.15701556937761e-54,0.688067161163075,0.513,0.339,2.27851076077534e-50,"12","PSMB6"
4.24389015481141e-54,0.905412141386844,0.28,0.142,8.35749288187011e-50,"12","LRRFIP2"
1.22331280645962e-53,0.804336319070335,0.39,0.23,2.40906990976093e-49,"12","IRF2"
1.28304319624434e-53,0.664757992474094,0.485,0.308,2.52669696636397e-49,"12","TWF2"
6.45655274609728e-53,0.919080006420373,0.258,0.128,1.27148893228894e-48,"12","ETF1"
1.10705149611943e-52,0.705461850241553,0.497,0.328,2.18011651130799e-48,"12","GRK6"
1.2865223688586e-52,0.974390115490488,0.265,0.134,2.53354850099324e-48,"12","ZNF581"
1.40576462436913e-52,0.533613906759105,0.677,0.499,2.76837227477013e-48,"12","ARHGDIA"
1.66772402760167e-52,0.772982232566203,0.386,0.227,3.28424892755598e-48,"12","MAPK1"
2.31866029815393e-52,0.568544097071748,0.611,0.428,4.56613772515454e-48,"12","PAK2"
2.84531063328238e-52,0.945884396601656,0.261,0.131,5.60327023012299e-48,"12","CHMP2B"
3.28316442024041e-52,0.616287322619766,0.567,0.395,6.46553569277944e-48,"12","RAB7A"
3.50450952293795e-52,0.669192277465905,0.482,0.309,6.9014306035217e-48,"12","RAB2A"
4.77461114973168e-52,0.911476040102366,0.282,0.146,9.4026417371666e-48,"12","IQSEC1"
8.63338506513167e-52,0.731004833863434,0.435,0.27,1.70017252087638e-47,"12","SNRPC"
2.92667689871931e-51,0.804402789589256,0.308,0.166,5.76350481664794e-47,"12","HIGD1A"
3.6861411537479e-51,0.630559643897643,0.54,0.369,7.25911777407574e-47,"12","VDAC2"
7.71724064968477e-51,0.937771359958355,0.277,0.144,1.51975620114242e-46,"12","RAPGEF1"
1.11778816169606e-50,0.68094200112299,0.51,0.343,2.20126022682805e-46,"12","GNB1"
3.19369249207383e-50,0.685342350950761,0.484,0.318,6.289338624641e-46,"12","PSMD8"
3.37320179979265e-50,0.844419967005665,0.312,0.171,6.64284630433167e-46,"12","ARAP2"
6.79669209396651e-50,0.762842666329323,0.371,0.217,1.33847257406483e-45,"12","BUD31"
6.86309192500066e-50,0.807770724802496,0.274,0.141,1.35154869279038e-45,"12","SPNS1"
9.6193474664628e-50,0.940909055991029,0.271,0.142,1.89433809657052e-45,"12","MXD4"
1.02221476776683e-49,0.809974621584818,0.296,0.158,2.01304754216321e-45,"12","ACAA2"
1.10922972207338e-49,0.78754376772648,0.34,0.192,2.18440609167911e-45,"12","SNX1"
1.14654493184323e-49,0.822993312006188,0.29,0.154,2.25789093427887e-45,"12","SELENOS"
1.15506287372418e-49,0.756545401447323,0.338,0.19,2.27466531722502e-45,"12","MED13L"
2.30013781519179e-49,0.855164889176781,0.29,0.155,4.52966139945719e-45,"12","NUDT22"
9.94808182927028e-49,0.798023788116956,0.328,0.183,1.9590757546382e-44,"12","TRIM38"
1.15510481023118e-48,0.91155759852203,0.263,0.136,2.27474790278826e-44,"12","LLPH"
2.22408762690289e-48,0.763600696922908,0.343,0.196,4.37989576365986e-44,"12","HOOK3"
5.42919237400105e-48,0.72523009848265,0.338,0.191,1.06917085421203e-43,"12","SERPINB6"
8.16829667801195e-48,0.854172606401832,0.292,0.158,1.60858266480089e-43,"12","CSGALNACT2"
8.2172388679181e-48,0.931102882869776,0.254,0.131,1.61822085025911e-43,"12","LAMP2"
9.02750594782776e-48,0.875893445721949,0.263,0.136,1.77778674630572e-43,"12","SPPL2A"
1.04167949168696e-47,0.729182900215106,0.398,0.244,2.05137942297912e-43,"12","RER1"
1.32947466522983e-47,0.832161036418242,0.303,0.167,2.6181344582371e-43,"12","EMC7"
1.44788471078071e-47,0.791523862864417,0.326,0.184,2.85131936094044e-43,"12","PFDN2"
2.06722218321568e-47,0.745021155101605,0.416,0.262,4.07098064540664e-43,"12","S1PR4"
2.52671361780665e-47,0.732567015819559,0.44,0.286,4.97585712754663e-43,"12","SRI"
3.16946460721938e-47,0.881198694593236,0.253,0.129,6.24162665099712e-43,"12","TNFRSF1A"
5.12812477985526e-47,0.633527316595315,0.51,0.348,1.0098816128969e-42,"12","SEM1"
6.68160668381025e-47,0.724184622215015,0.416,0.261,1.31580880424275e-42,"12","SDHD"
9.24007255305123e-47,0.903581300252471,0.265,0.139,1.81964748787238e-42,"12","PML"
1.12663449819944e-46,0.519459548612984,0.583,0.409,2.21868131730416e-42,"12","PRDX5"
1.30283303878693e-46,0.849002286357859,0.286,0.155,2.56566910328309e-42,"12","RIC1"
1.72478460007281e-46,0.698273515649339,0.391,0.237,3.39661831292339e-42,"12","PPCS"
2.6404945076264e-46,0.818437168967947,0.277,0.148,5.19992583386866e-42,"12","HMG20B"
2.86747658529289e-46,0.894016268297313,0.271,0.145,5.64692163941728e-42,"12","CLPTM1"
3.78034938358386e-46,0.900578657028867,0.258,0.135,7.4446420410917e-42,"12","COMMD8"
4.71818005202113e-46,0.725484491611025,0.344,0.199,9.29151197644521e-42,"12","FAM50A"
4.99104742118059e-46,0.859631077554963,0.251,0.129,9.82886968653094e-42,"12","AP1B1"
5.84874009858641e-46,0.850253447025824,0.267,0.141,1.15179238761462e-41,"12","UNC13D"
9.63086881248793e-46,0.820841071863854,0.28,0.151,1.89660699524325e-41,"12","TANK"
3.54573983423057e-45,0.56976265387585,0.534,0.369,6.98262545555026e-41,"12","NUCB1"
1.38921995855028e-44,0.67267124699672,0.442,0.286,2.73579086437306e-40,"12","CASP4"
2.27424676884446e-44,0.859413511898593,0.265,0.142,4.47867416188539e-40,"12","CYB561D2"
2.52018724933618e-44,0.846267355066688,0.26,0.138,4.96300475011774e-40,"12","ARHGAP17"
2.91433369020551e-44,0.722722685961518,0.389,0.242,5.73919733612172e-40,"12","BAG6"
3.73888100942494e-44,0.788183316665168,0.335,0.197,7.36297837186054e-40,"12","ITGB2-AS1"
3.75703649369846e-44,0.55511932846704,0.354,0.203,7.39873196704038e-40,"12","NUP214"
4.51362750929926e-44,0.508242014871698,0.606,0.439,8.88868665406303e-40,"12","COPE"
8.32550955094418e-44,0.759570673593249,0.346,0.206,1.63954259586744e-39,"12","KRAS"
9.7147479839073e-44,0.626050362593447,0.272,0.144,1.91312532047086e-39,"12","RAB11FIP1"
1.60093708889338e-43,0.620595086551089,0.451,0.294,3.15272540915773e-39,"12","ITSN2"
1.61644098123152e-43,0.827408745075379,0.304,0.173,3.18325722433923e-39,"12","TMEM14C"
2.38815431294726e-43,0.838958503037374,0.304,0.175,4.70299228848704e-39,"12","ACO2"
3.25933287109918e-43,0.773249371518933,0.314,0.18,6.41860422305561e-39,"12","C7orf50"
5.0147051263848e-43,0.530869065076535,0.269,0.14,9.87545880538959e-39,"12","HLA-DMB"
5.43653847911662e-43,0.847525875514243,0.268,0.146,1.07061752269244e-38,"12","ZNF524"
8.03989308629074e-43,0.503849618514545,0.589,0.428,1.58329614548323e-38,"12","BCAP31"
8.32806756313118e-43,0.761634917608814,0.349,0.211,1.64004634520742e-38,"12","PDLIM2"
1.28674343706974e-42,0.880087577005701,0.254,0.136,2.53398385062143e-38,"12","ZSWIM7"
1.87431001481197e-42,0.736008656416563,0.332,0.196,3.69107871216922e-38,"12","SZRD1"
1.91316517247131e-42,0.681052702383174,0.334,0.195,3.76759617414774e-38,"12","G6PD"
3.99938737746288e-42,0.696897507317301,0.264,0.141,7.87599356243765e-38,"12","RAB37"
5.36163346928653e-42,0.882134659740421,0.257,0.139,1.0558664791066e-37,"12","ARL8A"
8.2878065524704e-42,0.684292040846882,0.253,0.132,1.632117744378e-37,"12","LAT2"
9.07114073575513e-42,0.843848754264044,0.265,0.144,1.78637974509226e-37,"12","TBC1D10A"
1.09192993438791e-41,0.559792826493594,0.51,0.351,2.15033761979012e-37,"12","PSMA6"
1.71732439976919e-41,0.665893056696372,0.411,0.265,3.38192694046546e-37,"12","MYDGF"
2.92096169715472e-41,0.77314749919573,0.307,0.178,5.7522498702068e-37,"12","PPM1M"
5.76706345406473e-41,0.771473837086498,0.289,0.163,1.13570780600897e-36,"12","TMEM165"
1.1583347466864e-40,0.553681720113741,0.397,0.247,2.28110861664953e-36,"12","PPP1R15A"
1.28661754320899e-40,0.743538231600058,0.324,0.192,2.53373592784146e-36,"12","NRBP1"
1.40393560445767e-40,0.867815347336243,0.255,0.139,2.76477038585849e-36,"12","TPD52L2"
1.54911161677314e-40,0.848021943714031,0.262,0.144,3.05066550691135e-36,"12","JOSD2"
4.94472657419349e-40,0.805461488549739,0.256,0.139,9.73765004255924e-36,"12","WASHC3"
5.73034030219828e-40,0.82429262130944,0.265,0.147,1.12847591571191e-35,"12","ANKRD13A"
6.60971160385025e-40,0.746878501860004,0.296,0.17,1.30165050614623e-35,"12","BORCS7"
8.34851874437471e-40,0.696996863628802,0.328,0.194,1.64407379632971e-35,"12","CLTC"
1.17208846116485e-39,0.511076132359341,0.606,0.458,2.30819380657194e-35,"12","PSMB1"
1.47155191497959e-39,0.640853866119278,0.437,0.292,2.8979271861693e-35,"12","PSMD4"
1.98135062496253e-39,0.561300015944578,0.488,0.331,3.90187378573871e-35,"12","SNRPG"
2.12930995042142e-39,0.621531768717657,0.436,0.289,4.1932500853649e-35,"12","NDUFS6"
2.34328614880456e-39,0.792223768049312,0.292,0.168,4.61463341284082e-35,"12","NELFE"
2.42130160005643e-39,0.832120586218245,0.259,0.143,4.76826924099113e-35,"12","FRG1"
2.86092631459251e-39,0.701882354765516,0.364,0.227,5.63402219132703e-35,"12","CCM2"
6.39712919765347e-39,0.686096408533541,0.361,0.226,1.2597866528939e-34,"12","GADD45B"
9.54974657307676e-39,0.55873229645818,0.451,0.298,1.88063159263601e-34,"12","CIAO2B"
1.08785914344678e-38,0.80887096892895,0.266,0.149,2.14232101118974e-34,"12","NOC2L"
1.82173247179686e-38,0.527337914632189,0.445,0.292,3.58753775670956e-34,"12","YPEL5"
2.06751600209276e-38,0.507843897436106,0.521,0.362,4.07155926292128e-34,"12","CLEC2B"
7.2935002715555e-38,0.8073530970558,0.26,0.146,1.43630900847742e-33,"12","TMEM141"
1.12153406721861e-37,0.610955587460249,0.401,0.259,2.2086370385736e-33,"12","LAMTOR5"
1.6530599767502e-37,0.747704156230518,0.298,0.175,3.25537101221418e-33,"12","TIMM17B"
4.51803123377009e-37,0.522744868183402,0.502,0.351,8.89735890866344e-33,"12","FAM49B"
9.97407480863619e-37,0.644033838882041,0.374,0.239,1.96419455206472e-32,"12","COX17"
1.65508914849181e-36,0.673987816780811,0.338,0.21,3.25936706012492e-32,"12","DCP2"
2.10240970918195e-36,0.721601552399216,0.292,0.171,4.14027544029202e-32,"12","HADHB"
2.75021225966665e-36,0.735936786647068,0.263,0.149,5.41599300296152e-32,"12","ARFGAP3"
2.82949964815583e-36,0.760220041494776,0.25,0.139,5.57213365711328e-32,"12","GAK"
2.91653614516676e-36,0.782642781123375,0.281,0.165,5.74353463067689e-32,"12","RBM42"
4.05585999664561e-36,0.54525439813572,0.493,0.349,7.98720509139421e-32,"12","OTUB1"
5.12309874702646e-36,0.547516165449402,0.501,0.36,1.00889183625192e-31,"12","SYTL1"
1.28693258093668e-35,0.600221562327496,0.382,0.245,2.53435633163861e-31,"12","IRF9"
1.4364405332663e-35,0.524749702722723,0.504,0.359,2.82878234216132e-31,"12","ROMO1"
2.50348934585212e-35,0.644783848691187,0.353,0.223,4.93012156878658e-31,"12","ELOC"
2.55347279699009e-35,0.701413256633793,0.287,0.169,5.02855397911258e-31,"12","MEF2A"
5.04381264347032e-35,0.676634415401198,0.343,0.216,9.9327802387861e-31,"12","PPP1CB"
1.22111497543001e-34,0.578530305296254,0.385,0.249,2.40474172111433e-30,"12","POLE4"
1.38359575330955e-34,0.650727967874335,0.322,0.197,2.7247151169925e-30,"12","FAM120A"
2.11289833119249e-34,0.700475781017798,0.257,0.147,4.16093068361738e-30,"12","CHD9"
2.4766548744128e-34,0.590154218675144,0.421,0.284,4.87727644418114e-30,"12","NDUFAB1"
3.5839849676705e-34,0.621516583991346,0.359,0.23,7.05794159683352e-30,"12","RB1"
3.8790459579565e-34,0.669766628982438,0.338,0.213,7.63900520500374e-30,"12","NDUFS2"
5.70674315521e-34,0.561707651937829,0.407,0.269,1.1238289295555e-29,"12","DCTN3"
8.46093266181937e-34,0.670267201052561,0.316,0.195,1.66621146909209e-29,"12","PSMC1"
9.14495290831355e-34,0.678794038138447,0.31,0.19,1.80091557623419e-29,"12","HNRNPH2"
1.24405832124781e-33,0.588303442007068,0.335,0.209,2.4499240520333e-29,"12","COMT"
1.26424744055929e-33,0.67210424503126,0.313,0.193,2.48968248469341e-29,"12","IFNAR1"
1.5485843798885e-33,0.756128928738201,0.253,0.146,3.04962721931442e-29,"12","RNF5"
1.65144372623278e-33,0.630046316099035,0.351,0.224,3.2521881300702e-29,"12","UBA1"
3.0760630692073e-33,0.68602886124981,0.298,0.181,6.05769100218995e-29,"12","BLOC1S2"
3.6168101925574e-33,0.668796776309729,0.289,0.173,7.1225843122033e-29,"12","MAP4"
4.6519937312769e-33,0.697315163180735,0.26,0.151,9.1611712550036e-29,"12","RBPJ"
4.97554712275622e-33,0.633565995982948,0.342,0.217,9.79834494884383e-29,"12","GNPTG"
5.4379066210508e-33,0.628562290859968,0.338,0.213,1.07088695088353e-28,"12","POLR2A"
5.63223372684262e-33,0.648725596004145,0.28,0.166,1.10915578782712e-28,"12","TSPAN32"
6.51000409609865e-33,0.653899278969164,0.353,0.229,1.28201510664471e-28,"12","RNF114"
6.9543330972641e-33,0.515330395597616,0.472,0.331,1.36951681684422e-28,"12","DDX21"
7.10271175549107e-33,0.589702910154687,0.374,0.244,1.39873702600886e-28,"12","INPP5D"
8.51134594610488e-33,0.704602152312761,0.28,0.167,1.67613935716643e-28,"12","VMA21"
1.06321559952201e-32,0.511620169151535,0.4,0.263,2.09379048013869e-28,"12","SELENOT"
1.55486578546453e-32,0.680369855365591,0.289,0.175,3.0619971913153e-28,"12","HSD17B10"
1.67145310476051e-32,0.668909764874592,0.309,0.191,3.29159259920488e-28,"12","TLE4"
2.03912510060257e-32,0.516252975077488,0.473,0.335,4.01564906061664e-28,"12","RASSF5"
2.85272045997538e-32,0.558200611795277,0.433,0.3,5.61786240182952e-28,"12","OS9"
4.21335592899425e-32,0.681985690504312,0.261,0.152,8.29736183096839e-28,"12","CISD3"
8.80013453939222e-32,0.67509335112264,0.289,0.176,1.73301049484251e-27,"12","SLC38A10"
1.25641626254294e-31,0.678708151748384,0.272,0.162,2.47426054582581e-27,"12","MRPS5"
1.4048819225285e-31,0.661670510412409,0.296,0.181,2.76663397003537e-27,"12","NDUFS3"
1.88348490369628e-31,0.639729032149387,0.286,0.173,3.70914682084908e-27,"12","UBE2E3"
2.35523983412628e-31,0.570101458653511,0.393,0.264,4.63817380534489e-27,"12","MTCH1"
3.29268878352796e-31,0.614318475835594,0.319,0.2,6.4842920214016e-27,"12","CHMP3"
5.4003230866239e-31,0.647896052895231,0.303,0.188,1.06348562544884e-26,"12","PSMB7"
5.49766265747277e-31,0.64298481113711,0.335,0.216,1.08265470713611e-26,"12","TXN2"
1.27572512623594e-30,0.564092658552435,0.401,0.274,2.51228549109644e-26,"12","UQCRC2"
1.43626874002632e-30,0.724145132936713,0.253,0.149,2.82844402973383e-26,"12","BFAR"
1.46059341202377e-30,0.644440409721433,0.296,0.184,2.87634660629841e-26,"12","ADK"
1.51988750352613e-30,0.557227263151899,0.363,0.238,2.993114460694e-26,"12","COMMD7"
1.8468215166079e-30,0.69329914513258,0.289,0.179,3.63694561265593e-26,"12","TMEM30A"
2.26408774200258e-30,0.631263670627608,0.314,0.198,4.45866799032569e-26,"12","MAPRE1"
2.54081844859685e-30,0.620924997233689,0.338,0.22,5.00363377082178e-26,"12","KXD1"
2.64050287755966e-30,0.614276267315575,0.347,0.227,5.19994231677823e-26,"12","LMBRD1"
2.92980435273044e-30,0.668769787910247,0.306,0.193,5.76966371183205e-26,"12","PSMC3"
3.52314953103656e-30,0.519069088415924,0.294,0.178,6.93813837147029e-26,"12","RUNX3"
5.28910917604137e-30,0.663664113463497,0.264,0.158,1.04158427003783e-25,"12","MRPL16"
8.77658821616663e-30,0.67234909319699,0.283,0.174,1.72837351740969e-25,"12","SNHG15"
1.30615479310033e-29,0.643559374554578,0.3,0.188,2.57221063405249e-25,"12","MCRIP1"
1.34409503381079e-29,0.559852095359347,0.386,0.262,2.64692635008358e-25,"12","NECAP2"
1.96929260118263e-29,0.61782840833203,0.321,0.206,3.87812791950896e-25,"12","PSMD9"
2.61825369542277e-29,0.645473648037377,0.298,0.187,5.15612700239606e-25,"12","SUCLG1"
2.66266948003153e-29,0.570955166479135,0.38,0.257,5.2435950070261e-25,"12","SUMO3"
2.97677588622144e-29,0.600090801364766,0.352,0.234,5.86216475273587e-25,"12","SF3B4"
3.45499634693585e-29,0.606004256891552,0.277,0.169,6.80392430602078e-25,"12","RFTN1"
3.59557039621659e-29,0.593898755236215,0.266,0.16,7.08075678126933e-25,"12","DAP"
4.35457603156029e-29,0.65856701373427,0.305,0.195,8.57546657895168e-25,"12","XAF1"
1.31031578478864e-28,0.528574658028818,0.359,0.237,2.58040487498427e-24,"12","ABTB1"
4.25255671046276e-28,0.513776168360892,0.424,0.3,8.37455992991432e-24,"12","HSD17B11"
4.71891633614461e-28,0.67845394915479,0.251,0.151,9.29296194076957e-24,"12","CDIPT"
7.07967313537057e-28,0.644367059900686,0.291,0.184,1.39420003054853e-23,"12","SNF8"
8.97722288423754e-28,0.561582986140932,0.329,0.215,1.7678845025929e-23,"12","TACC1"
1.10893303938701e-27,0.636870825864261,0.287,0.181,2.18382183446484e-23,"12","TXNDC12"
1.1684634835732e-27,0.627859672725995,0.251,0.151,2.30105513820069e-23,"12","TOM1"
2.9342760385571e-27,0.615638949839088,0.301,0.193,5.7784698027305e-23,"12","CDC40"
3.25573320426364e-27,0.581540070298521,0.313,0.202,6.41151539915639e-23,"12","GIT2"
3.3894495566383e-27,0.63009240186102,0.258,0.157,6.6748430118878e-23,"12","GLTP"
4.276668309461e-27,0.510969545542058,0.4,0.278,8.42204290182154e-23,"12","RBCK1"
4.59324418556177e-27,0.639048960335487,0.282,0.178,9.04547577462679e-23,"12","BCL7B"
5.33171422574064e-27,0.533267012802319,0.3,0.191,1.0499744824751e-22,"12","ARF3"
8.81219923830184e-27,0.603173886430098,0.308,0.2,1.73538639599878e-22,"12","AP3S1"
1.06151789847344e-26,0.508732557794749,0.305,0.195,2.09044719746375e-22,"12","RAP2B"
2.14347039721535e-26,0.598091119131125,0.307,0.2,4.22113625323619e-22,"12","SEC13"
1.26718424389769e-25,0.575545602647634,0.307,0.201,2.49546593150772e-21,"12","ADSS"
2.65107399969628e-25,0.511904401717116,0.394,0.278,5.22076002760189e-21,"12","PDCD6"
2.94921177324845e-25,0.551391064306689,0.286,0.183,5.80788274505818e-21,"12","NCOA3"
3.18681390469556e-25,0.557331645238988,0.347,0.236,6.27579262251697e-21,"12","FAM204A"
4.21558506475254e-25,0.618609075573793,0.251,0.155,8.30175166801718e-21,"12","ZRSR2"
6.44934680271273e-25,0.569185287565557,0.319,0.212,1.27006986585822e-20,"12","PPP1R11"
8.83245894549249e-25,0.53877013815938,0.317,0.21,1.73937614013584e-20,"12","MEA1"
1.14421856355672e-24,0.565843223223471,0.299,0.196,2.25330961721224e-20,"12","TMEM147"
1.14848203931866e-24,0.593588913580277,0.256,0.16,2.26170568003023e-20,"12","PPP2R5A"
1.791382228509e-24,0.520348464909139,0.366,0.255,3.52776902260278e-20,"12","CYBC1"
1.92297033054602e-24,0.56602049820369,0.304,0.201,3.78690547194427e-20,"12","RALBP1"
2.86846640679743e-24,0.602592358807681,0.276,0.177,5.64887089490619e-20,"12","CHCHD5"
4.63512302055912e-24,0.586742296231818,0.271,0.174,9.12794776438708e-20,"12","POLR2K"
4.71345683051934e-24,0.557898284113247,0.272,0.173,9.28221053634174e-20,"12","CSNK1D"
4.91442600820179e-24,0.628601879116564,0.277,0.18,9.67797913795179e-20,"12","RPS6KB2"
4.91841776447718e-24,0.555527563333335,0.299,0.196,9.68584010358491e-20,"12","TMCO1"
4.95311912176819e-24,0.642879556244183,0.253,0.159,9.7541774864981e-20,"12","MAP2K1"
6.14632891892479e-24,0.551023262416775,0.301,0.199,1.21039655400386e-19,"12","DCAF7"
8.14111188859959e-24,0.539731474426466,0.295,0.193,1.60322916422192e-19,"12","GTF3C6"
1.04570287397055e-23,0.534151456587592,0.361,0.252,2.05930266971021e-19,"12","PDCD5"
1.09196977800117e-23,0.555413298115519,0.318,0.215,2.1504160838177e-19,"12","COPZ1"
1.44137612983315e-23,0.500016032197413,0.313,0.208,2.83850201248041e-19,"12","IGFLR1"
1.98024925256899e-23,0.601203270627731,0.25,0.157,3.89970485308412e-19,"12","TRPC4AP"
2.41606733799659e-23,0.617141004138361,0.26,0.166,4.75796140871669e-19,"12","MRPL4"
3.70181887002531e-23,0.622234440320276,0.254,0.162,7.28999190074084e-19,"12","CS"
3.93431269583358e-23,0.554672403616351,0.304,0.204,7.74784199190507e-19,"12","ZFR"
4.70681419382605e-23,0.612165241518226,0.261,0.168,9.26912919190165e-19,"12","UBL7"
7.13633668449248e-23,0.587855033758261,0.262,0.168,1.4053587832771e-18,"12","NADSYN1"
7.51743841706883e-23,0.561394905441861,0.251,0.158,1.48040914747336e-18,"12","USP8"
1.13309887328636e-22,0.630157915806394,0.265,0.172,2.23141161116282e-18,"12","HNRNPAB"
1.7226012441502e-22,0.515291581084631,0.312,0.21,3.39231863010498e-18,"12","MRPL51"
2.55277510198708e-22,0.541127590202182,0.269,0.174,5.02718000834315e-18,"12","ADPGK"
3.86671317151916e-22,0.610099278083446,0.26,0.169,7.61471824867267e-18,"12","PEPD"
6.78755214900296e-22,0.563014179208858,0.292,0.196,1.33667264470315e-17,"12","QARS"
1.0701591400566e-21,0.519443298841444,0.292,0.194,2.10746439451347e-17,"12","BECN1"
1.64050152998203e-21,0.55012631024481,0.254,0.163,3.23063966299361e-17,"12","GPBP1L1"
5.96148949326021e-21,0.511092417508774,0.307,0.209,1.17399612590773e-16,"12","TEX264"
7.49254406235997e-21,0.502530782325971,0.347,0.247,1.47550670220055e-16,"12","TES"
3.89110021199705e-20,0.540619237428077,0.254,0.166,7.66274364748579e-16,"12","EMC6"
5.84618767930491e-20,0.503608896507167,0.278,0.186,1.15128973968552e-15,"12","NT5C"
1.90244219507493e-19,0.500183233708387,0.277,0.187,3.74647941476107e-15,"12","PSMA3"
2.74118408882582e-19,0.55343069506382,0.251,0.167,5.3982138261247e-15,"12","SMIM7"
3.40493925510984e-19,0.54626490915462,0.257,0.172,6.7053468750878e-15,"12","BTF3L4"
4.16406056217344e-19,0.510272954245375,0.284,0.194,8.20028446508816e-15,"12","PFDN1"
0,8.90028712504675,1,0.009,0,"13","TRBV7-9"
5.99415488674048e-169,1.44227710453145,0.405,0.152,1.1804289218458e-164,"13","CD8B"
1.10754092520764e-167,0.679682378147654,0.986,0.704,2.1810803440114e-163,"13","CD3E"
3.27271715814484e-144,0.74862575324333,0.868,0.536,6.44496189953464e-140,"13","CD3D"
8.47507673962614e-130,0.651548873942603,0.922,0.732,1.66899686233457e-125,"13","LDHB"
4.84998193015623e-123,0.77053585738268,0.777,0.491,9.55106941505667e-119,"13","TCF7"
1.62682371608167e-120,0.768707732482238,0.718,0.417,3.20370394407963e-116,"13","CD3G"
2.38821226247394e-103,0.786853549331321,0.657,0.386,4.70310640848993e-99,"13","LEF1"
4.16094804151001e-103,1.21592479321565,0.376,0.173,8.19415497814567e-99,"13","CD8A"
1.65670575837272e-102,0.593649197459166,0.912,0.676,3.26255064996341e-98,"13","IL32"
5.88088170450109e-94,1.08051631825159,0.412,0.205,1.1581220340674e-89,"13","NELL2"
4.17529299299398e-93,0.56567311591284,0.865,0.638,8.22240449110305e-89,"13","PCED1B-AS1"
1.99614564630873e-91,0.589519467383834,0.851,0.604,3.93100962127578e-87,"13","IL7R"
6.1443508999452e-89,0.683606798030666,0.763,0.545,1.21000702272621e-84,"13","NOSIP"
2.08277765959241e-84,0.797815969529902,0.566,0.332,4.10161404503534e-80,"13","CD27"
1.46784268389468e-82,0.744150462095064,0.584,0.351,2.89062259739379e-78,"13","CAMK4"
4.08067950570758e-79,0.5888979934676,0.747,0.499,8.03608215058994e-75,"13","LCK"
6.56643554505197e-78,0.543286629720902,0.846,0.649,1.29312815188708e-73,"13","C12orf57"
8.46109428779244e-77,0.622490088902509,0.736,0.516,1.66624329809497e-72,"13","LEPROTL1"
3.54873706691496e-71,0.8149872907072,0.477,0.276,6.98852790587564e-67,"13","CD5"
5.17799694103691e-69,0.709831299617521,0.519,0.307,1.0197029375984e-64,"13","MAL"
8.91472001710847e-67,0.699513678098224,0.55,0.34,1.75557581296917e-62,"13","PRKCQ-AS1"
1.57518183312252e-65,0.705189399294774,0.509,0.305,3.10200558396817e-61,"13","ITK"
5.79661755453804e-63,0.71771441088126,0.482,0.287,1.14152789501518e-58,"13","OXNAD1"
1.37465156138832e-62,0.598231081172028,0.655,0.439,2.70710131984201e-58,"13","LIME1"
2.34792425525859e-61,0.627399081805097,0.613,0.409,4.62376723588074e-57,"13","PIK3IP1"
4.27052165702495e-61,0.554100028239458,0.762,0.565,8.40993829917923e-57,"13","ETS1"
1.04126856329344e-60,0.626389786978791,0.605,0.399,2.05057018169378e-56,"13","FLT3LG"
3.47089324702545e-60,0.622088639052487,0.619,0.42,6.83523007136723e-56,"13","DNAJB1"
5.97580034634354e-60,0.673594986561372,0.531,0.334,1.17681436220543e-55,"13","GIMAP5"
7.18547387380437e-60,0.702012888148581,0.506,0.315,1.41503536996829e-55,"13","RCAN3"
3.58965079379553e-57,0.632922296433417,0.537,0.34,7.06909930822154e-53,"13","CD6"
1.12402020565186e-56,0.69145275532433,0.481,0.296,2.2135329909902e-52,"13","CCR7"
1.93939971485914e-53,0.548531353462012,0.595,0.399,3.8192598584721e-49,"13","LINC00861"
5.00827497798624e-53,0.660388300802151,0.472,0.292,9.8627959141483e-49,"13","BCL11B"
1.01124511788717e-51,0.553062275882228,0.645,0.455,1.99144501065521e-47,"13","GIMAP7"
3.4347614890299e-50,0.852857148025189,0.318,0.175,6.76407580034658e-46,"13","THEMIS"
2.59199731041376e-49,0.533387881408233,0.666,0.475,5.10442030339782e-45,"13","TRBC2"
1.16455004892137e-48,0.506230997718738,0.598,0.404,2.29334841134086e-44,"13","LAT"
3.38485594648771e-48,0.720622473223353,0.421,0.262,6.66579681541825e-44,"13","PCED1B"
3.85057037895357e-48,0.526559166176097,0.619,0.43,7.58292824727326e-44,"13","SEPTIN1"
7.27955660316481e-46,0.523220976801033,0.624,0.455,1.43356308186125e-41,"13","MCUB"
2.50505505319673e-44,0.707889305316624,0.344,0.2,4.93320491626032e-40,"13","TRAC"
4.96429443952377e-41,0.674786369044644,0.35,0.209,9.77618503975416e-37,"13","TRABD2A"
9.52909353064015e-41,0.536084180694409,0.527,0.358,1.87656438898897e-36,"13","CD2"
2.91107101461705e-38,0.551030219479212,0.395,0.246,5.73277214908536e-34,"13","INPP4B"
4.19156361173057e-37,0.51985010883825,0.487,0.331,8.25444622058102e-33,"13","PBXIP1"
1.0229503753993e-36,0.655801996959337,0.4,0.26,2.01449617427385e-32,"13","NUCB2"
4.06349577481734e-36,0.610833912022645,0.432,0.291,8.00224222934779e-32,"13","OCIAD2"
7.2215571611852e-36,0.523600619775206,0.469,0.318,1.4221412517522e-31,"13","TC2N"
1.07200617505615e-35,0.663854288435525,0.319,0.192,2.11110176053807e-31,"13","RASGRP1"
3.39307673733139e-35,0.594724989068391,0.384,0.248,6.68198601882671e-31,"13","LDLRAP1"
9.21624129667301e-34,0.546965324311101,0.435,0.296,1.81495439855382e-29,"13","DGKA"
1.8693962730722e-33,0.599353078958359,0.383,0.251,3.68140208056108e-29,"13","PDE3B"
2.24359619244878e-33,0.630548739652806,0.339,0.213,4.41831398178938e-29,"13","TRAT1"
4.28752439747283e-33,0.549743906352902,0.426,0.289,8.44342179594324e-29,"13","AC243960.1"
2.15090249442211e-32,0.52975347447259,0.508,0.365,4.23577228226546e-28,"13","PIM1"
5.4159652969998e-32,0.581722442677577,0.381,0.251,1.06656604593817e-27,"13","TESPA1"
1.49748099045011e-31,0.669607721033649,0.297,0.182,2.94898931449339e-27,"13","SCML4"
2.54221402212286e-31,0.582698132977098,0.366,0.239,5.00638207376656e-27,"13","ITM2A"
3.07044301958869e-31,0.530407818313736,0.445,0.307,6.04662343847601e-27,"13","ABLIM1"
3.89002529483605e-31,0.513265633908107,0.477,0.34,7.66062681312064e-27,"13","NAP1L4"
4.51476285047197e-30,0.554490162029374,0.394,0.265,8.89092248143444e-26,"13","PIM2"
5.43658091810827e-29,0.572159899377081,0.333,0.214,1.07062588020306e-24,"13","LY9"
1.61746419846255e-28,0.515460588736706,0.401,0.273,3.1852722460323e-24,"13","CDC25B"
5.5735236841689e-28,0.572736541393379,0.338,0.221,1.09759401912338e-23,"13","SFXN1"
1.08503564986905e-27,0.595916927921401,0.329,0.215,2.13676070528712e-23,"13","SERINC5"
1.68041473999712e-27,0.654230135529132,0.266,0.164,3.30924074747632e-23,"13","FAM102A"
6.74403580073512e-27,0.555575303141751,0.333,0.22,1.32810297023877e-22,"13","MYC"
4.32498561822594e-26,0.659419858421544,0.259,0.161,8.51719417797235e-22,"13","STMN3"
4.58644928805779e-26,0.502334464883315,0.334,0.22,9.03209458297221e-22,"13","KLRK1"
3.93797068615473e-25,0.640872847886151,0.288,0.187,7.75504567224451e-21,"13","ITPKB"
5.25224099333838e-25,0.563266590124392,0.342,0.233,1.03432381881813e-20,"13","MAML2"
6.8886953870816e-25,0.568965862046421,0.313,0.207,1.35659078257798e-20,"13","THEM4"
2.80477283783865e-24,0.664966277578601,0.284,0.186,5.52343914955566e-20,"13","ATP6V0E2"
2.15698111818224e-22,0.579832437298565,0.265,0.171,4.24774291603629e-18,"13","SELENOM"
1.55316212626219e-21,0.629304675816821,0.251,0.162,3.05864217524813e-17,"13","SH3YL1"
2.30359543896777e-20,0.531255677094884,0.28,0.189,4.53647049795922e-16,"13","KCNA3"
2.54907264344273e-20,0.532919779350996,0.278,0.185,5.01988875673178e-16,"13","FOXO1"
3.66180641352754e-20,0.564740549111114,0.251,0.164,7.21119537015978e-16,"13","PLCG1"
5.02161070568618e-19,0.517752037490689,0.282,0.192,9.88905796270779e-15,"13","CCSER2"
6.3928400377425e-19,0.605102327491195,0.273,0.187,1.25894198863263e-14,"13","GIMAP2"
7.83893569013657e-18,0.527188517541603,0.27,0.185,1.54372160545859e-13,"13","CCND2"
9.33061546682512e-17,0.504686718550421,0.298,0.213,1.83747810388187e-12,"13","FAM162A"
1.93974205994178e-16,0.510150508983919,0.289,0.205,3.81993403864336e-12,"13","SLC2A4RG"
1.32644755235735e-15,0.516975975713944,0.269,0.191,2.61217316485733e-11,"13","GRAMD1A"
1.57264218999753e-14,0.530156582580446,0.293,0.217,3.09700426476213e-10,"13","UBQLN2"
0,8.15897473607011,1,0.009,0,"14","TRBV19"
1.9924870108688e-204,0.785221352258866,0.966,0.731,3.92380467050393e-200,"14","LDHB"
1.10563580481872e-203,0.502531992260417,1,0.999,2.17732859042951e-199,"14","RPS12"
2.74052806712492e-199,1.01432243772184,0.766,0.384,5.3969219225891e-195,"14","LEF1"
3.24801834283249e-182,0.900388907813961,0.847,0.489,6.39632252254002e-178,"14","TCF7"
1.92910863504484e-173,0.610517097297691,0.993,0.898,3.79899363499381e-169,"14","SARAF"
1.30239925822068e-166,0.788631989510004,0.931,0.602,2.56481485921398e-162,"14","IL7R"
2.70055681029795e-162,0.706058849446664,0.981,0.724,5.31820652651976e-158,"14","LTB"
1.02497153389853e-159,0.667220460925148,0.993,0.704,2.01847644170637e-155,"14","CD3E"
1.78286602446377e-153,1.0404728736167,0.62,0.305,3.51099806197651e-149,"14","MAL"
1.60897602697948e-129,0.940876259104988,0.622,0.331,3.1685564899307e-125,"14","CD27"
3.25363488380637e-129,0.883826703898153,0.65,0.35,6.40738317667988e-125,"14","CAMK4"
4.28714756792688e-129,0.781769444228116,0.82,0.544,8.4426797055184e-125,"14","NOSIP"
9.03619741644862e-119,0.659264199714361,0.861,0.536,1.77949835722123e-114,"14","CD3D"
1.29931279753861e-115,0.509700665192631,0.978,0.879,2.55873669219278e-111,"14","NPM1"
8.76905824891876e-113,0.88277035737778,0.612,0.339,1.72689064095957e-108,"14","PRKCQ-AS1"
7.545608926811e-109,0.792357059327733,0.68,0.397,1.48595676595689e-104,"14","FLT3LG"
5.03908286158159e-106,0.940852313837287,0.549,0.294,9.92346587931263e-102,"14","CCR7"
2.74439185954814e-105,0.719647256961736,0.711,0.417,5.40453088900816e-101,"14","CD3G"
4.73820050761515e-102,0.63834039014728,0.867,0.649,9.33093825964652e-98,"14","C12orf57"
1.17865788401696e-97,0.590047623483767,0.882,0.691,2.32113097099459e-93,"14","GAS5"
3.55131174906372e-97,0.760132703102018,0.662,0.397,6.99359822743119e-93,"14","LINC00861"
4.05687582483241e-97,0.867280881302987,0.581,0.332,7.98920556184247e-93,"14","GIMAP5"
7.37817760418601e-94,0.727447098784109,0.67,0.407,1.45298451559235e-89,"14","PIK3IP1"
5.9517856367676e-93,0.687291747484761,0.767,0.515,1.17208514544864e-88,"14","LEPROTL1"
2.21627782819466e-91,0.937519330669241,0.469,0.244,4.36451592706374e-87,"14","INPP4B"
3.31047947274092e-91,0.874837736171929,0.523,0.291,6.51932722566869e-87,"14","BCL11B"
1.56167090121591e-90,0.831653628618729,0.554,0.314,3.07539850576449e-86,"14","RCAN3"
2.17221730160812e-90,0.600207640694269,0.855,0.639,4.27774753205687e-86,"14","PCED1B-AS1"
3.58278090446956e-87,0.985923019798984,0.417,0.211,7.05557043517191e-83,"14","TRAT1"
4.49011631749669e-86,0.955722824461343,0.411,0.205,8.84238606404623e-82,"14","NELL2"
2.82801448655337e-84,0.967231309532541,0.411,0.208,5.56920892836955e-80,"14","TRABD2A"
4.28500975770105e-82,0.84485980607243,0.495,0.275,8.43846971584068e-78,"14","CD5"
3.91364049266159e-79,0.759767470662165,0.571,0.34,7.70713222219846e-75,"14","CD6"
8.68392589835611e-77,0.834352762897645,0.5,0.287,1.71012552716327e-72,"14","OXNAD1"
1.30932775633351e-71,0.580003367956018,0.776,0.565,2.57845915054758e-67,"14","ETS1"
1.68664212842853e-71,0.779376517494454,0.514,0.305,3.3215043435143e-67,"14","ITK"
2.20406232735789e-70,0.544195272004038,0.743,0.499,4.34045994126589e-66,"14","LCK"
3.1457092218375e-70,0.827140407356271,0.436,0.239,6.19484517056459e-66,"14","AQP3"
1.6934958453554e-69,0.586676904066307,0.733,0.531,3.33500136825839e-65,"14","TMEM123"
1.48939867827131e-67,0.855567706326704,0.439,0.249,2.9330728171197e-63,"14","TESPA1"
8.54809386976704e-66,0.609996876035573,0.665,0.439,1.68337612577322e-61,"14","LIME1"
1.73252486030206e-64,0.543510119305065,0.685,0.455,3.41186120739286e-60,"14","SPOCK2"
1.98656182957806e-64,0.726029620590115,0.506,0.305,3.91213621098806e-60,"14","ABLIM1"
9.82346456043712e-64,0.718680134679436,0.564,0.363,1.93453487588688e-59,"14","PIM1"
2.61553097338788e-59,0.577378054921685,0.663,0.454,5.15076514589276e-55,"14","GIMAP7"
8.22188617465419e-59,0.816230215207738,0.44,0.261,1.61913604437465e-54,"14","PCED1B"
5.7917204445844e-58,0.705533036672996,0.483,0.294,1.14056350715201e-53,"14","DGKA"
3.59260220142731e-57,0.593018998297656,0.624,0.429,7.07491151527079e-53,"14","ARHGAP15"
8.70508788501452e-57,0.745867283852717,0.471,0.29,1.71429295719591e-52,"14","OCIAD2"
8.99432531306103e-57,0.593344067154022,0.632,0.429,1.77125248390111e-52,"14","SEPTIN1"
1.61844801398352e-55,0.532783264921069,0.682,0.488,3.18720967393774e-51,"14","NDFIP1"
5.48757707774314e-55,0.789743932104913,0.386,0.219,1.08066855391996e-50,"14","MYC"
5.65456480631132e-55,0.56420024190793,0.569,0.365,1.11355344730689e-50,"14","RHOH"
9.35192588192061e-55,0.980876401637055,0.272,0.135,1.84167476392662e-50,"14","SIRPG"
8.83482105991685e-53,0.600848513940478,0.564,0.372,1.73984131132942e-48,"14","MGAT4A"
2.35853566597024e-51,0.538008990668845,0.6,0.404,4.64466428699519e-47,"14","LAT"
2.54565556597373e-51,0.750551515611005,0.413,0.247,5.01315950607207e-47,"14","IL6ST"
7.70478724965245e-51,0.52392261494787,0.615,0.42,1.51730375307406e-46,"14","DNAJB1"
1.64639233348615e-50,0.662503880943315,0.463,0.288,3.24224042233428e-46,"14","AC243960.1"
2.7448198730739e-50,0.697765520615938,0.413,0.248,5.40537377604443e-46,"14","LDLRAP1"
4.1869908110466e-50,0.538089888252491,0.643,0.455,8.24544100419408e-46,"14","MCUB"
5.71577841139806e-49,0.513800174033652,0.649,0.461,1.12560824255662e-44,"14","SNHG8"
1.36646227770572e-47,0.505366318185479,0.684,0.501,2.69097416348587e-43,"14","GYPC"
3.07487036643325e-47,0.661808070329314,0.413,0.251,6.055342212617e-43,"14","PDE3B"
4.1303766464312e-47,0.667529354166263,0.441,0.275,8.13395072981697e-43,"14","SATB1"
7.46169570190047e-47,0.722526932283279,0.424,0.264,1.46943173457526e-42,"14","PIM2"
1.45449688067374e-45,0.753117572110587,0.354,0.206,2.8643407071108e-41,"14","THEM4"
1.93047714160937e-45,0.948970928717437,0.256,0.133,3.80168863497133e-41,"14","CHRM3-AS2"
2.96889994682569e-45,0.526034005832037,0.562,0.378,5.84665466528383e-41,"14","LINC01138"
1.69127434855316e-44,0.855586028812487,0.292,0.16,3.33062657460574e-40,"14","STMN3"
1.71670055809127e-44,0.558362948079497,0.602,0.435,3.38069840904915e-40,"14","PPP1R2"
2.15363636900002e-44,0.971823569135794,0.254,0.133,4.24115610147175e-40,"14","FHIT"
3.41807200352523e-42,0.607389307727688,0.493,0.334,6.73120919654223e-38,"14","GIMAP1"
1.82295860346065e-41,0.539465295106135,0.486,0.318,3.58995237779505e-37,"14","TC2N"
2.4470317980263e-41,0.871128900913418,0.286,0.161,4.81893971985318e-37,"14","SH3YL1"
1.51469190605777e-40,0.704827358645323,0.363,0.221,2.98288277059957e-36,"14","SFXN1"
3.1676611676202e-40,0.628471965298047,0.481,0.329,6.23807513739445e-36,"14","PLSCR3"
1.00021163148407e-39,0.692007060123882,0.354,0.214,1.96971676588158e-35,"14","SERINC5"
1.26083508948826e-39,0.709993103629229,0.371,0.233,2.48296254172923e-35,"14","MAML2"
1.34345231943076e-38,0.609079230293876,0.487,0.331,2.645660652655e-34,"14","PBXIP1"
1.91670008582157e-38,0.730831564743623,0.34,0.207,3.77455747900842e-34,"14","THOC3"
2.61456570622673e-38,0.528413595979999,0.566,0.407,5.14886424527229e-34,"14","RBL2"
5.84354815277403e-38,0.695675379732748,0.378,0.238,1.15076993772579e-33,"14","ITM2A"
7.93957325667898e-37,0.621758788581561,0.415,0.271,1.56354016143779e-32,"14","BCL2"
9.65912823969098e-37,0.789541267323069,0.277,0.158,1.90217212424234e-32,"14","TNFSF8"
1.21987155168628e-36,0.793858270349656,0.282,0.163,2.4022930467358e-32,"14","FAM102A"
1.43056855339194e-36,0.604768596084637,0.411,0.267,2.81721865219475e-32,"14","S1PR1"
4.59800953660609e-36,0.718649585269172,0.298,0.175,9.05486018043838e-32,"14","THEMIS"
6.09613628738627e-36,0.53683712607448,0.492,0.339,1.20051211907498e-31,"14","TMC8"
7.1861358051331e-36,0.747911635056317,0.282,0.163,1.41516572410486e-31,"14","PLCG1"
5.92724128484368e-35,0.691357006430202,0.313,0.188,1.16725162622427e-30,"14","KCNA3"
8.22021794222427e-35,0.723624902319328,0.308,0.186,1.61880751936223e-30,"14","ITPKB"
3.87131602741093e-34,0.661276075717832,0.391,0.259,7.62378265278034e-30,"14","SNHG32"
5.88353754490261e-34,0.501717975544542,0.541,0.39,1.15864504871767e-29,"14","CDKN1B"
4.89432583079737e-33,0.797740748158553,0.283,0.171,9.63839585858927e-29,"14","ARMH1"
2.26685902935312e-32,0.523172734413895,0.482,0.339,4.46412548650511e-28,"14","CYLD"
3.12360062439189e-32,0.514977326826487,0.476,0.333,6.15130670961495e-28,"14","HSPB1"
1.59874856864485e-31,0.736300982119459,0.275,0.164,3.14841555623231e-27,"14","CDC14A"
1.75248120987095e-31,0.665805925772807,0.298,0.182,3.45116124659886e-27,"14","CHMP7"
1.79379522902397e-31,0.76792443609914,0.27,0.16,3.53252094451691e-27,"14","ITGA6"
1.45920610245678e-30,0.640100342803527,0.295,0.181,2.87361457756814e-26,"14","GATA3"
1.67951143770304e-30,0.585482795697448,0.388,0.261,3.30746187426859e-26,"14","NUCB2"
4.17360284766261e-30,0.690293985838669,0.294,0.182,8.21907608790199e-26,"14","SCML4"
1.266066365351e-28,0.690589142065997,0.295,0.186,2.49326449328573e-24,"14","ATP6V0E2"
2.33179566906104e-28,0.534604759617701,0.393,0.267,4.59200521108191e-24,"14","TTC39C"
2.54449532675325e-26,0.743241881798827,0.252,0.154,5.01087464697517e-22,"14","TMEM106B"
3.30444897333674e-26,0.50900173737571,0.396,0.274,6.50745136319205e-22,"14","CDC25B"
4.16349094419415e-26,0.645082419464418,0.324,0.216,8.19916271640154e-22,"14","MDFIC"
1.29369885907247e-25,0.588938608159926,0.309,0.201,2.54768116317142e-21,"14","TRAC"
1.66593188485537e-25,0.693266013769084,0.282,0.181,3.28071966084567e-21,"14","GPR183"
6.35433225163927e-25,0.570208606346165,0.323,0.214,1.25135865031532e-20,"14","LY9"
2.10568791913151e-23,0.664556687153936,0.254,0.161,4.14673121914567e-19,"14","BEX2"
1.76856453727025e-22,0.503289934525707,0.348,0.24,3.4828341432463e-18,"14","AC119396.1"
1.58863575667942e-21,0.504901852998912,0.344,0.239,3.12850039562878e-17,"14","JAK3"
2.05519600737357e-21,0.507643127922756,0.338,0.235,4.04729749732077e-17,"14","IMPDH2"
2.93454915886591e-21,0.644563120196211,0.262,0.172,5.77900765855464e-17,"14","SELENOM"
7.74713787619828e-21,0.534649593747353,0.311,0.214,1.52564386195973e-16,"14","CRLF3"
8.48361078876167e-21,0.582593840595137,0.286,0.193,1.67067747263084e-16,"14","SOCS3"
1.20147571009424e-20,0.546176149263018,0.296,0.2,2.36606611588859e-16,"14","TAB2"
1.87549548378641e-20,0.58625654056167,0.298,0.203,3.69341325622058e-16,"14","TOB1"
5.04794430922653e-20,0.516830514485489,0.341,0.242,9.94091672815981e-16,"14","TRADD"
9.35523761987082e-20,0.531914416060429,0.319,0.222,1.84232694448116e-15,"14","PDE7A"
1.23527565585239e-19,0.530164167996654,0.312,0.217,2.4326283490701e-15,"14","UBQLN2"
1.39996033114495e-19,0.508649168715069,0.305,0.209,2.75694188012375e-15,"14","SNHG1"
1.4424369935539e-18,0.515929735850988,0.318,0.226,2.8405911714057e-14,"14","EPB41L4A-AS1"
1.88956956129311e-18,0.560057068040781,0.275,0.187,3.72112933705453e-14,"14","GIMAP2"
1.98370213053487e-18,0.603256179015403,0.252,0.169,3.90650460566231e-14,"14","ANXA2R"
2.16922896520629e-18,0.502068307382743,0.309,0.217,4.27186260118074e-14,"14","PAG1"
6.63041945444806e-16,0.522897402039,0.261,0.182,1.30572850316446e-11,"14","SUCLG2"
9.25113560925695e-16,0.515398169566865,0.273,0.192,1.82182613553097e-11,"14","ATF7IP2"
1.10056193876326e-15,0.527469225570515,0.271,0.192,2.16733662600648e-11,"14","LETMD1"
3.40715386961813e-14,0.513758737854196,0.272,0.196,6.70970811543898e-10,"14","USP10"
6.11614199558444e-13,0.50769595143232,0.252,0.183,1.20445184319044e-08,"14","CCDC91"
0,8.56233801990398,1,0.008,0,"15","TRBV7-2"
1.06281345153258e-160,0.774165124581532,0.971,0.732,2.09299853010311e-156,"15","LDHB"
9.48029791110525e-155,0.811609144402452,0.987,0.725,1.86695506763396e-150,"15","LTB"
1.1289352110406e-154,0.947144123280823,0.848,0.491,2.22321211110225e-150,"15","TCF7"
1.93701261553461e-146,1.14678651024402,0.642,0.306,3.81455894377231e-142,"15","MAL"
2.52722794552979e-143,0.946209845169395,0.75,0.386,4.97686999313181e-139,"15","LEF1"
2.04173077240087e-132,0.823157168939898,0.914,0.604,4.02078041008903e-128,"15","IL7R"
5.27471117894261e-130,0.585794750460857,0.99,0.898,1.03874887246917e-125,"15","SARAF"
1.23265519404181e-113,0.625598546611566,0.987,0.705,2.42746787362655e-109,"15","CD3E"
1.10194924665708e-97,1.0622596505929,0.5,0.245,2.17006865144179e-93,"15","INPP4B"
4.39477258036246e-96,0.852154070120411,0.69,0.408,8.65462564250778e-92,"15","PIK3IP1"
9.34315398914981e-96,0.720295452258946,0.812,0.545,1.83994731508327e-91,"15","NOSIP"
5.09849387367632e-95,0.925482327465721,0.587,0.315,1.00404639854308e-90,"15","RCAN3"
2.50379002796896e-94,1.14077671726495,0.445,0.208,4.93071370207928e-90,"15","TRABD2A"
1.04315758719256e-91,0.509612930794348,0.978,0.879,2.05429023645832e-87,"15","NPM1"
2.74315499296241e-90,0.630385014853218,0.859,0.538,5.40209512764087e-86,"15","CD3D"
1.23285464302659e-89,0.848175669157668,0.628,0.352,2.42786064851226e-85,"15","CAMK4"
1.3970948954848e-89,0.867297144904124,0.666,0.399,2.75129897767822e-85,"15","FLT3LG"
2.6736695265647e-85,0.913450092051243,0.617,0.363,5.26525739866387e-81,"15","PIM1"
4.94242711539954e-85,0.873972822313462,0.604,0.34,9.73312171835631e-81,"15","PRKCQ-AS1"
4.05625161100468e-81,0.707831728648701,0.774,0.531,7.98797629755151e-77,"15","TMEM123"
1.97532427681276e-79,0.627326830046245,0.862,0.64,3.89000609832737e-75,"15","PCED1B-AS1"
1.05787592153481e-78,0.708589180433701,0.801,0.565,2.0832750522785e-74,"15","ETS1"
2.74578197073027e-77,0.713762898984479,0.694,0.419,5.40726843495912e-73,"15","CD3G"
5.67006993470839e-76,0.992131902552456,0.465,0.24,1.11660687224212e-71,"15","AQP3"
1.06690031209315e-75,1.05359646825999,0.423,0.212,2.10104678460504e-71,"15","TRAT1"
2.92607166754509e-74,0.862200551862453,0.541,0.306,5.76231293489655e-70,"15","ITK"
2.73362464687097e-72,0.934336154519609,0.472,0.25,5.383327017083e-68,"15","TESPA1"
1.10379172201184e-71,0.877535193014417,0.528,0.296,2.17369703815792e-67,"15","CCR7"
2.1617401879401e-71,0.888627160413117,0.504,0.276,4.25711495211044e-67,"15","CD5"
2.88673025006454e-69,0.636034177414999,0.761,0.516,5.6848378814521e-65,"15","LEPROTL1"
1.09944286812587e-68,0.554216982935039,0.871,0.692,2.16513284020027e-64,"15","GAS5"
2.98360433136808e-66,0.743292794850502,0.573,0.334,5.87561200976316e-62,"15","CD27"
1.84745706830496e-64,0.65311657873155,0.684,0.439,3.63819720461296e-60,"15","LIME1"
5.00488276064054e-63,0.798223153196812,0.504,0.288,9.85611562052942e-59,"15","OXNAD1"
8.14334724542596e-63,0.725533283848382,0.625,0.399,1.60366937304173e-58,"15","LINC00861"
1.92002733698001e-62,0.827301250171709,0.51,0.292,3.78110983471473e-58,"15","BCL11B"
1.98171521373274e-60,0.922523772584611,0.406,0.214,3.90259177040389e-56,"15","SERINC5"
2.94554200076349e-60,0.738770364390071,0.563,0.341,5.80065586210353e-56,"15","CD6"
2.5827352798061e-58,0.880096759274031,0.442,0.247,5.08618058652216e-54,"15","IL6ST"
4.03866377401976e-58,0.783918410296787,0.502,0.295,7.95334057017712e-54,"15","DGKA"
4.23607749079111e-57,0.753854210372782,0.547,0.334,8.34210740261494e-53,"15","GIMAP5"
1.79438813619891e-55,0.522715589353268,0.846,0.65,3.53368855661651e-51,"15","C12orf57"
2.81935794196194e-53,1.11067315830739,0.282,0.134,5.55216159510564e-49,"15","CHRM3-AS2"
2.52623248318806e-52,0.808326749104244,0.46,0.271,4.97490962914225e-48,"15","BCL2"
8.20575895379009e-52,0.65620001620311,0.636,0.43,1.61596011076988e-47,"15","ARHGAP15"
1.94410914858319e-50,0.624664575800066,0.683,0.489,3.82853414630489e-46,"15","NDFIP1"
2.00577147015767e-50,0.550135650011159,0.679,0.457,3.9499657561815e-46,"15","SPOCK2"
1.94608447279212e-48,0.730068160302976,0.446,0.262,3.83242415226952e-44,"15","PCED1B"
3.7029449748756e-48,0.606610354366118,0.655,0.455,7.29220953902252e-44,"15","GIMAP7"
3.77659455367087e-45,0.718561161519252,0.507,0.329,7.43724765454405e-41,"15","PLSCR3"
5.89320550517659e-43,0.691923676357596,0.51,0.331,1.16054896013443e-38,"15","PBXIP1"
6.58812677173869e-43,0.956342510396496,0.327,0.18,1.2973998051585e-38,"15","GPR183"
8.24059336684831e-42,0.591750831769689,0.581,0.39,1.62282005173344e-37,"15","CDKN1B"
1.8181056101999e-40,0.610160698881925,0.487,0.307,3.58039537816666e-36,"15","ABLIM1"
5.20520598853149e-40,0.709025774137725,0.43,0.265,1.02506121532151e-35,"15","PIM2"
7.12604221437346e-40,0.556072584214344,0.636,0.456,1.40333149327657e-35,"15","MCUB"
1.04479410009974e-39,0.580054080799764,0.545,0.359,2.05751302132641e-35,"15","CD2"
6.93847387704807e-39,0.727867722921091,0.438,0.276,1.36639366060708e-34,"15","SATB1"
4.49186756005387e-38,0.675130356793934,0.455,0.289,8.84583478601409e-34,"15","AC243960.1"
4.74392610195636e-38,0.809885132805032,0.353,0.208,9.34221367258266e-34,"15","THOC3"
1.21301938729995e-37,0.679295845201476,0.43,0.267,2.38879907940979e-33,"15","S1PR1"
1.80910779198042e-37,0.770146098507644,0.355,0.207,3.56267597474705e-33,"15","THEM4"
2.32259659383277e-35,0.795040530132887,0.292,0.161,4.57388947223487e-31,"15","STMN3"
3.83405642724552e-35,0.750081832810351,0.364,0.22,7.55040732217461e-31,"15","MYC"
6.06859580181391e-35,0.890941862945594,0.28,0.155,1.19508857125121e-30,"15","SESN3"
8.88641720007063e-35,0.739345062901767,0.417,0.267,1.75000213920991e-30,"15","TTC39C"
3.01953289118781e-34,0.933735666568894,0.324,0.192,5.94636612261616e-30,"15","SOCS3"
1.12479213032402e-33,0.627346552036303,0.4,0.249,2.2150531422471e-29,"15","LDLRAP1"
2.18234186644498e-33,0.551297939732395,0.486,0.319,4.29768583759009e-29,"15","TC2N"
2.02592299636292e-32,0.793119234362427,0.289,0.164,3.98965015673749e-28,"15","FAM102A"
2.33640302395094e-32,0.696572910933659,0.362,0.222,4.60107847506658e-28,"15","SFXN1"
2.35872630493947e-31,0.525625963140415,0.535,0.373,4.6450397123173e-27,"15","MGAT4A"
3.78387007407658e-31,0.814275976071139,0.282,0.161,7.45157533687901e-27,"15","ITGA6"
1.44693533026442e-30,0.515974074242188,0.565,0.408,2.84944974588972e-26,"15","RBL2"
1.65013208896886e-30,0.713282357958448,0.376,0.239,3.24960512280638e-26,"15","ITM2A"
1.87703961594843e-30,0.549582552957478,0.531,0.381,3.69645411568725e-26,"15","PSIP1"
2.19844940083848e-29,0.658018129614458,0.392,0.255,4.32940640507121e-25,"15","ARID5B"
2.239431065163e-29,0.772801071010597,0.305,0.182,4.4101115966255e-25,"15","CHMP7"
7.58724183709633e-29,0.504480248048749,0.489,0.334,1.49415553497938e-24,"15","HSPB1"
3.52743254682514e-28,0.638475204984549,0.337,0.208,6.94657291446275e-24,"15","NELL2"
3.69963560547452e-28,0.684590686043001,0.304,0.182,7.28569239786098e-24,"15","SCML4"
4.85068207601181e-27,0.559211069494367,0.253,0.143,9.55244821229006e-23,"15","SLC40A1"
1.84258085775625e-26,0.587408760064173,0.409,0.275,3.62859448317939e-22,"15","DOCK10"
3.35388528184363e-26,0.554509180354063,0.479,0.34,6.60480628553467e-22,"15","CYLD"
1.31967607900947e-25,0.744069924196507,0.262,0.155,2.59883810239334e-21,"15","TMEM106B"
6.18657453343485e-25,0.569177608688264,0.431,0.301,1.21832212286932e-20,"15","MZT2A"
1.39929057828036e-24,0.690562578689291,0.306,0.193,2.75562293580752e-20,"15","RASGRP1"
1.51573085972202e-24,0.702749362807606,0.332,0.216,2.98492878205058e-20,"15","MDFIC"
2.76334785175727e-24,0.533092115808091,0.414,0.283,5.44186092446559e-20,"15","SLFN5"
4.80839694542225e-24,0.526308958415138,0.509,0.377,9.46917610462003e-20,"15","UBALD2"
4.90075772504069e-24,0.622833499301652,0.303,0.189,9.65106218792263e-20,"15","KCNA3"
2.32357989551354e-23,0.508441937072257,0.424,0.292,4.57582588823482e-19,"15","OCIAD2"
4.63325541415952e-23,0.640063283391822,0.35,0.234,9.12426988710434e-19,"15","MAML2"
5.00297340302439e-23,0.753535033539592,0.293,0.187,9.85235552257594e-19,"15","ITPKB"
5.58077558138757e-23,0.65525745610461,0.292,0.181,1.09902213524266e-18,"15","GATA3"
9.43189782598643e-23,0.658812633070224,0.312,0.201,1.85742363887151e-18,"15","TRAC"
1.01830905593689e-22,0.757187153634727,0.266,0.165,2.00535602385652e-18,"15","CDC14A"
2.47689196644203e-22,0.741890168112509,0.259,0.159,4.87774334951429e-18,"15","TNFSF8"
3.4307374387613e-22,0.664449989910899,0.328,0.217,6.75615123815262e-18,"15","UBQLN2"
2.07116602679975e-21,0.529285265724541,0.395,0.274,4.07874725657674e-17,"15","CDC25B"
2.48828961889257e-21,0.572541646008381,0.354,0.24,4.90018874648513e-17,"15","AC119396.1"
8.99006376563276e-21,0.636529353339163,0.306,0.2,1.77041325736606e-16,"15","TAB2"
1.86505578807333e-20,0.546870012544368,0.325,0.215,3.6728543634528e-16,"15","LY9"
3.1606767066201e-20,0.523214833618656,0.364,0.25,6.22432063834695e-16,"15","OPTN"
5.89630035779201e-20,0.569858313693876,0.33,0.223,1.16115842945998e-15,"15","PDE7A"
7.89076021637451e-20,0.643914280094216,0.285,0.186,1.55392740941063e-15,"15","FOXO1"
8.1939157655343e-20,0.662882227578923,0.258,0.162,1.61362783170667e-15,"15","IPCEF1"
8.4221565868943e-20,0.606052003973365,0.31,0.207,1.6585752966571e-15,"15","RAPGEF6"
9.33803750320653e-20,0.600192860542249,0.367,0.26,1.83893972550646e-15,"15","SNHG32"
3.17119836454036e-19,0.616423107067904,0.307,0.205,6.24504093928934e-15,"15","SLC2A4RG"
3.49949441134e-19,0.688230335069249,0.251,0.159,6.89155434425186e-15,"15","LIX1L"
4.65736476718367e-19,0.644052344738837,0.254,0.161,9.17174843601481e-15,"15","BEX2"
4.73559757201076e-19,0.61732897624116,0.348,0.242,9.32581229856079e-15,"15","TRADD"
5.32153657824078e-19,0.606081647776924,0.257,0.162,1.04797019835296e-14,"15","SH3YL1"
8.0604653372902e-19,0.623418558444403,0.283,0.186,1.58734743887256e-14,"15","ATP6V0E2"
2.4947806404946e-18,0.627934380146422,0.261,0.169,4.91297151532602e-14,"15","ANXA2R"
4.08095767006459e-18,0.583396078839893,0.272,0.176,8.0366299396582e-14,"15","THEMIS"
1.00489913358912e-17,0.524885052377062,0.351,0.246,1.97894786377706e-13,"15","ESYT1"
3.31760162127538e-17,0.507606458671627,0.358,0.254,6.5333528727776e-13,"15","PHF1"
4.32401187870518e-17,0.530957539566926,0.315,0.217,8.51527659273412e-13,"15","PAG1"
5.01501134664041e-17,0.513566799302979,0.34,0.239,9.87606184493896e-13,"15","JAK3"
7.06515307432265e-17,0.567413067276481,0.298,0.203,1.39134059492636e-12,"15","TOB1"
1.46538865953194e-16,0.549704130126505,0.306,0.21,2.88578988721625e-12,"15","CA5B"
2.15462682122809e-16,0.507100459422894,0.285,0.191,4.24310659904448e-12,"15","TXK"
1.36705821133874e-15,0.533836754118031,0.274,0.185,2.69214773558938e-11,"15","CCND2"
6.13504169978225e-14,0.509715419430081,0.372,0.281,1.20817376193812e-09,"15","CORO1B"
1.02716685845939e-13,0.562089017563841,0.251,0.172,2.02279969436408e-09,"15","ARMH1"
1.55304734319767e-13,0.519117408914111,0.274,0.192,3.05841613295917e-09,"15","ATF7IP2"
4.36820060846915e-13,0.532028110459468,0.294,0.213,8.6022974582583e-09,"15","MALT1"
6.81228405786808e-13,0.501427572908734,0.28,0.198,1.34154309951596e-08,"15","RPS10-NUDT3"
1.33219493439313e-12,0.583384474352297,0.273,0.197,2.62349148430038e-08,"15","USP10"
2.20505144277281e-12,0.501822091191257,0.291,0.211,4.34240780625249e-08,"15","ESYT2"
0,1.159757128431,0.999,0.985,0,"16","MT-ND5"
0,1.19774653235435,1,0.994,0,"16","MT-ATP6"
0,1.23869301390908,1,0.997,0,"16","MT-CYB"
0,2.18920398819942,1,0.998,0,"16","MALAT1"
0,1.12442841143744,1,0.999,0,"16","MT-CO3"
0,1.1396148374662,1,1,0,"16","MT-CO1"
0,1.03129411727436,1,1,0,"16","MT-CO2"
4.64170100005838e-292,1.10304105764932,0.999,0.985,9.14090177941496e-288,"16","MT-ND4L"
2.1626592236541e-250,1.09378210392262,1,0.989,4.25892480914202e-246,"16","MT-ND3"
2.72217073309631e-231,0.884754118174657,1,0.983,5.36077082468657e-227,"16","MT-ND1"
3.88321006765786e-185,1.13366953747632,0.998,0.929,7.64720558623862e-181,"16","PTPRC"
1.42372810762425e-183,1.18273219224845,0.963,0.787,2.80374776234444e-179,"16","MT-ND6"
5.13838140249588e-174,0.983587421541263,0.999,0.939,1.01190144959351e-169,"16","MT-ATP8"
1.4268901995058e-173,1.64966273744751,0.737,0.576,2.80997486988677e-169,"16","DDX17"
8.45994652627495e-171,0.795007858794161,0.999,0.959,1.66601726941933e-166,"16","MT-ND2"
7.56945254478388e-141,2.4764571026583,0.502,0.265,1.49065228964429e-136,"16","XIST"
1.77460725326187e-135,0.712107181166024,0.998,0.955,3.4947340638486e-131,"16","MT-ND4"
5.72397230419762e-131,1.60364900464634,0.67,0.513,1.12722186586564e-126,"16","SMCHD1"
3.2558231828403e-128,1.04277907879873,0.922,0.762,6.41169259396741e-124,"16","SF1"
3.55058292387633e-126,1.02237370295832,0.908,0.736,6.99216295198966e-122,"16","MBNL1"
1.8624614123352e-104,1.08543065798215,0.793,0.651,3.66774525931171e-100,"16","RIPOR2"
2.03720364137054e-96,1.7487043366091,0.498,0.307,4.011865130951e-92,"16","ITK"
1.14773212605595e-94,0.990783249285207,0.716,0.481,2.26022887584199e-90,"16","NEAT1"
4.62292698471169e-86,0.70668590326376,0.935,0.605,9.10393011099274e-82,"16","IL7R"
5.118375348239e-83,1.77467274144658,0.468,0.307,1.00796165732871e-78,"16","NKTR"
2.73184172180983e-80,1.98989245476896,0.389,0.215,5.37981590276011e-76,"16","SERINC5"
3.31614672401935e-79,1.64325578562997,0.464,0.294,6.53048774361131e-75,"16","BCL11B"
2.02098690424143e-73,0.687235921155781,0.983,0.898,3.97992951052264e-69,"16","HNRNPA2B1"
8.03479437511755e-71,1.79026276787834,0.409,0.244,1.5822920562919e-66,"16","RORA"
1.4403130273724e-69,1.48106776201689,0.533,0.419,2.83640844480446e-65,"16","ATM"
6.93965551500699e-69,1.80418994381511,0.409,0.252,1.36662636057033e-64,"16","PDE3B"
1.46131880054264e-67,1.3891551844952,0.546,0.454,2.87777511390862e-63,"16","CCNL1"
6.36176809281051e-67,1.42198680037122,0.502,0.355,1.25282299051717e-62,"16","CAMK4"
2.23710913829839e-62,1.19972381064746,0.569,0.459,4.40553902605101e-58,"16","SPOCK2"
7.42130392257468e-62,0.535183605275795,0.998,0.946,1.46147738147263e-57,"16","DDX5"
3.14163786996983e-60,1.29254545370478,0.559,0.494,6.18682745733158e-56,"16","CELF2"
4.38404482841785e-60,1.36995821367864,0.52,0.431,8.63349948060328e-56,"16","ANKRD44"
9.62100755597549e-60,0.772074974838091,0.749,0.567,1.89466501799825e-55,"16","ETS1"
2.93076355742274e-58,0.662298263318173,0.915,0.746,5.77155267363261e-54,"16","FYB1"
4.99254301857084e-57,1.25955423107966,0.574,0.511,9.83181496647156e-53,"16","FOXP1"
1.27705675857461e-55,1.32216484182892,0.509,0.427,2.51490787466097e-51,"16","SRSF11"
1.63836008654727e-55,1.16226773301426,0.58,0.531,3.22642251843753e-51,"16","RSRP1"
8.05569412855232e-54,1.58299810894474,0.438,0.319,1.58640784473581e-49,"16","OGT"
8.81731779439772e-54,1.79151569934245,0.354,0.217,1.73639439325074e-49,"16","PAG1"
1.93185513400643e-53,1.50518342002634,0.448,0.337,3.80440231539885e-49,"16","EML4"
7.71723808180769e-53,0.95017113247932,0.669,0.631,1.51975569545039e-48,"16","PNISR"
1.57746498355979e-50,1.2678368965432,0.553,0.506,3.10650179212429e-46,"16","ANKRD12"
1.76587555605909e-49,0.689463634013245,0.806,0.724,3.47753873254717e-45,"16","SON"
3.37697380840226e-49,1.26904713848625,0.551,0.49,6.65027452088657e-45,"16","RNF213"
1.92777384167229e-48,1.51919615420117,0.395,0.275,3.79636502640524e-44,"16","DOCK10"
7.4330128561148e-48,1.58376299123395,0.376,0.247,1.46378322175469e-43,"16","INPP4B"
7.4196551226636e-47,1.2459740512857,0.519,0.474,1.46115268330614e-42,"16","N4BP2L2"
1.41904972356152e-46,1.48974665517597,0.41,0.297,2.79453462060971e-42,"16","DGKA"
9.3244912418859e-44,1.4186089865406,0.452,0.342,1.83627206026459e-39,"16","SYNE2"
2.70913144624424e-43,1.43823966385548,0.438,0.347,5.33509255708879e-39,"16","AAK1"
8.22264244529124e-42,2.04605924949529,0.272,0.155,1.6192849767512e-37,"16","SESN3"
7.03292862650313e-41,1.73261603471576,0.286,0.171,1.38499463441726e-36,"16","PCNX1"
7.21190156273241e-41,1.78782982087601,0.283,0.165,1.42023977474889e-36,"16","CDC14A"
2.26996951187659e-39,1.02916288090297,0.593,0.525,4.47025095973858e-35,"16","LINC01578"
2.23435987625131e-38,1.38942346169848,0.413,0.32,4.4001249043017e-34,"16","TC2N"
6.64452469444567e-38,1.19682356363638,0.497,0.433,1.30850624807719e-33,"16","ARHGAP15"
1.62979072903603e-37,1.54011725020416,0.378,0.273,3.20954688269065e-33,"16","BCL2"
8.5501045851597e-37,1.52924121168413,0.349,0.248,1.6837720959555e-32,"16","TUT4"
3.40935389505205e-36,1.41532385891627,0.403,0.311,6.714040625526e-32,"16","NFKBIZ"
5.30960362530858e-36,1.53503349817287,0.351,0.249,1.04562024193202e-31,"16","IL6ST"
5.07417467010303e-35,1.11441223341511,0.507,0.485,9.9925721778339e-31,"16","SF3B1"
7.38593210335294e-34,0.870653852009069,0.602,0.592,1.45451160911329e-29,"16","RBM39"
9.56882454914742e-34,0.884864014130172,0.602,0.601,1.8843886184636e-29,"16","FUS"
5.61401932906324e-33,1.29963293688638,0.437,0.383,1.10556882647242e-28,"16","LUC7L3"
7.18452211906496e-33,1.28708926704207,0.43,0.362,1.41484794090746e-28,"16","SORL1"
6.77559618345345e-32,0.928410217877303,0.492,0.391,1.33431815640749e-27,"16","LEF1"
3.38591658375372e-31,0.704362395858092,0.708,0.65,6.6678855283862e-27,"16","HNRNPU"
6.00757504850063e-31,1.23679239036749,0.412,0.351,1.18307175430123e-26,"16","ZRANB2"
1.65517360216378e-30,1.44854539081192,0.393,0.32,3.25953337474113e-26,"16","MACF1"
6.72650455431105e-30,0.856520319356497,0.605,0.567,1.32465054188047e-25,"16","SRRM2"
9.54919652738092e-30,1.4065601242426,0.363,0.285,1.88052327213712e-25,"16","OGA"
1.20607906236835e-29,1.43252901253975,0.333,0.246,2.37513149752199e-25,"16","TTC14"
1.2374870419991e-29,1.52061659814523,0.302,0.211,2.43698323180883e-25,"16","STX16"
2.92817839240787e-29,1.3925234113637,0.348,0.27,5.76646170816881e-25,"16","ZNF292"
1.0917442846678e-28,0.800178718981095,0.59,0.588,2.1499720197963e-24,"16","TRAF3IP3"
3.89426286861585e-28,1.03583747962925,0.475,0.451,7.66897186716519e-24,"16","USP15"
5.40256392493421e-28,0.952372986320352,0.53,0.54,1.06392691373729e-23,"16","ARGLU1"
6.99223906340419e-28,0.898579452615051,0.546,0.546,1.37698163875619e-23,"16","PRRC2C"
3.85833696421884e-27,1.32417580381869,0.384,0.319,7.59822298363616e-23,"16","TNRC6B"
1.09328184732475e-26,1.41540406503405,0.319,0.234,2.15299994193662e-22,"16","MAML2"
3.9349924146374e-26,1.5504132273828,0.259,0.17,7.74918056214543e-22,"16","ZBTB20"
7.01038793412449e-26,1.24222423071507,0.384,0.323,1.38055569586714e-21,"16","CHD2"
1.21772955346828e-24,1.12343331175437,0.394,0.331,2.39807480964509e-20,"16","PRKCH"
1.01031460263808e-22,1.39966700788519,0.287,0.209,1.98961254697517e-18,"16","SPTBN1"
4.69280360281377e-22,1.4662933695884,0.277,0.199,9.24153813502115e-18,"16","GABPB1-AS1"
3.679728869467e-21,1.01741532848034,0.446,0.403,7.24649006264135e-17,"16","LINC00861"
3.72725477778926e-21,0.962053606295313,0.44,0.424,7.3400828339004e-17,"16","RBM25"
4.78255239110261e-21,1.42936619546105,0.281,0.208,9.41828042379838e-17,"16","RAPGEF6"
6.7772063240768e-21,0.51642447467698,0.75,0.693,1.33463524140044e-16,"16","GSTK1"
1.15475457081819e-20,0.965533528352559,0.466,0.468,2.27405817631225e-16,"16","CYTH1"
2.28994506880897e-19,0.998929428090903,0.423,0.395,4.5095888240055e-15,"16","EPB41"
4.74504541765854e-19,1.10836646358722,0.376,0.333,9.34441794099495e-15,"16","SLC38A1"
3.08840957319324e-18,1.44175096655644,0.257,0.191,6.08200497248946e-14,"16","ARID1B"
5.80854059217391e-18,1.00080189168932,0.424,0.399,1.14387589881681e-13,"16","RASA3"
1.81760481572585e-17,1.03142371405366,0.39,0.355,3.57940916360892e-13,"16","GCC2"
2.32269041016077e-17,1.20006568642549,0.342,0.299,4.57407422472961e-13,"16","HNRNPH1"
3.06642303268945e-17,1.36880543061999,0.269,0.206,6.03870687827533e-13,"16","PHC3"
3.32760712359389e-17,1.17713123160144,0.35,0.31,6.55305670849344e-13,"16","PRPF4B"
8.5913888058816e-17,0.513943110539303,0.635,0.602,1.69190219754226e-12,"16","SAMHD1"
1.39154561955282e-16,1.24723651858789,0.29,0.235,2.74037078858537e-12,"16","KANSL1"
1.16833641078572e-15,1.24036690742153,0.301,0.25,2.30080489376033e-11,"16","CASP8"
7.04226795005139e-15,1.26587685625477,0.293,0.246,1.38683382740362e-10,"16","USP34"
1.64844330745602e-14,1.01475782323375,0.366,0.342,3.24627940537315e-10,"16","TMC8"
2.30286523437329e-14,1.04863514148808,0.37,0.352,4.53503250605133e-10,"16","VPS13C"
3.23634079262733e-14,1.26228542970886,0.278,0.224,6.373325922921e-10,"16","PDE7A"
3.74799705357924e-14,1.25170658380818,0.275,0.224,7.38093059761359e-10,"16","SFXN1"
5.08938672197341e-14,1.28739736496336,0.263,0.209,1.00225292715822e-09,"16","THOC3"
6.18012323331802e-14,0.920636605436173,0.45,0.451,1.21705166833732e-09,"16","RESF1"
8.70610443611244e-14,1.22913650484768,0.287,0.242,1.71449314660362e-09,"16","SMG1"
9.02285103335056e-14,1.29172090983646,0.258,0.205,1.77687005399773e-09,"16","MDM4"
1.16017103425188e-13,1.06218250801172,0.325,0.282,2.28472481775224e-09,"16","CLEC2D"
1.40802851912556e-13,1.05523835938666,0.352,0.326,2.77283056271397e-09,"16","UTRN"
1.74694767148102e-13,1.43675767183516,0.25,0.197,3.44026404944757e-09,"16","CRYBG1"
4.03154934201699e-13,1.08685631055315,0.341,0.31,7.93933011923406e-09,"16","SPTAN1"
1.79632426937367e-12,1.29263211305115,0.26,0.213,3.53750138367757e-08,"16","PCSK7"
1.9653375157642e-12,1.23665123661629,0.263,0.218,3.87033916979445e-08,"16","JPX"
6.56215933091092e-12,0.872752837243531,0.392,0.382,1.29228603703629e-07,"16","SKAP1"
1.02395425031322e-11,1.0913245680693,0.351,0.336,2.01647310514182e-07,"16","KMT2A"
1.27448156879273e-11,1.06845162946648,0.341,0.325,2.50983655342352e-07,"16","LNPEP"
1.3049368056349e-11,0.916743454729504,0.396,0.41,2.56981205133681e-07,"16","DDX39B"
1.89781689894882e-11,1.04961472515844,0.297,0.259,3.73737081909991e-07,"16","AKAP9"
2.77299626715783e-11,0.889881561441775,0.429,0.456,5.46086154891391e-07,"16","SFPQ"
2.80114599492779e-11,1.28592662509547,0.268,0.229,5.5162968078113e-07,"16","BRWD1"
2.93577668350718e-11,0.949598830342288,0.388,0.394,5.78142502283068e-07,"16","PNN"
3.66262421794492e-11,0.886392351949797,0.391,0.393,7.21280587239893e-07,"16","ZC3HAV1"
4.02240363085194e-11,0.712756313900995,0.492,0.556,7.92131947023673e-07,"16","STK4"
4.6830598636416e-11,0.978220444427525,0.338,0.321,9.2223497894694e-07,"16","PHF3"
4.97004300727496e-11,0.793890008823729,0.471,0.517,9.78750569422658e-07,"16","IKZF1"
5.27863301039365e-11,1.12242556605961,0.31,0.285,1.03952119873682e-06,"16","CHD1"
6.84956810632024e-11,0.769594657658258,0.459,0.494,1.34888544717764e-06,"16","NDFIP1"
8.82986031174782e-11,0.771181059588136,0.417,0.414,1.7388643911925e-06,"16","PIK3IP1"
1.0427621077097e-10,0.915560335360166,0.389,0.407,2.05351141871272e-06,"16","SRSF10"
1.09364020015113e-10,0.947462760682459,0.387,0.4,2.15370564615762e-06,"16","ZNF207"
1.86751081198815e-10,0.789471265012587,0.409,0.424,3.67768904204826e-06,"16","DDX6"
2.5613865394602e-10,1.05074709700907,0.308,0.285,5.04413851215897e-06,"16","LENG8"
3.00267674328838e-10,1.00853147399195,0.351,0.342,5.9131713105578e-06,"16","TGFBR2"
4.83807787034098e-10,0.801466538373535,0.365,0.345,9.52762675006249e-06,"16","CD6"
5.21287865491645e-10,1.04813263631839,0.307,0.279,1.0265721935127e-05,"16","SATB1"
6.06453300661125e-10,0.608002975555723,0.549,0.577,1.19428848499195e-05,"16","STK17B"
1.19023561300092e-09,1.16924988554508,0.261,0.228,2.3439309926827e-05,"16","POLR2J3"
2.70985274609613e-09,1.11492272315572,0.277,0.249,5.33651301288711e-05,"16","TTC17"
2.95403100441401e-09,0.881729490460607,0.349,0.344,5.8173732569925e-05,"16","NAP1L4"
3.68043738545264e-09,1.146115718162,0.27,0.241,7.24788534317189e-05,"16","ASH1L"
4.74796909972039e-09,1.08106581975191,0.291,0.267,9.35017554807936e-05,"16","CCNH"
5.40997375083515e-09,0.990007638706691,0.328,0.319,0.000106538613075197,"16","STK38"
5.6257694162502e-09,0.983372081339225,0.347,0.342,0.000110788277114215,"16","CYLD"
6.02197310528192e-09,1.19792859019787,0.254,0.223,0.000118590716362317,"16","CLK1"
1.11843628423614e-08,1.13796612889089,0.258,0.23,0.000220253657454623,"16","CENPC"
2.00232127445518e-08,0.903794755064929,0.386,0.411,0.000394317128578459,"16","DDX24"
4.93135780658315e-08,0.861561063919875,0.371,0.384,0.00097113229285042,"16","DDX3X"
7.1399250532283e-08,1.0056248293742,0.286,0.266,0.00140606544073225,"16","CLDND1"
1.24428742440169e-07,0.822873626533747,0.396,0.431,0.00245037522487425,"16","BCLAF1"
1.24835265081843e-07,0.625161751519307,0.502,0.575,0.00245838087525674,"16","ARHGEF1"
5.53529673329814e-07,0.918483637360693,0.318,0.319,0.010900659856884,"16","USP3"
8.13736646115627e-07,0.912674377666986,0.315,0.316,0.016024915771955,"16","SEMA4D"
1.26877575988876e-06,0.877762749783206,0.33,0.331,0.0249860010394894,"16","ANKRD11"
1.37842094899259e-06,1.04980938004358,0.268,0.255,0.027145243748511,"16","XRN1"
2.63801041909305e-06,1.01593253671955,0.261,0.245,0.0519503391831995,"16","KMT2C"
5.70844784686907e-06,0.846917528934704,0.364,0.365,0.112416463448393,"16","TNFAIP3"
6.07946966627436e-06,0.852813418373755,0.335,0.348,0.119722996137941,"16","P2RY8"
7.37876347042745e-06,0.906904968259831,0.285,0.28,0.145309989023128,"16","CCDC18-AS1"
9.86166599350529e-06,0.80103040627364,0.36,0.388,0.1942057884101,"16","CD47"
1.19697053732973e-05,0.744578420773392,0.376,0.398,0.235719407916344,"16","PIK3R1"
1.34142009043808e-05,0.886255138542919,0.336,0.353,0.264165858409971,"16","MYCBP2"
1.39054670989495e-05,0.601006130798569,0.458,0.53,0.273840363579612,"16","CYTIP"
2.59269380487847e-05,0.976211706624565,0.252,0.242,0.510579190994718,"16","AC119396.1"
3.5073958628016e-05,0.844181873291602,0.27,0.257,0.69071146726152,"16","ARID5B"
4.69506486651136e-05,0.813228324912332,0.328,0.352,0.924599124162081,"16","SSH2"
5.8584305576747e-05,0.686815945519401,0.458,0.531,1,"16","PRMT2"
6.0299984139013e-05,0.908985050180044,0.277,0.279,1,"16","NIPBL"
6.76958400340487e-05,0.87053172182525,0.259,0.245,1,"16","SYNE1"
6.77506516081683e-05,0.856565327307704,0.294,0.292,1,"16","OXNAD1"
6.88185549705537e-05,0.925392188469566,0.271,0.27,1,"16","PCM1"
0.000240930154321432,0.869115021964847,0.307,0.32,1,"16","PPP2R5C"
0.000241908609166126,0.746474114713463,0.349,0.387,1,"16","ARID4B"
0.000304972238358709,0.599740409133308,0.377,0.414,1,"16","CYFIP2"
0.000526860295140932,0.839174343341732,0.292,0.306,1,"16","DPYD"
0.00053670489683344,0.874816589946321,0.257,0.256,1,"16","CCDC88C"
0.000600826612124686,0.824774523473735,0.258,0.254,1,"16","TESPA1"
0.000867486417760399,0.803908906232338,0.27,0.276,1,"16","RASA2"
0.0015942402501607,0.835540800669874,0.281,0.292,1,"16","PARP8"
0.0017998706475384,0.587920186888766,0.368,0.405,1,"16","ZAP70"
0.00235695758071608,0.589567958445267,0.333,0.346,1,"16","PRKCQ-AS1"
0.0024228763283442,0.802786694451294,0.404,0.471,1,"16","ITGA4"
0.00291421751692873,0.739806442943943,0.286,0.3,1,"16","CD96"
0.00347089487358878,0.864151978484511,0.261,0.274,1,"16","NOP58"
0.00388541808731023,0.739283050209191,0.337,0.386,1,"16","STAT3"
0.00490975817808139,0.770027698828531,0.261,0.27,1,"16","TTC39C"
0.0076052341536268,0.750182889242063,0.273,0.286,1,"16","SLFN5"
0.00779183220088993,0.832796814578088,0.257,0.268,1,"16","ATF7IP"
0.00810938115813295,0.790935106090067,0.273,0.292,1,"16","SNRNP70"
0.00875372494636216,0.687660317548037,0.349,0.408,1,"16","MPHOSPH8"
0.00900333557450559,0.739610379201123,0.33,0.381,1,"16","NSD3"
0.00942401063087128,0.619425428127725,0.377,0.448,1,"16","EPC1"
0.00962054204545451,0.763584838880034,0.261,0.278,1,"16","RSF1"
0,4.88062902828113,0.991,0.149,0,"17","HLA-DQA1"
0,3.99683311493015,0.907,0.111,0,"17","CPVL"
0,8.77875078283481,0.794,0.006,0,"17","FCER1A"
0,3.50655593645354,0.975,0.199,0,"17","HLA-DMA"
0,2.4538093851219,0.971,0.196,0,"17","SPI1"
0,3.50773085879395,0.865,0.104,0,"17","GSN"
0,4.22776614929819,0.994,0.238,0,"17","HLA-DQB1"
0,3.22433942246458,0.884,0.136,0,"17","HLA-DMB"
0,3.59427447162251,0.848,0.1,0,"17","ALDH2"
0,7.34315257877796,0.762,0.014,0,"17","CLEC10A"
0,4.08003177025662,0.938,0.197,0,"17","HLA-DRB5"
0,3.910277741408,0.997,0.257,0,"17","CST3"
0,2.40935557341982,0.983,0.245,0,"17","IFI30"
0,2.8082601688745,0.981,0.245,0,"17","GRN"
0,3.08477336643997,0.842,0.114,0,"17","LGALS2"
0,2.93342427455391,0.901,0.177,0,"17","CFP"
0,2.58963782067405,0.998,0.283,0,"17","LYZ"
0,4.00733242896025,1,0.297,0,"17","HLA-DRA"
0,2.82935753358776,0.885,0.182,0,"17","CTSH"
0,3.19320336621637,0.803,0.102,0,"17","ZNF385A"
0,1.27181713323828,0.932,0.239,0,"17","LST1"
0,1.83635438915925,0.865,0.174,0,"17","MNDA"
0,2.84287167787869,0.887,0.203,0,"17","CAPG"
0,2.24691602800869,0.831,0.157,0,"17","FGL2"
0,1.79743071586331,0.966,0.302,0,"17","FCER1G"
0,2.30629207246928,0.884,0.224,0,"17","FCGRT"
0,2.9493573527464,0.774,0.115,0,"17","LY86"
0,3.96304332439695,1,0.345,0,"17","HLA-DRB1"
0,3.23710552979483,0.757,0.104,0,"17","PAK1"
0,3.00745357870424,0.76,0.11,0,"17","CCDC88A"
0,2.45191949829882,0.839,0.191,0,"17","LGALS9"
0,4.20006709960696,1,0.355,0,"17","HLA-DPA1"
0,4.13197080846552,1,0.358,0,"17","HLA-DPB1"
0,2.98677910055879,0.847,0.205,0,"17","CTSZ"
0,2.48499197541798,0.876,0.236,0,"17","RNF130"
0,2.69219936212001,0.831,0.192,0,"17","JAML"
0,4.02018442471788,0.661,0.03,0,"17","PLD4"
0,2.28697809251394,0.887,0.26,0,"17","FOS"
0,6.91436570916377,0.635,0.015,0,"17","CD1C"
0,2.57519536990633,0.983,0.365,0,"17","LGALS1"
0,3.51819251621327,0.683,0.068,0,"17","CD33"
0,2.22804227350742,0.879,0.271,0,"17","AP1S2"
0,2.80019368541321,0.718,0.111,0,"17","IGSF6"
0,2.64797518347889,0.946,0.352,0,"17","ANXA2"
0,2.18831234286062,0.737,0.146,0,"17","CSTA"
0,2.28978777452203,0.718,0.137,0,"17","RAB31"
0,2.29667175151432,0.734,0.158,0,"17","KLF10"
0,8.79545937578157,0.548,0.002,0,"17","ENHO"
0,3.34055748199851,0.608,0.073,0,"17","CIITA"
0,2.15312442332557,0.661,0.129,0,"17","CD302"
0,2.72327906760889,0.652,0.128,0,"17","PRCP"
0,2.18125469571101,0.628,0.104,0,"17","PLBD1"
0,2.45408670263617,0.949,0.44,0,"17","TUBA1B"
0,3.03506660902353,0.577,0.073,0,"17","CLEC4A"
0,3.1529143694479,0.57,0.075,0,"17","RNASE6"
0,3.5667197825768,0.543,0.052,0,"17","LILRB4"
0,2.90972237471528,0.562,0.093,0,"17","PEA15"
0,2.31528516343932,0.998,0.533,0,"17","GSTP1"
0,2.58111815418693,0.534,0.073,0,"17","IGFBP7"
0,2.86580027417135,0.525,0.079,0,"17","SULF2"
0,2.82255314381866,0.52,0.076,0,"17","FES"
0,2.91723035249636,0.509,0.068,0,"17","CD86"
0,3.50010212711181,0.489,0.049,0,"17","CD1D"
0,4.21436780321748,0.466,0.029,0,"17","IL18"
0,5.4985776600336,0.443,0.012,0,"17","FLT3"
0,3.25169615830283,0.474,0.051,0,"17","SEMA4A"
0,4.52989184237583,0.44,0.024,0,"17","NDRG2"
0,3.7322374489186,0.469,0.055,0,"17","BASP1"
0,3.3679219694254,0.44,0.045,0,"17","IL13RA1"
0,2.11719249173863,0.998,0.618,0,"17","COTL1"
0,3.67754444795875,0.413,0.036,0,"17","GPAT3"
0,3.21330586117066,0.415,0.048,0,"17","CD300C"
0,3.17031819162191,0.406,0.047,0,"17","MGST2"
0,3.09258639798761,0.409,0.052,0,"17","KCNK6"
0,4.08511581017807,0.361,0.024,0,"17","RTN1"
0,4.33348534225254,0.347,0.018,0,"17","UPK3A"
0,3.31150643795069,0.365,0.037,0,"17","HLA-DOA"
0,3.97619945287384,0.313,0.018,0,"17","GAS6"
0,3.938166512425,0.314,0.02,0,"17","NREP"
0,4.46546660553103,0.291,0.017,0,"17","HLA-DQA2"
0,3.9927985369228,0.283,0.019,0,"17","PON2"
0,3.35695486719946,0.28,0.026,0,"17","PHACTR1"
0,3.28329079438962,1,0.827,0,"17","CD74"
1.41164436329761e-319,2.25472360395462,0.89,0.315,2.77995124464198e-315,"17","H2AFY"
4.15399327952853e-316,1.82489328850794,0.998,0.93,8.18045896537554e-312,"17","VIM"
1.30057266078009e-309,2.02224265407501,0.941,0.338,2.56121774087422e-305,"17","ANXA5"
1.90929076104251e-307,2.11656413930857,0.947,0.385,3.75996629572101e-303,"17","C1orf162"
2.1780690549548e-307,1.62442199970427,1,0.943,4.28927138992249e-303,"17","GAPDH"
1.1194559446129e-306,2.17003312432777,0.978,0.599,2.20454459172619e-302,"17","SAMHD1"
5.03751370576506e-305,2.73196743616964,0.472,0.075,9.92037574076313e-301,"17","IRF5"
1.56513607395999e-302,2.64387043881491,0.522,0.092,3.08222247044941e-298,"17","NRROS"
1.9089076285571e-299,2.65050319838215,0.474,0.076,3.7592117929175e-295,"17","KLF4"
4.63438419568194e-297,2.01073320716506,0.994,0.774,9.12649279655645e-293,"17","S100A10"
1.68187239097784e-293,2.2194165611351,0.58,0.111,3.31211129955265e-289,"17","TGFBI"
3.43987178924791e-293,3.03465767962598,0.402,0.058,6.7741395145659e-289,"17","FABP5"
2.45418619108464e-291,1.812760056614,0.701,0.15,4.83302886610298e-287,"17","NCF2"
1.35336237479469e-289,1.88156354319358,0.641,0.13,2.66517652468319e-285,"17","HCK"
1.43921181602703e-285,1.29361844856321,1,0.999,2.83423982930203e-281,"17","ACTB"
5.89499395037503e-283,2.04302831963432,0.892,0.331,1.16090115864735e-278,"17","RNH1"
1.18773397511309e-281,1.96818932890859,0.646,0.138,2.3390045171902e-277,"17","MEF2C"
1.37550515663844e-281,1.85346788162158,0.933,0.353,2.70878230496808e-277,"17","AP2S1"
5.59261816543806e-281,3.36919551263606,0.265,0.027,1.10135429531972e-276,"17","ALCAM"
6.35032983916014e-280,1.59341719327684,0.994,0.708,1.25057045522581e-275,"17","NME2"
7.58955979518278e-278,2.07415758738483,0.896,0.354,1.49461201046534e-273,"17","SYNGR2"
2.90538950538115e-276,3.04928458918759,0.344,0.045,5.7215835529471e-272,"17","SHTN1"
2.53258087161289e-275,1.52766452490987,0.998,0.792,4.98741151046727e-271,"17","GABARAP"
8.8120581475483e-275,2.8264126813212,0.364,0.05,1.73535861099669e-270,"17","HDAC9"
4.51306896761917e-274,1.26729611356601,0.972,0.313,8.88758671793243e-270,"17","AIF1"
5.54632416893659e-272,2.19468528245965,0.676,0.165,1.09223761858868e-267,"17","ETV6"
2.38297993831271e-269,1.66435344547533,0.981,0.658,4.69280239251923e-265,"17","EIF4A1"
9.851975145071e-269,2.87134471768471,0.344,0.046,1.94014946531883e-264,"17","CSF2RA"
3.27389817823711e-267,1.33874304815025,1,0.963,6.44728768240233e-263,"17","ACTG1"
6.05406383298588e-265,2.12655019739695,0.515,0.096,1.19222679062991e-260,"17","RAB32"
6.43509802654563e-264,2.47811645527567,0.505,0.096,1.26726385436763e-259,"17","ITGAX"
1.17797522692603e-261,1.80471863936539,0.885,0.299,2.31978661438544e-257,"17","PYCARD"
1.79996565832065e-258,2.64796417529946,0.396,0.061,3.54467237093086e-254,"17","LTBR"
2.89701052202e-255,2.57868439922744,0.478,0.09,5.70508282101399e-251,"17","ADAM15"
1.29999208428853e-252,1.37278540990453,0.992,0.787,2.56007441158941e-248,"17","ARPC1B"
9.69827675137892e-250,2.54176823710837,0.432,0.074,1.90988164064905e-245,"17","LMO2"
2.23636583145682e-249,2.0170244822196,0.632,0.148,4.40407523188791e-245,"17","SYK"
3.79125928478387e-249,3.03120064080753,0.396,0.065,7.46612690952487e-245,"17","LMNA"
8.96763169881507e-249,2.21481847752662,0.678,0.182,1.76599571044765e-244,"17","C20orf27"
3.59583428465021e-248,1.69133401553773,0.958,0.465,7.08127645676166e-244,"17","RAC1"
7.71299467509861e-246,1.45141490337472,0.983,0.811,1.51892004136717e-241,"17","LSP1"
4.83483322011638e-243,2.20622438129704,0.599,0.143,9.52123706037518e-239,"17","YIF1B"
2.69477564820262e-241,3.55556058182003,0.28,0.035,5.30682168400542e-237,"17","RNASE2"
2.91275512090518e-241,1.93167821686584,0.624,0.146,5.73608865959857e-237,"17","TNFSF13B"
4.83577736624587e-240,2.05938836176495,0.446,0.079,9.52309636734798e-236,"17","CSF1R"
1.8639181812075e-238,1.74096032459797,0.949,0.543,3.67061407425193e-234,"17","SLC25A5"
1.70382833569119e-235,1.84198641978951,0.858,0.318,3.35534914147665e-231,"17","GLIPR1"
3.65047489911601e-234,2.68662994501638,0.577,0.146,7.18888021882916e-230,"17","MS4A6A"
5.24519915865197e-224,2.7034180349463,0.336,0.051,1.03293707031333e-219,"17","RAB34"
9.53324845230547e-224,3.12088932999071,0.252,0.03,1.87738261771252e-219,"17","HIP1"
1.67813461666064e-223,1.77678821620756,0.5,0.101,3.30475050058981e-219,"17","LRRC25"
1.04739437362936e-221,1.61937209844176,0.94,0.466,2.0626337399883e-217,"17","PRELID1"
5.53167384455819e-221,1.75418691211792,0.729,0.209,1.08935253020884e-216,"17","LGALS3"
2.48590763682448e-220,2.56440582702846,0.376,0.063,4.89549790919844e-216,"17","AC020656.1"
1.07529536108566e-217,2.17780555573258,0.489,0.102,2.117579154586e-213,"17","TNFSF13"
4.3126150260225e-216,1.49041251182524,0.961,0.585,8.49283277074611e-212,"17","TPI1"
5.97393526828939e-215,2.80277876215117,0.28,0.037,1.17644707238423e-210,"17","MAP3K20"
9.9744694942394e-215,2.1350444436669,0.591,0.153,1.96427227750056e-210,"17","PRDX3"
1.18629740331953e-211,1.87720064505278,0.584,0.141,2.33617547635714e-207,"17","ODF3B"
2.37929057115063e-208,2.40304151824758,0.418,0.08,4.68553692176694e-204,"17","RASSF4"
2.81122858308638e-208,0.734015338045244,1,0.998,5.53615244867201e-204,"17","TMSB10"
5.33847395225747e-206,1.86266491563309,0.732,0.241,1.05130567541806e-201,"17","CRTAP"
3.65049895853851e-205,1.59815867677206,0.902,0.427,7.1889275990499e-201,"17","COX5A"
9.36932524937343e-205,1.30888242316755,0.944,0.342,1.84510122135911e-200,"17","TYROBP"
4.78047641437295e-203,1.45030203310188,0.949,0.493,9.41419220282465e-199,"17","GNG5"
6.7939888683901e-201,1.86282605677011,0.701,0.222,1.33794022785206e-196,"17","YWHAE"
8.8109530283651e-201,1.11458125735803,0.992,0.867,1.73514097987594e-196,"17","YBX1"
1.3644408188642e-200,2.05615056436994,0.642,0.195,2.68699330458927e-196,"17","CAT"
1.09717761291135e-198,2.38984202049272,0.39,0.074,2.16067187310633e-194,"17","NAGA"
1.54483800181273e-198,2.66922096498116,0.314,0.05,3.04224947696982e-194,"17","IMPA2"
3.74066875943127e-198,2.60124030970861,0.364,0.066,7.36649898794799e-194,"17","ASAP1"
1.16312156231154e-197,1.10021734704349,0.992,0.838,2.29053529266011e-193,"17","ARPC3"
2.42121925397394e-197,1.65777089625741,0.892,0.483,4.76810707685087e-193,"17","GDI2"
1.16556005911169e-196,2.20407765514639,0.486,0.112,2.29533742440865e-192,"17","RPS6KA4"
3.90557430394466e-196,1.54213712791324,0.913,0.473,7.69124747675822e-192,"17","CSTB"
1.03186625112132e-195,1.07495842207207,0.994,0.9,2.03205420833322e-191,"17","SLC25A6"
1.2290209787279e-195,1.25041240461495,0.978,0.506,2.42031101340886e-191,"17","S100A11"
2.22439938080963e-194,2.14852849269323,0.55,0.142,4.38050970062841e-190,"17","PLSCR1"
4.56232587659273e-193,1.46366934685752,0.776,0.243,8.98458834877406e-189,"17","FGR"
9.90584979191224e-191,1.80338548506671,0.737,0.261,1.95075899952128e-186,"17","MAN2B1"
5.51167909103477e-190,2.08905663964818,0.449,0.097,1.08541496339748e-185,"17","KCTD12"
6.72995949920567e-189,1.57187646575027,0.864,0.383,1.32533092417857e-184,"17","CNPY3"
1.54591855011763e-188,1.9792293893262,0.447,0.095,3.04437740074666e-184,"17","PLXDC2"
6.08770567257004e-188,1.95627412467181,0.424,0.086,1.19885187809922e-183,"17","LILRA2"
1.08150073201039e-186,1.47022208188295,0.918,0.5,2.12979939154805e-182,"17","ATP5MC3"
1.10897755542523e-185,0.885087454332158,1,0.96,2.18390949989891e-181,"17","PPIA"
6.58738651397076e-185,2.65713480567748,0.272,0.04,1.29725402619626e-180,"17","LRMDA"
1.1219317215338e-184,1.38518590827828,0.87,0.353,2.20942013921652e-180,"17","TIMP1"
1.08886784138694e-183,2.12429045975652,0.402,0.082,2.14430744004331e-179,"17","CDK2AP1"
1.33200041043217e-183,2.06213144138986,0.577,0.163,2.62310840826407e-179,"17","LAP3"
5.44342706927554e-183,1.54762227496459,0.854,0.362,1.07197409275243e-178,"17","PGLS"
2.50327884644821e-182,2.67501139556771,0.266,0.039,4.92970703231046e-178,"17","PID1"
1.18951822974695e-181,1.49310944673571,0.899,0.455,2.34251824984067e-177,"17","ARF5"
3.76355140729087e-181,1.34282243172744,0.923,0.48,7.41156178637791e-177,"17","FKBP1A"
4.82050758819339e-181,1.27093626218569,0.712,0.21,9.49302559342925e-177,"17","TYMP"
8.12201726120583e-181,0.865995289070114,0.998,0.974,1.59946885924926e-176,"17","CFL1"
1.64473370368154e-180,1.85278097812872,0.652,0.211,3.23897408266006e-176,"17","SPINT2"
2.10580532932046e-179,1.85277502119435,0.478,0.111,4.14696243503079e-175,"17","NAIP"
1.90031449720697e-178,1.6087652889427,0.63,0.183,3.74228933934969e-174,"17","CEBPD"
4.88184947563978e-176,1.22758365333276,0.989,0.871,9.61382617237743e-172,"17","S100A6"
6.44112440812899e-176,1.73841528518907,0.573,0.156,1.26845062969284e-171,"17","BLVRB"
2.65550828525147e-175,1.47880224323969,0.834,0.344,5.22949246614572e-171,"17","ATP6V0B"
6.3586595885667e-175,1.31181736377528,0.94,0.612,1.25221083277644e-170,"17","SLC25A3"
1.58420750297778e-173,0.748081428074886,1,0.994,3.11977983561413e-169,"17","FTH1"
1.71606681173962e-172,2.35503160016524,0.324,0.058,3.37945037235884e-168,"17","SLC8A1"
2.44272536784409e-172,1.74721112575466,0.681,0.232,4.81045906689537e-168,"17","ATG3"
2.345035051788e-170,2.42723315681813,0.339,0.064,4.6180775274861e-166,"17","ETS2"
2.61299806596944e-170,2.02466948137496,0.467,0.114,5.14577709131362e-166,"17","EIF4EBP1"
3.82467059107826e-169,1.85368094007249,0.475,0.114,7.53192379501041e-165,"17","CPPED1"
8.60862719187534e-168,1.52772002007995,0.927,0.566,1.69529695289601e-163,"17","ANXA1"
1.34850440790637e-167,1.17862572198105,0.971,0.644,2.65560973049002e-163,"17","CLIC1"
1.75468786240375e-167,2.32096474473905,0.396,0.087,3.4555068074317e-163,"17","EIF2AK4"
4.81344752634191e-166,2.55516028044529,0.291,0.05,9.47912221362512e-162,"17","SLC1A5"
1.18066069447133e-165,1.80006980310286,0.579,0.169,2.32507510562238e-161,"17","PTPRE"
1.35771296020796e-164,2.15052449021977,0.443,0.107,2.67374413253753e-160,"17","MBOAT7"
2.20407017033793e-164,1.81383853005945,0.545,0.153,4.34047538644649e-160,"17","BID"
1.84943633576828e-163,1.34014095542968,0.904,0.488,3.64209497602847e-159,"17","VAMP8"
4.08494370856621e-163,1.75474395016926,0.635,0.208,8.04447964527945e-159,"17","COMT"
1.33240977364849e-162,1.53935146371336,0.858,0.432,2.62391456724598e-158,"17","DBI"
7.0832381695684e-162,1.66024202179081,0.777,0.338,1.3949020927331e-157,"17","PPA1"
1.44688172923577e-161,1.87214397821359,0.587,0.184,2.849344189384e-157,"17","MYD88"
1.66618164524337e-161,1.67758904509444,0.466,0.112,3.28121151397777e-157,"17","CLEC12A"
5.62014096775974e-161,2.26947402088167,0.364,0.076,1.10677436078093e-156,"17","DPYSL2"
3.82479976806116e-160,1.13028864071039,0.542,0.136,7.53217818324285e-156,"17","CSF3R"
3.97878472543448e-160,1.26827278419752,0.885,0.421,7.83542075979812e-156,"17","TKT"
5.69136802355072e-160,0.70422392302291,1,0.991,1.12080110487784e-155,"17","PFN1"
6.7224244580331e-160,1.28989477883023,0.91,0.483,1.32384704852046e-155,"17","ZYX"
5.67731368788077e-159,1.95751300998732,0.562,0.172,1.11803338455436e-154,"17","TMEM14C"
2.27052569060732e-158,1.74238833444575,0.63,0.209,4.47134624251299e-154,"17","LAMTOR2"
2.60110054938365e-158,1.68792896550899,0.718,0.275,5.12234731190121e-154,"17","PPT1"
3.12086010290795e-158,2.00084044165142,0.412,0.094,6.14590980065662e-154,"17","EMILIN2"
9.24180656131157e-157,0.849314545512342,0.998,0.92,1.81998896611909e-152,"17","ATP5MC2"
2.44419495535332e-156,1.96335320212121,0.483,0.129,4.81335312557729e-152,"17","DUSP23"
4.64793988828709e-155,1.79667064198229,0.602,0.196,9.15318802200376e-151,"17","PTRHD1"
3.64299735747868e-154,1.6555313745928,0.701,0.269,7.17415469608276e-150,"17","CASP1"
6.62476885314992e-153,1.36198158854728,0.898,0.552,1.30461573025081e-148,"17","ATP5F1B"
3.80002059341281e-152,1.15306466937497,0.952,0.582,7.48338055460785e-148,"17","COX8A"
1.95799830658597e-150,2.00638587712141,0.279,0.048,3.85588606515974e-146,"17","ADAM28"
4.70256869855103e-150,1.99191087813772,0.48,0.132,9.26076853805654e-146,"17","AHR"
1.71780947848327e-149,1.08166202873536,0.954,0.625,3.38288220597711e-145,"17","PKM"
2.21786664063123e-149,1.57521962037966,0.481,0.124,4.36764477539509e-145,"17","CD36"
6.04229901078481e-148,2.0449749365826,0.392,0.091,1.18990994419385e-143,"17","PLAUR"
5.45516173931319e-146,0.903338874791427,0.954,0.605,1.07428500132295e-141,"17","PSAP"
1.86400149170416e-145,1.31697399018364,0.879,0.49,3.670778137613e-141,"17","ATP5MF"
4.03286342287315e-144,2.29208722344195,0.33,0.069,7.94191793866409e-140,"17","FBP1"
4.95514582545344e-144,1.60175662584176,0.503,0.139,9.75816867406547e-140,"17","MPEG1"
1.09365327926601e-143,1.75174419793435,0.653,0.249,2.15373140285854e-139,"17","HMGA1"
3.03235092355537e-143,1.94381473574601,0.426,0.108,5.97160867375758e-139,"17","UNC93B1"
3.41364234452133e-143,0.986209422431849,0.988,0.838,6.72248586906586e-139,"17","CYBA"
4.08615471481464e-143,1.57929869881028,0.663,0.243,8.04686447988448e-139,"17","PARVG"
2.20530884982338e-142,1.77860987303468,0.624,0.223,4.34291471795718e-138,"17","MYADM"
3.95471470284032e-141,1.74147297745771,0.423,0.105,7.78801966430344e-137,"17","PRAM1"
4.32264915192138e-141,2.15893318649405,0.341,0.074,8.51259297487877e-137,"17","SCIMP"
1.62254246795218e-140,1.7636559827435,0.477,0.132,3.19527288213823e-136,"17","LAT2"
3.90959310404941e-140,1.17011547941323,0.61,0.184,7.69916169980451e-136,"17","FCN1"
8.73602353483552e-140,2.79548082176931,0.286,0.056,1.72038511471516e-135,"17","FCGR2B"
2.53734392728871e-139,2.27918244880937,0.262,0.046,4.99679139600966e-135,"17","GNA15"
2.39527277983439e-138,1.77447683661395,0.545,0.174,4.71701068532787e-134,"17","HEXB"
4.48835817640438e-138,2.41110019966453,0.283,0.055,8.83892375679314e-134,"17","SPECC1"
4.4027445548984e-137,1.43571438458155,0.755,0.334,8.67032485196141e-133,"17","CKLF"
1.44861628055355e-136,1.8152248113488,0.5,0.15,2.85276004129411e-132,"17","RBPJ"
1.63563667001089e-136,1.09716794269824,0.969,0.796,3.22105929425245e-132,"17","S100A4"
1.96664397925784e-136,2.27904267108812,0.32,0.069,3.87291198835246e-132,"17","NIPSNAP3A"
9.59561181144326e-136,1.23197684935439,0.865,0.44,1.88966383402752e-131,"17","RHOG"
6.37969095590473e-135,1.26900824992313,0.856,0.438,1.25635253994632e-130,"17","ATP5PB"
2.68569849045616e-134,1.75747739435743,0.461,0.128,5.28894603725532e-130,"17","PRKCD"
6.80330855004925e-134,1.08843672571522,0.95,0.703,1.3397755527612e-129,"17","ALDOA"
2.54329817520747e-133,1.65038849504198,0.587,0.203,5.00851709643606e-129,"17","DECR1"
3.01555910701162e-133,1.79351150116725,0.537,0.176,5.93854054943798e-129,"17","MTMR14"
1.23312115749007e-132,2.21577678671062,0.286,0.057,2.42838549544519e-128,"17","MGST1"
1.69666692315143e-131,1.68544767173898,0.413,0.105,3.3412461717621e-127,"17","LILRB3"
8.9189527607522e-131,1.49019619950144,0.624,0.223,1.75640936717493e-126,"17","ATP6V0D1"
1.18149030424654e-130,1.13145679777122,0.899,0.544,2.3267088561527e-126,"17","TSPO"
2.05031447421998e-129,1.48703418046348,0.72,0.311,4.0376842940814e-125,"17","TXN"
1.65401959032429e-127,1.12275490583183,0.797,0.341,3.25726077922562e-123,"17","NPC2"
1.84951469747025e-126,1.33795766727812,0.693,0.27,3.64224929372816e-122,"17","CTSB"
8.25240303153745e-126,0.863242031946996,0.977,0.75,1.62514572900067e-121,"17","RNASEK"
1.11457641296714e-125,0.609581648911373,1,0.92,2.19493533005618e-121,"17","H3F3A"
1.79124549779739e-125,1.14919417273314,0.915,0.605,3.52749975881239e-121,"17","ENO1"
1.47317789813502e-124,1.40857062677326,0.559,0.188,2.90112923479729e-120,"17","MFSD1"
2.21149834142988e-124,2.25936396680067,0.289,0.061,4.35510368377785e-120,"17","UBE2E2"
3.09034457187771e-124,0.677533557359457,0.997,0.912,6.08581556539877e-120,"17","MYL6"
1.58811787475985e-123,1.1308577348569,0.824,0.409,3.12748053076458e-119,"17","LAMTOR1"
3.4041691140677e-123,1.90480745362679,0.35,0.084,6.70383023633353e-119,"17","BTK"
1.50321484715488e-122,0.893281997385257,0.978,0.745,2.96028099850211e-118,"17","ITGB2"
2.26857441873377e-122,2.16688659620634,0.303,0.067,4.46750360281242e-118,"17","FGD2"
7.54615324552642e-122,1.59297901835328,0.577,0.207,1.48606395864152e-117,"17","IGFLR1"
9.22062359764529e-122,1.62085794341976,0.457,0.133,1.81581740508429e-117,"17","CALHM6"
2.67943923246815e-120,1.58367264373645,0.61,0.234,5.27661968049953e-116,"17","VDAC1"
5.55134584519244e-120,1.09861989934365,0.841,0.408,1.09322653729375e-115,"17","TALDO1"
1.1659308408667e-119,0.556000577213943,0.997,0.889,2.29606760491878e-115,"17","OAZ1"
1.51641336759454e-119,1.30596902783262,0.78,0.384,2.98627284480392e-115,"17","ATP5F1C"
4.33734300296912e-118,2.23672161943837,0.294,0.065,8.54152957574708e-114,"17","RUFY3"
1.10167530123876e-117,1.13893523420464,0.856,0.465,2.16952917072948e-113,"17","GNB2"
2.00132697836783e-117,0.860780549294713,0.554,0.172,3.94121321849976e-113,"17","VCAN"
7.34558601070352e-117,1.1964661082227,0.851,0.495,1.44656625308784e-112,"17","ATP5F1A"
9.80811094294278e-117,1.50506998780119,0.615,0.238,1.93151128799372e-112,"17","CYC1"
4.89203788756692e-116,1.8984484596251,0.285,0.062,9.63389021198554e-112,"17","CCDC50"
3.69850405062177e-115,1.0777560958722,0.885,0.519,7.28346402688945e-111,"17","BRK1"
6.64922493624944e-115,2.0360083623718,0.31,0.072,1.3094318666956e-110,"17","DSE"
5.04076267221275e-114,1.59884215150397,0.565,0.209,9.92677393038857e-110,"17","ACAA1"
1.00804899859336e-113,1.36857271496636,0.406,0.109,1.9851508929299e-109,"17","PILRA"
1.20362485049785e-113,0.655660533956483,0.997,0.951,2.37029841808542e-109,"17","SH3BGRL3"
2.26660872573017e-113,1.52577191388745,0.58,0.213,4.46363256358042e-109,"17","MAP3K8"
3.75111398682346e-113,1.0934418940137,0.619,0.219,7.38706877425143e-109,"17","LYN"
1.53262607072523e-112,1.7305037476758,0.449,0.139,3.0182005210792e-108,"17","COMMD9"
4.75071163465111e-112,2.19452570308779,0.279,0.062,9.35557642211843e-108,"17","TNFAIP8L2"
4.75237404711266e-111,2.13531376206986,0.266,0.057,9.35885021097896e-107,"17","GAPT"
6.18542015105072e-111,1.43844582487101,0.399,0.108,1.21809479034642e-106,"17","C19orf38"
6.81039773689514e-111,0.910901411978965,0.971,0.656,1.34117162632676e-106,"17","SRGN"
7.42485012057695e-110,0.793276924947215,0.981,0.822,1.46217573424522e-105,"17","ARPC2"
5.67474242526213e-109,1.55990747258603,0.511,0.175,1.11752702580687e-104,"17","PLCB2"
1.22788961057031e-108,1.89398080070489,0.288,0.065,2.41808301009612e-104,"17","RBM47"
2.29591675498922e-108,1.50811304896956,0.58,0.224,4.52134886560027e-104,"17","DNAJC15"
5.02760297226482e-108,1.05990939991611,0.87,0.471,9.9008585332811e-104,"17","SEC61B"
1.14565576567604e-107,0.785389106701606,0.971,0.794,2.25613989934583e-103,"17","TAGLN2"
5.43315674905783e-107,1.55139113681288,0.455,0.144,1.06995155859196e-102,"17","RAB11FIP1"
1.29978022888049e-106,1.56781767498253,0.46,0.147,2.55965720473435e-102,"17","TXNDC17"
2.6669621521406e-104,2.08064804309596,0.269,0.061,5.25204856621049e-100,"17","KYNU"
5.64482438514675e-104,1.4326479803329,0.444,0.138,1.11163526616695e-99,"17","GCA"
7.54531408090655e-103,1.41230753204873,0.557,0.21,1.48589870195293e-98,"17","TPP1"
8.04240714092918e-103,2.14651708246164,0.259,0.057,1.58379123826318e-98,"17","ACER3"
4.47278006635075e-102,1.92014510478696,0.257,0.056,8.80824578466453e-98,"17","MCTP1"
8.40927380724265e-100,1.55935822400883,0.523,0.199,1.65603829086029e-95,"17","SEC13"
1.10804469527598e-99,2.02545048013141,0.291,0.072,2.18207241840699e-95,"17","PPIF"
1.21022021411472e-99,1.53527293780706,0.539,0.207,2.38328666765611e-95,"17","AC004687.1"
1.94121747285925e-99,1.26830567242675,0.653,0.279,3.82283956930172e-95,"17","CLTA"
3.63400270315834e-99,1.80899140490384,0.365,0.106,7.15644152332971e-95,"17","JAK2"
3.90945325494066e-99,1.16139394778602,0.706,0.323,7.69888629495464e-95,"17","VASP"
1.39311345059228e-98,0.544215396998989,1,0.97,2.74345831825137e-94,"17","SERF2"
2.79980050294588e-98,2.02401360986406,0.28,0.068,5.51364713045133e-94,"17","PCBD1"
3.55856410807324e-98,1.35257358729881,0.563,0.221,7.00788029802863e-94,"17","PLEKHO1"
1.74328796737224e-97,1.38039035711757,0.534,0.199,3.43305699414615e-93,"17","RILPL2"
4.66961946992004e-97,0.979737827386947,0.909,0.676,9.19588162211354e-93,"17","CALM2"
8.61246663065019e-97,1.04897027089954,0.831,0.454,1.69605305357394e-92,"17","MTDH"
8.74850738125288e-97,2.0522064527155,0.254,0.058,1.72284355859013e-92,"17","CYFIP1"
3.4073341342502e-96,1.04672372725219,0.785,0.404,6.71006311057891e-92,"17","PTPN6"
5.29022329023786e-96,1.35322554114237,0.807,0.452,1.04180367254654e-91,"17","SNX3"
8.70774418796251e-96,1.4094250235156,0.55,0.214,1.71481606293546e-91,"17","PSMA4"
1.15125426078968e-95,1.26289042484732,0.658,0.294,2.26716501577312e-91,"17","RTN4"
2.54198077492971e-95,1.6521145481858,0.407,0.129,5.00592274006908e-91,"17","OGFRL1"
4.39803162881899e-95,1.10537892487129,0.771,0.391,8.66104368663323e-91,"17","PSMB3"
4.7864785196363e-95,0.928160909749623,0.909,0.707,9.42601214871977e-91,"17","EIF3L"
5.49758674323603e-95,1.11376456533901,0.794,0.428,1.08263975734547e-90,"17","COX7B"
1.29976199401319e-94,0.655580204882661,0.986,0.925,2.55962129481018e-90,"17","CORO1A"
2.20440810726132e-94,1.28414475053977,0.653,0.295,4.34114088562971e-90,"17","UQCRC1"
3.73882055308538e-94,1.19537192992343,0.689,0.32,7.36285931519105e-90,"17","POMP"
5.11109497731323e-94,1.70539975921517,0.362,0.107,1.00652793388229e-89,"17","C15orf39"
5.74802014133803e-94,0.512274204855207,0.523,0.17,1.1319576064337e-89,"17","SERPINA1"
1.29288131393571e-93,0.986139099358584,0.743,0.352,2.5460711715336e-89,"17","EFHD2"
2.88159818924384e-93,1.57747627495553,0.492,0.184,5.6747313140779e-89,"17","ADAM8"
6.82059560429282e-93,1.1261512289961,0.762,0.404,1.34317989235339e-88,"17","NDUFC2"
1.36426480958759e-92,1.42284480530254,0.508,0.19,2.68664668952084e-88,"17","ARF3"
2.43754953327335e-92,0.986089361371219,0.624,0.248,4.8002662958752e-88,"17","APLP2"
4.09073675882446e-92,1.81561328046868,0.307,0.082,8.055887899153e-88,"17","LMNB1"
7.98075529176934e-92,1.32413949661778,0.618,0.272,1.57165013960814e-87,"17","OSTC"
9.32832270288483e-92,1.76772641110658,0.272,0.066,1.83702658987911e-87,"17","LILRA1"
1.47090068021032e-91,1.84902137716777,0.302,0.08,2.89664470953819e-87,"17","CTNNBIP1"
4.67030620054479e-91,1.1145981421818,0.712,0.347,9.19723400073286e-87,"17","CARD16"
6.03701774545515e-91,1.51851960575076,0.466,0.167,1.18886990461248e-86,"17","UNC119"
7.7414496903928e-91,1.17135893862017,0.398,0.12,1.52452368752905e-86,"17","TNFAIP2"
3.27438140402237e-90,1.87110546987646,0.314,0.087,6.44823929894125e-86,"17","SH2B3"
6.61827605280042e-90,1.29520180152347,0.401,0.128,1.30333710307799e-85,"17","TUBA1C"
2.51994318377899e-89,1.36515863082327,0.55,0.224,4.96252411181597e-85,"17","ATP6AP1"
3.00791566403513e-89,1.29060296576038,0.314,0.084,5.92348831718437e-85,"17","AFF3"
2.12514403914045e-88,0.854819711487153,0.923,0.665,4.18504615627929e-84,"17","COX5B"
2.75389728895981e-88,1.32925998128638,0.463,0.164,5.42324993114855e-84,"17","WARS"
1.00597430095906e-87,1.55411892004877,0.466,0.174,1.98106519087867e-83,"17","SCNM1"
1.072002527832e-87,1.09358833537789,0.752,0.396,2.11109457805956e-83,"17","RAB7A"
2.63378874267935e-87,1.81449966015797,0.307,0.085,5.18672017095845e-83,"17","APAF1"
3.3536982780091e-87,2.10796432529871,0.255,0.063,6.60443801888332e-83,"17","C12orf45"
5.0463621685699e-87,1.23760970105805,0.605,0.263,9.93780101856471e-83,"17","SUPT4H1"
1.13290475722145e-86,1.2673802370549,0.602,0.265,2.23102933839619e-82,"17","MYDGF"
1.66592687431626e-86,1.71174558162772,0.325,0.094,3.28070979359101e-82,"17","CTNNA1"
4.1705664067085e-86,0.823598589558608,0.93,0.649,8.21309642473106e-82,"17","HIGD2A"
5.04051826543099e-86,0.801540518869986,0.926,0.639,9.92629262011324e-82,"17","UQCRH"
9.36511742630402e-86,1.64013778231271,0.392,0.13,1.84427257476205e-81,"17","MLEC"
1.13934899326547e-85,1.36995615253056,0.508,0.198,2.24371997243768e-81,"17","MIS18BP1"
2.60690964579012e-85,1.28344824012523,0.565,0.236,5.13378716545448e-81,"17","CIAO2A"
2.97678224729433e-85,0.998666109859353,0.759,0.406,5.86217727959672e-81,"17","SERPINB1"
8.21777546855241e-85,1.41183338047914,0.443,0.156,1.61832652302203e-80,"17","SNX10"
8.36604709378554e-85,1.44874807184303,0.536,0.224,1.64752565417919e-80,"17","TMEM109"
1.29108099188871e-84,1.68681845540346,0.311,0.088,2.54252579732644e-80,"17","MPST"
1.3832271794935e-84,0.871924495399217,0.876,0.539,2.72398928457654e-80,"17","ARPC5"
2.64637341951109e-84,1.76783476344207,0.324,0.095,5.21150317504319e-80,"17","GLB1"
4.02963738224443e-84,1.71743122096286,0.37,0.121,7.93556489685396e-80,"17","OTULINL"
1.18098604040353e-83,1.37474063620335,0.517,0.208,2.32571580936667e-79,"17","VPS35"
2.95651709466805e-83,2.09919363206451,0.347,0.108,5.82226911452979e-79,"17","IRF8"
3.09012788876049e-83,1.11037653105151,0.704,0.36,6.08538885133604e-79,"17","SEC11A"
5.20400731723113e-82,1.54167907422644,0.546,0.244,1.02482516098233e-77,"17","ID2"
6.17744622529872e-81,0.985607115244301,0.754,0.407,1.21652448514808e-76,"17","TRAPPC5"
8.1799790589744e-81,1.44178129643177,0.444,0.165,1.61088327608383e-76,"17","PTTG1IP"
1.7081496956175e-80,0.996565955593306,0.814,0.505,3.36385919557954e-76,"17","LDHA"
5.87596960242108e-80,1.35318920123638,0.478,0.185,1.15715469380478e-75,"17","THEMIS2"
1.93731685190717e-79,0.901955053675853,0.831,0.487,3.81515807646078e-75,"17","RNASET2"
1.97311375741372e-79,1.33108758060149,0.55,0.241,3.88565292247484e-75,"17","LAPTM4A"
3.03670990611111e-79,1.54936145468115,0.41,0.147,5.98019281810461e-75,"17","ELOVL1"
7.9201212120944e-79,0.656963195382651,0.636,0.287,1.55970947029775e-74,"17","TPM4"
1.02910726834964e-78,1.514451739382,0.336,0.104,2.02662094356094e-74,"17","DAPP1"
1.17659639004655e-78,0.999595904000132,0.76,0.415,2.31707127091868e-74,"17","SRSF3"
1.33671603944964e-78,1.17508313047732,0.63,0.297,2.63239489648817e-74,"17","NDUFS8"
3.11876110263514e-78,1.14602114664899,0.56,0.239,6.14177623941938e-74,"17","HACD4"
7.28396341014304e-77,1.22314179261218,0.474,0.181,1.43443091435947e-72,"17","HSBP1"
1.97898597679643e-76,0.788509971733892,0.929,0.72,3.89721708410522e-72,"17","PPIB"
3.60650508823659e-76,1.48998115539885,0.376,0.128,7.10229047026431e-72,"17","ABI3"
7.69159743003456e-76,1.3701746268311,0.345,0.109,1.51470628189671e-71,"17","MARCH1"
8.80049696629495e-76,1.26095754443072,0.503,0.215,1.73308186757246e-71,"17","IFITM3"
1.12127044739815e-75,0.934846617530834,0.786,0.436,2.20811789206118e-71,"17","BLOC1S1"
1.33944967347718e-75,1.77379720161809,0.307,0.094,2.6377782419786e-71,"17","CCDC6"
1.39975158003881e-75,1.57860023576671,0.291,0.087,2.75653078657042e-71,"17","ITM2C"
2.24268842308387e-75,0.615114414615247,0.492,0.175,4.41652631157907e-71,"17","CD68"
2.28001348737374e-75,1.49929305382061,0.351,0.115,4.4900305606851e-71,"17","CREG1"
2.60294447393935e-75,1.5661690164855,0.364,0.123,5.12597855252876e-71,"17","RNPEP"
3.00567793561339e-75,1.0060530929866,0.596,0.255,5.91908155860344e-71,"17","ZEB2"
6.17382377346784e-75,0.984062425886902,0.317,0.095,1.21581111570902e-70,"17","PDLIM1"
7.8987247691519e-75,1.6781323451579,0.325,0.103,1.55549586878908e-70,"17","SLC12A9"
8.01571155655817e-75,0.827919269783988,0.898,0.649,1.578534076833e-70,"17","SUB1"
1.05394657126529e-74,1.49544739176129,0.279,0.078,2.07553698279274e-70,"17","CORO1C"
4.20744256108897e-74,1.18738033256623,0.598,0.283,8.28571663555251e-70,"17","SSR1"
1.01177855136792e-73,1.73723442018348,0.289,0.086,1.99249550120885e-69,"17","LACTB"
5.5231912124964e-73,1.1127001707823,0.615,0.296,1.08768204547692e-68,"17","NAA38"
7.78866651808898e-73,1.1457947000847,0.628,0.311,1.53382209740726e-68,"17","C17orf49"
2.10861885799696e-72,1.35063085601733,0.336,0.107,4.15250311705341e-68,"17","TIMP2"
2.31860021299269e-72,0.806768851914892,0.81,0.46,4.5660193994465e-68,"17","VSIR"
3.86172497220739e-72,1.70833553592689,0.322,0.105,7.60489498776802e-68,"17","NME1"
6.01726494005067e-72,1.18231712532784,0.5,0.206,1.18497998464418e-67,"17","AOAH"
7.05048906204802e-72,1.69958257789095,0.268,0.076,1.38845281098912e-67,"17","PLXNB2"
8.75762995922547e-72,1.05269023844346,0.686,0.37,1.72464006787027e-67,"17","C1QBP"
9.16472591582903e-72,0.609747341976651,0.967,0.824,1.80480947460421e-67,"17","RHOA"
2.0233633305699e-71,1.14615597871891,0.602,0.289,3.9846094068913e-67,"17","NDUFS6"
2.71543841240493e-71,1.04251905018114,0.684,0.359,5.34751286554903e-67,"17","RAB5C"
2.90031673536999e-71,1.39028324756357,0.443,0.176,5.71159374696412e-67,"17","ETHE1"
5.53898682832598e-71,0.58593389293719,0.966,0.855,1.09079267610224e-66,"17","EIF3K"
7.06440915966035e-71,1.1144023155572,0.633,0.32,1.39119409581191e-66,"17","APEX1"
1.13262182308631e-70,1.11088545174257,0.601,0.285,2.23047215620388e-66,"17","NDUFAB1"
4.07170326588418e-70,0.729566265794508,0.924,0.69,8.01840524150571e-66,"17","COX6A1"
5.37990292409746e-69,1.10596559365554,0.625,0.317,1.05946428284251e-64,"17","NDUFS7"
6.48246885630584e-69,1.04594799380029,0.658,0.34,1.27659259187231e-64,"17","PSMB6"
8.03170282765242e-69,1.27647599472099,0.506,0.221,1.58168323784959e-64,"17","NDUFB5"
1.26613685797918e-68,1.14725279853258,0.285,0.085,2.4934033144184e-64,"17","CDKN1A"
1.48293000969594e-68,1.01399314131365,0.669,0.351,2.92033406809422e-64,"17","FAM49B"
1.62357185076684e-68,1.26555013800761,0.5,0.218,3.19730004571513e-64,"17","DNAJC4"
2.18493394412451e-67,0.986523596464151,0.726,0.414,4.3027904161644e-63,"17","HADHA"
2.80111920672303e-67,0.862330188839178,0.802,0.484,5.51624405379966e-63,"17","NDUFB2"
1.16456193901926e-66,1.28284939064134,0.485,0.21,2.29337182651063e-62,"17","CNPPD1"
2.91046926670419e-66,1.17634314765424,0.556,0.264,5.73158712692056e-62,"17","ATP5MC1"
3.9197114614425e-66,1.69183006067109,0.259,0.076,7.71908778101872e-62,"17","ROGDI"
5.21733366223858e-66,0.896889477612515,0.372,0.128,1.02744951810464e-61,"17","LILRB2"
6.37585641192241e-66,1.5481115188341,0.319,0.107,1.25559740319988e-61,"17","PLIN3"
9.69917833830546e-66,0.777548641629306,0.862,0.597,1.91005919016249e-61,"17","CAP1"
9.7002347421019e-66,0.830221440785105,0.794,0.469,1.91026722776213e-61,"17","WDR83OS"
1.07321711846398e-65,1.00034929327648,0.684,0.372,2.11348647139112e-61,"17","OXA1L"
1.40561943042048e-65,1.48042134342682,0.359,0.13,2.76808634432706e-61,"17","MTCH2"
1.8233737809547e-65,1.11095992597914,0.515,0.228,3.5907699868341e-61,"17","ADA2"
3.93171484275627e-65,0.540891154684568,0.994,0.903,7.74272603983991e-61,"17","ATP5MG"
4.2962053199804e-65,0.79711085475673,0.831,0.515,8.46051713663739e-61,"17","PARK7"
1.00510156796143e-64,0.886965312878343,0.825,0.602,1.97934651778645e-60,"17","GNAI2"
2.48479112549741e-64,1.28067502371333,0.483,0.213,4.89329916344206e-60,"17","ARL5A"
3.88495945606537e-64,1.07064949170087,0.536,0.242,7.65065065682954e-60,"17","ZNF106"
4.0209546993821e-64,0.805938624631737,0.833,0.542,7.91846608949318e-60,"17","UQCR10"
1.15229555360366e-63,1.68897851624251,0.268,0.083,2.26921563371168e-59,"17","NANS"
1.4709068410833e-63,0.772454012860924,0.861,0.602,2.89665684214534e-59,"17","PGK1"
3.37279409539715e-63,1.38575118012464,0.367,0.136,6.6420434120656e-59,"17","SPTLC2"
6.83614602281481e-63,1.3063315305515,0.348,0.123,1.34624223627292e-58,"17","ALOX5"
1.73946559011347e-62,1.76136333327789,0.254,0.077,3.42552958661046e-58,"17","RCC2"
2.02340158571578e-62,0.937872636631411,0.599,0.29,3.98468474275009e-58,"17","CMTM6"
2.90301521876151e-62,0.940227996520777,0.709,0.401,5.71690787030704e-58,"17","MDH2"
4.65013506719319e-62,1.23071906964692,0.367,0.134,9.15751098782355e-58,"17","SKAP2"
5.0355229239467e-62,1.28246131147894,0.395,0.153,9.91645529412823e-58,"17","NAGK"
5.96518743351594e-62,0.972251784547432,0.701,0.395,1.17472436128229e-57,"17","PLP2"
2.35505788280413e-61,1.29837263108235,0.433,0.181,4.63781548860618e-57,"17","C7orf50"
2.50007268148729e-61,1.23036313244503,0.441,0.185,4.92339313165292e-57,"17","ATOX1"
3.84357667822344e-61,0.993888897031718,0.652,0.349,7.56915555242543e-57,"17","SEM1"
4.71383893623162e-61,1.30184059194589,0.404,0.161,9.28296301712092e-57,"17","GNG10"
5.35354399101405e-61,1.19964073090374,0.375,0.14,1.0542734181504e-56,"17","STX7"
1.39529097969411e-60,1.56548947179404,0.293,0.098,2.74774652631162e-56,"17","TSEN34"
2.71296130787609e-60,1.56870772608805,0.291,0.097,5.34263470360039e-56,"17","APOBR"
2.95706848006049e-60,0.628492001544409,0.927,0.732,5.82335495778313e-56,"17","COX6B1"
6.22867579191874e-60,0.945315972527596,0.695,0.389,1.22661312370256e-55,"17","BST2"
8.43709032119869e-60,0.9232335594809,0.695,0.39,1.66151619695366e-55,"17","NDUFA12"
1.51727482819255e-59,1.30047800315472,0.347,0.127,2.98796931915959e-55,"17","RASSF2"
6.5342809731179e-59,0.70942018696238,0.624,0.29,1.28679595203611e-54,"17","MYO1F"
7.19508290545402e-59,0.870173437806725,0.732,0.421,1.41692767657106e-54,"17","UQCRQ"
1.20626845680993e-58,1.11559784084349,0.361,0.133,2.3755044719958e-54,"17","STX11"
3.2351545870999e-58,1.36761528072216,0.333,0.121,6.37098992837583e-54,"17","NAPRT"
4.08934521985346e-58,0.79879040829387,0.467,0.196,8.05314754145742e-54,"17","RHOC"
4.17218444310658e-58,0.975559418739606,0.642,0.352,8.21628282380979e-54,"17","PSMA6"
5.56295601351383e-58,1.25109330280326,0.409,0.168,1.09551292774128e-53,"17","SFT2D1"
1.11049117671114e-57,1.42390877495158,0.317,0.113,2.18689027429724e-53,"17","METRNL"
1.86535434253759e-57,1.31786911713474,0.423,0.182,3.67344230675927e-53,"17","MAT2A"
1.9515124433068e-57,1.0446106886375,0.331,0.116,3.84311345460408e-53,"17","CLEC7A"
4.47334567328092e-57,1.46510605852374,0.293,0.1,8.80935963439211e-53,"17","ANXA4"
4.68244069206028e-57,1.28208150684998,0.407,0.17,9.22113045487432e-53,"17","MEF2A"
1.21135172110548e-56,0.958225086368841,0.59,0.301,2.38551494437302e-52,"17","RGS19"
1.71094913590914e-56,1.24239565076128,0.41,0.171,3.36937213334586e-52,"17","IMPDH1"
3.08734110177501e-56,1.18891022672888,0.433,0.187,6.07990083172552e-52,"17","IFNGR1"
3.31159690029793e-56,1.0065961425084,0.594,0.307,6.52152777575671e-52,"17","CD63"
4.691453003971e-56,0.870402541477274,0.567,0.281,9.23887840072009e-52,"17","DYNLL1"
1.06197787701022e-55,1.06028570687461,0.533,0.261,2.09135303319623e-51,"17","MLF2"
1.27895771676978e-55,1.35997285865632,0.361,0.145,2.51865143163474e-51,"17","PPP1R14B"
2.33473234567251e-55,0.971954467901365,0.624,0.347,4.59778840833287e-51,"17","CAPN2"
2.68141224890928e-55,1.04369080845655,0.533,0.259,5.28050514177705e-51,"17","MRPL52"
2.71771662978259e-55,0.646886674708932,0.899,0.707,5.35199935903085e-51,"17","RBM3"
2.91288917259007e-55,1.63228229242712,0.254,0.082,5.73635264758162e-51,"17","OPN3"
3.48702830554853e-55,1.23688124039033,0.443,0.198,6.86700484211673e-51,"17","ATP2B1"
3.72197501445908e-55,1.3050870356465,0.458,0.213,7.32968539597426e-51,"17","PIM3"
4.58554965701676e-55,1.15111826061449,0.461,0.209,9.0303229395631e-51,"17","EIF6"
5.12839899586794e-55,0.559991732754228,0.944,0.783,1.00993561425627e-50,"17","YWHAB"
2.45894174818764e-54,0.833104535376114,0.732,0.437,4.84239398470591e-50,"17","PGAM1"
3.44723666983132e-54,0.974626910766786,0.59,0.312,6.78864317389883e-50,"17","POLR2E"
3.97570534708554e-54,1.02503787168462,0.551,0.28,7.82935654001555e-50,"17","MRPS24"
7.08078077434033e-54,1.3099486890322,0.356,0.141,1.39441815789084e-49,"17","UBE2A"
1.30598597323192e-53,0.877668712623706,0.67,0.385,2.57187817708561e-49,"17","ATP6V1F"
1.46349344935847e-53,1.26468584412566,0.384,0.159,2.88205764982164e-49,"17","GUSB"
2.0532127912269e-53,0.922434916903441,0.652,0.374,4.04339194976314e-49,"17","DDOST"
2.10108306070808e-53,0.608247159969421,0.929,0.727,4.13766287145241e-49,"17","LCP1"
2.17900874066292e-53,0.799206557526982,0.732,0.43,4.29112191298748e-49,"17","ATP5PF"
3.32459589920017e-53,0.758525951650775,0.873,0.602,6.5471267042949e-49,"17","AHNAK"
5.89991628155093e-53,0.809054699355055,0.533,0.257,1.16187051332583e-48,"17","GSTO1"
2.87884760312684e-52,1.01792578977368,0.525,0.261,5.6693145848377e-48,"17","SSR3"
3.87550849305297e-52,0.655547742715237,0.591,0.299,7.63203887536921e-48,"17","BRI3"
3.99931852643179e-52,0.808929294219083,0.622,0.335,7.87585797410213e-48,"17","LTA4H"
4.74764227547109e-52,1.23145782387625,0.407,0.178,9.34953193308522e-48,"17","MAP4K1"
5.47584055598108e-52,0.987336597702335,0.551,0.28,1.07835728068935e-47,"17","VPS29"
5.81307101673724e-52,0.930745981659967,0.531,0.263,1.14476807532606e-47,"17","CAPZA2"
6.46616253538021e-52,0.964247854070194,0.472,0.215,1.27338138809243e-47,"17","POU2F2"
8.19071198076119e-52,0.836250146050793,0.763,0.505,1.6129969103713e-47,"17","ACTR2"
1.6014950113864e-51,1.03370443315163,0.505,0.245,3.15382412592324e-47,"17","SPG21"
2.36638729080914e-51,1.28103856032629,0.384,0.164,4.66012649179045e-47,"17","CNDP2"
4.76304735709312e-51,1.55607631887111,0.251,0.084,9.37986916032347e-47,"17","FUOM"
6.45701077742459e-51,1.51193689013754,0.302,0.114,1.27157913239823e-46,"17","RASA4"
7.22243969712499e-51,0.670304767685316,0.848,0.609,1.42231504955482e-46,"17","NDUFA13"
5.27633839863645e-50,0.673777273040454,0.824,0.548,1.03906932084348e-45,"17","LRRFIP1"
5.47577756694646e-50,0.791408055025798,0.788,0.547,1.07834487625877e-45,"17","ACTR3"
5.96302087709231e-50,0.867670445340296,0.659,0.379,1.17429770132579e-45,"17","RBIS"
6.01137226266738e-50,0.869480909398951,0.633,0.355,1.18381953968709e-45,"17","CAPNS1"
1.0153413514128e-49,1.24937068165425,0.396,0.176,1.99951172333723e-45,"17","HSD17B10"
1.13959101023198e-49,1.44434980354418,0.296,0.111,2.24419657644984e-45,"17","BCL3"
2.82642377425966e-49,1.41358124853021,0.294,0.11,5.56607633864955e-45,"17","AHCY"
2.92065005178119e-49,1.25938665193336,0.356,0.148,5.7516361469727e-45,"17","MAP3K11"
4.34235929287271e-49,0.970874113771669,0.494,0.237,8.55140815545422e-45,"17","GLIPR2"
6.11541439149848e-49,0.698156549293152,0.796,0.515,1.2043085561178e-44,"17","ATP5MPL"
6.14061941116744e-49,0.676470948008512,0.446,0.202,1.2092721806412e-44,"17","YWHAH"
7.17049685089455e-49,0.688545425110815,0.556,0.266,1.41208594484666e-44,"17","PLEK"
7.50141947941856e-49,1.49405402390043,0.26,0.091,1.4772545380819e-44,"17","BCKDK"
1.12264065266745e-48,1.36315769756678,0.307,0.118,2.21081623729801e-44,"17","TYK2"
3.57147980997395e-48,1.23353656467287,0.348,0.143,7.03331518978171e-44,"17","IL6R"
9.78131728121962e-48,1.37419521275003,0.31,0.122,1.92623481219058e-43,"17","NUDT1"
1.18323730401465e-47,0.921724555589525,0.54,0.281,2.33014922279604e-43,"17","REEP5"
1.29147758670464e-47,0.895767062267844,0.601,0.335,2.54330681149744e-43,"17","PSMA2"
5.33910323730067e-47,1.50880274302753,0.28,0.105,1.05142960052162e-42,"17","EPSTI1"
1.91919549356113e-46,1.0429849481492,0.446,0.212,3.77947168546994e-42,"17","CDK2AP2"
2.20252916902013e-46,1.0671107271207,0.421,0.194,4.33744069255135e-42,"17","PHPT1"
2.64486698943551e-46,0.721083474870554,0.735,0.459,5.20853656229534e-42,"17","PSMB1"
3.62227059255704e-46,1.17831030896108,0.418,0.197,7.13333747792258e-42,"17","STARD7"
4.68488782885553e-46,0.895432802266028,0.579,0.32,9.2259496013652e-42,"17","PSMD8"
6.58107246360573e-46,1.2275686335905,0.341,0.142,1.29601060025788e-41,"17","RARA"
6.62034914848873e-46,0.93695239789354,0.498,0.248,1.30374535781188e-41,"17","MGAT1"
1.0630423082777e-45,1.05510104788134,0.437,0.206,2.09344921769128e-41,"17","LYPLA1"
2.20832817476147e-45,1.43073072312902,0.271,0.101,4.34886067455776e-41,"17","TOR3A"
2.89115582605564e-45,1.07057738669213,0.441,0.211,5.69355316825137e-41,"17","AKR1A1"
3.1877134349043e-45,1.05988201849069,0.435,0.207,6.27756406735703e-41,"17","SLIRP"
3.58755709788609e-45,0.873862102170818,0.593,0.329,7.06497619286708e-41,"17","CCT8"
5.44541658426039e-45,0.942011264367111,0.523,0.277,1.0723658879384e-40,"17","TM9SF2"
6.71513817649728e-45,1.41926069927536,0.252,0.09,1.32241216109761e-40,"17","SLC16A3"
1.2152176438574e-44,1.32687669512622,0.283,0.108,2.39312810604837e-40,"17","MTHFD2"
1.79365975679301e-44,1.30690823471215,0.327,0.137,3.53225415905247e-40,"17","PRPF19"
3.05594280796755e-44,0.865434826752287,0.622,0.371,6.01806817173049e-40,"17","SRSF9"
3.86726682100761e-44,0.834344524680602,0.56,0.297,7.61580855061028e-40,"17","SHKBP1"
1.02528643639366e-43,0.674925741476869,0.731,0.451,2.01909657919004e-39,"17","ARRB2"
3.51454333878828e-43,0.984726601101026,0.471,0.237,6.92119019707577e-39,"17","PLD3"
3.84250967477168e-43,1.32358810792794,0.265,0.099,7.56705430252787e-39,"17","SERTAD3"
5.42792931782865e-43,0.87362810021059,0.56,0.31,1.06892212056e-38,"17","CCT6A"
8.73445969188557e-43,0.529138280049532,0.96,0.828,1.72007714712303e-38,"17","SNHG29"
9.04508335236272e-43,1.18466971155356,0.348,0.152,1.78124826458079e-38,"17","TIMM8B"
1.39063057540642e-42,1.12862636363183,0.398,0.188,2.73856879214787e-38,"17","FIBP"
1.75168015932654e-42,1.03705130006647,0.336,0.141,3.44958373776175e-38,"17","CD300A"
1.75329551833046e-42,0.88478257370119,0.559,0.31,3.45276486424817e-38,"17","TWF2"
2.29950231151834e-42,1.04478927514966,0.402,0.188,4.52840990207306e-38,"17","HDLBP"
9.53479233119926e-42,0.643237608293211,0.749,0.503,1.87768665378307e-37,"17","SH3BGRL"
9.5989324928577e-42,0.601442623154186,0.817,0.55,1.89031777581847e-37,"17","NDUFA11"
2.11651610800746e-41,0.822004107608798,0.653,0.404,4.16805517149909e-37,"17","CANX"
2.74767957163652e-41,1.1831397783345,0.313,0.13,5.41100538042379e-37,"17","AP1B1"
3.43520376827208e-41,0.777924497101993,0.52,0.269,6.7649467808582e-37,"17","C4orf48"
3.72257789992178e-41,0.647404146730956,0.467,0.223,7.33087265831596e-37,"17","PGD"
9.99404039434132e-41,0.653164547635176,0.721,0.453,1.96812637485764e-36,"17","IQGAP1"
1.28896684097066e-40,0.994248342649146,0.268,0.101,2.53836239992351e-36,"17","IRAK3"
1.69637153013653e-40,0.892634778255211,0.522,0.284,3.34066445429787e-36,"17","NCKAP1L"
2.21075972992868e-40,0.81410361638631,0.577,0.331,4.35364913614855e-36,"17","PPP4C"
3.31057365372851e-40,1.11274489855582,0.303,0.125,6.51951269628756e-36,"17","BHLHE40"
4.67765343826789e-40,0.844380837445141,0.639,0.389,9.21170291598096e-36,"17","TUBA1A"
6.85474623799313e-40,0.811845539670342,0.59,0.342,1.34990517664799e-35,"17","DOCK8"
7.95186280515617e-40,1.17881740182895,0.35,0.16,1.56596034221941e-35,"17","DEGS1"
8.06186004269888e-40,1.17248711219181,0.314,0.134,1.58762209820869e-35,"17","NIPSNAP2"
8.97246721008988e-40,1.01301660065089,0.444,0.227,1.766947967683e-35,"17","GADD45B"
9.305720979995e-40,0.934770488420758,0.486,0.258,1.83257563259042e-35,"17","C1orf43"
1.17172196687081e-39,0.842925807918762,0.542,0.301,2.30747206935869e-35,"17","OS9"
1.17523223290173e-39,1.34720812034103,0.26,0.101,2.31438483625338e-35,"17","NIBAN1"
1.300761546148e-39,0.832152802263605,0.545,0.304,2.56158971282925e-35,"17","UBE2L3"
1.55106325432571e-39,0.6792739527104,0.7,0.44,3.05450886674363e-35,"17","COPE"
1.71315964687297e-39,1.01812847555242,0.43,0.217,3.37372529258694e-35,"17","TXN2"
1.72829515461104e-39,0.631211422177994,0.771,0.513,3.40353164797552e-35,"17","PSMA7"
2.06086064502526e-39,1.38979681719024,0.285,0.118,4.05845286824825e-35,"17","REPIN1"
3.03579401369957e-39,0.951932187433379,0.506,0.276,5.97838915117857e-35,"17","HERPUD1"
3.3117947551995e-39,0.822222101011055,0.577,0.334,6.52191741141438e-35,"17","SNRPF"
4.555854616432e-39,1.16171540279402,0.262,0.101,8.97184449613954e-35,"17","NUDT16"
7.38939910118356e-39,0.803021550543776,0.533,0.29,1.45519436499608e-34,"17","NOP10"
1.07087287754743e-38,0.883338486956587,0.515,0.283,2.10886995775416e-34,"17","GLRX"
1.81578519245044e-38,0.701790351006423,0.771,0.536,3.57582577949266e-34,"17","PSME2"
3.42230516204784e-38,0.733696187372512,0.636,0.388,6.73954555562081e-34,"17","DEK"
3.94931971039974e-38,1.13232385153886,0.351,0.163,7.7773953056902e-34,"17","UVRAG"
8.20318316123713e-38,0.945494233773072,0.347,0.157,1.61545285994243e-33,"17","YBX3"
1.03921029064201e-37,0.667559298828935,0.774,0.551,2.04651682536132e-33,"17","HMGN1"
2.29703727057881e-37,0.848375599233079,0.497,0.27,4.52355549695085e-33,"17","IFI16"
4.68614817032991e-37,0.769035628001598,0.573,0.334,9.22843159183069e-33,"17","DBNL"
6.44121397766654e-37,0.803794507517959,0.548,0.314,1.26846826862187e-32,"17","BANF1"
6.60803954384179e-37,0.890367700164508,0.469,0.249,1.30132122736876e-32,"17","NDUFA7"
9.11087777685637e-37,0.686543630726258,0.545,0.299,1.79420516059632e-32,"17","TCIRG1"
9.53190861067063e-37,1.06205725867021,0.379,0.185,1.87711876269937e-32,"17","SDHB"
1.05959028563443e-36,0.8018416085439,0.56,0.327,2.08665114949988e-32,"17","PRKAR1A"
1.09265090951339e-36,1.02911519632837,0.341,0.156,2.15175743610471e-32,"17","PICALM"
1.50667600052636e-36,0.914918248506632,0.847,0.733,2.96709704783656e-32,"17","CRIP1"
1.70838372564048e-36,0.840814577491122,0.54,0.313,3.3643200709038e-32,"17","TOMM22"
2.12659836107441e-36,0.895800207185756,0.429,0.218,4.18791015246384e-32,"17","NBPF26"
2.20487306236019e-36,1.00524492377715,0.395,0.196,4.34205652170593e-32,"17","EIF4E2"
3.31950089346095e-36,1.24257684605433,0.263,0.107,6.53709310949265e-32,"17","CCDC47"
3.78040409904807e-36,0.82737773845508,0.5,0.273,7.44474979225536e-32,"17","RIN3"
5.07295589099001e-36,0.663070748650548,0.594,0.345,9.99017203612662e-32,"17","RBX1"
5.43880700937716e-36,1.04356136647786,0.337,0.155,1.07106426435664e-31,"17","ATP6V1B2"
5.611166774305e-36,1.07037090336078,0.337,0.155,1.10500707286388e-31,"17","ERCC1"
7.27629018185784e-36,0.768633064419333,0.449,0.235,1.43291982551326e-31,"17","CYB5R3"
1.15569376535996e-35,0.871671525940924,0.503,0.283,2.27590773212338e-31,"17","CLNS1A"
1.59598448988507e-35,0.771441695420835,0.548,0.318,3.14297225593067e-31,"17","SNX17"
2.89863857292758e-35,1.13524892948833,0.324,0.149,5.70828894166629e-31,"17","SLC66A3"
4.4562612199929e-35,1.0144140751155,0.373,0.182,8.77571522053201e-31,"17","NDUFS3"
5.38457255268979e-35,0.936432780456676,0.399,0.202,1.0603838728012e-30,"17","QKI"
6.13827896603971e-35,0.94500317400484,0.395,0.197,1.2088112767822e-30,"17","EPN1"
6.46163749225376e-35,0.619904539279935,0.74,0.496,1.27249027134953e-30,"17","TOMM6"
7.19507366599568e-35,0.631941703048035,0.551,0.307,1.41692585704453e-30,"17","CTSC"
1.74473575453324e-34,0.643761411234144,0.659,0.412,3.43590812140231e-30,"17","SRSF2"
2.67244288630917e-34,1.0978540747626,0.307,0.138,5.26284177600865e-30,"17","GNAQ"
2.69856238078699e-34,1.25225150243001,0.254,0.105,5.31427889648381e-30,"17","MRPL12"
3.30088454557857e-34,0.859153064370548,0.435,0.226,6.50043193560788e-30,"17","PSMB2"
3.33658235567762e-34,1.18070412775837,0.252,0.103,6.57073163303593e-30,"17","ZMIZ1"
5.09378193230536e-34,0.854780942534848,0.498,0.287,1.00311847592889e-29,"17","PDIA6"
5.39888890184274e-34,0.564927459262704,0.709,0.448,1.06320319143989e-29,"17","GRB2"
6.94501866827272e-34,0.554572821675651,0.74,0.489,1.36768252634295e-29,"17","TRAPPC1"
6.99569173096161e-34,0.628298236448652,0.709,0.477,1.37766157257827e-29,"17","POLR2L"
1.13926321974804e-33,0.884423934729221,0.416,0.215,2.24355105864981e-29,"17","RAB24"
1.16753606437327e-33,1.04492100338941,0.361,0.178,2.29922877157027e-29,"17","ATXN10"
1.84437193070272e-33,0.8881448361133,0.457,0.25,3.63212164313287e-29,"17","GRSF1"
1.96433825836344e-33,0.740644428628529,0.491,0.268,3.86837133219512e-29,"17","RAB5IF"
2.54535347912948e-33,0.667625974040716,0.641,0.403,5.01256460644969e-29,"17","COX7A2L"
3.17041525982618e-33,0.95103477753744,0.334,0.156,6.24349877117569e-29,"17","NOTCH2"
3.35915928208166e-33,0.725026347748839,0.563,0.333,6.61519237420341e-29,"17","SNRPG"
3.39498448678556e-33,0.798241075294181,0.494,0.277,6.6857429498268e-29,"17","PSMA5"
4.42441746295813e-33,0.844962615493753,0.418,0.216,8.71300530980344e-29,"17","FLII"
8.61163263601658e-33,0.705088105317341,0.285,0.12,1.69588881501075e-28,"17","LRP1"
8.64098783423929e-33,0.909617714042676,0.433,0.233,1.70166973419674e-28,"17","HEXA"
1.17376294531308e-32,1.06166055115277,0.382,0.2,2.31149136820504e-28,"17","ALYREF"
1.30017066892912e-32,0.631610247982971,0.675,0.435,2.56042609832212e-28,"17","CSK"
1.8463915657881e-32,0.537012962550248,0.732,0.479,3.6360989105065e-28,"17","ARPC4"
4.01165672975582e-32,0.875235659400607,0.475,0.27,7.90015559790814e-28,"17","SRP72"
5.58701389719543e-32,1.07430726079008,0.313,0.147,1.1002506467747e-27,"17","HDAC3"
5.75080842847253e-32,1.20320829300504,0.254,0.108,1.1325067038191e-27,"17","WDFY2"
9.60198513090752e-32,0.911850636682592,0.418,0.225,1.89091893182962e-27,"17","STX10"
1.28284278125392e-31,0.979156185610573,0.354,0.176,2.52630228912334e-27,"17","MRPL3"
2.28843072791991e-31,1.17631944070208,0.272,0.121,4.50660663249268e-27,"17","MPV17"
2.50584162164805e-31,0.586501435903702,0.768,0.557,4.93475390551151e-27,"17","HSP90B1"
4.86637635983682e-31,0.641667171577533,0.556,0.326,9.58335496542665e-27,"17","STMP1"
5.24872817397353e-31,0.777074210999441,0.32,0.147,1.03363203930061e-26,"17","TBXAS1"
7.51483399297061e-31,0.825838123427018,0.45,0.249,1.4798962582357e-26,"17","HPS1"
7.75521621029257e-31,0.604488854327445,0.683,0.452,1.52723472829292e-26,"17","PHB2"
9.39786462975239e-31,0.839824108350393,0.44,0.243,1.85072148153714e-26,"17","CHMP2A"
9.68526040720235e-31,0.666708798570918,0.646,0.431,1.90731833199036e-26,"17","ARF6"
1.05493392390165e-30,0.67645660795477,0.573,0.347,2.07748137633952e-26,"17","NDUFA2"
1.42334095437804e-30,0.649207439314358,0.621,0.397,2.80298534145668e-26,"17","TUFM"
1.56091981404417e-30,0.630136674304094,0.639,0.409,3.07391938979719e-26,"17","DDT"
1.57241684682496e-30,0.89862244483697,0.424,0.233,3.0965604964524e-26,"17","NDUFB3"
2.49014495525265e-30,1.07900049648636,0.313,0.151,4.90384246037904e-26,"17","ECHS1"
3.62840031922809e-30,0.836171452408071,0.375,0.191,7.14540874865588e-26,"17","MIDN"
1.15579033001319e-29,1.08128460889683,0.307,0.148,2.27609789689498e-25,"17","BCKDHA"
1.49573938216411e-29,0.899901943972974,0.382,0.201,2.94555956529578e-25,"17","MRPS15"
2.89011150111254e-29,1.02198512823804,0.288,0.134,5.69149657914093e-25,"17","MANBA"
6.52928636518323e-29,1.11456548634541,0.293,0.14,1.28581236389553e-24,"17","SFT2D2"
7.32934188838799e-29,0.864669155708698,0.435,0.246,1.44336729808025e-24,"17","SNRPD1"
1.10998420566883e-28,0.784632520119738,0.483,0.287,2.18589189622363e-24,"17","PPM1G"
1.33932079267535e-28,0.826476982833771,0.407,0.221,2.63752443701557e-24,"17","IDH3G"
1.63742707701862e-28,1.05980704470826,0.286,0.135,3.22458514277276e-24,"17","MICAL1"
1.85018227950737e-28,0.876620264463552,0.392,0.211,3.64356396303386e-24,"17","MRPL51"
1.86743003082762e-28,0.824797696626045,0.454,0.263,3.67752995970883e-24,"17","SDHD"
1.9908517457426e-28,0.867112047087021,0.373,0.196,3.9205843428909e-24,"17","CLTC"
2.40236653552173e-28,1.04846462173588,0.262,0.118,4.73098041840295e-24,"17","TET2"
2.80783246371704e-28,0.5293022056766,0.751,0.518,5.52946447079798e-24,"17","ATP5MD"
2.8325348495418e-28,0.563063234858174,0.684,0.461,5.57811087920266e-24,"17","EID1"
2.96321614723436e-28,0.696027229465928,0.452,0.25,5.83546155874862e-24,"17","CD4"
3.65878666408776e-28,0.508118728547065,0.785,0.57,7.20524857758802e-24,"17","NDUFA1"
4.11813512128503e-28,0.655389119999325,0.594,0.384,8.1098434943466e-24,"17","NDUFB10"
7.47383197184107e-28,1.018597614203,0.297,0.144,1.47182173021466e-23,"17","DHRS4"
2.12466337686387e-27,0.835315500962746,0.43,0.248,4.18409958805803e-23,"17","RTF2"
2.18741073872268e-27,0.812403102978109,0.368,0.193,4.30766796776657e-23,"17","SERPINB6"
2.27729507829264e-27,1.13690638633132,0.251,0.114,4.4846771976817e-23,"17","HAUS4"
2.49695036723706e-27,0.690978250686879,0.409,0.221,4.91724435819995e-23,"17","AKIRIN2"
2.71119332116959e-27,0.584365363302537,0.639,0.42,5.33915300737927e-23,"17","NDUFB4"
3.63172962531532e-27,0.9860391120008,0.324,0.165,7.15196515113345e-23,"17","AK2"
3.63556428079369e-27,0.93274771191048,0.314,0.156,7.159516738167e-23,"17","LPGAT1"
3.66338703325407e-27,0.887091192659854,0.399,0.223,7.21430808458723e-23,"17","LPXN"
3.71231369552124e-27,0.667092520324586,0.571,0.371,7.31065936058997e-23,"17","VDAC2"
3.87575610583951e-27,0.697625091561475,0.556,0.355,7.63252649922975e-23,"17","APH1A"
3.90958659604108e-27,0.595303882202462,0.602,0.383,7.69914888358369e-23,"17","PSMA1"
4.59677714243675e-27,0.641209068267584,0.263,0.116,9.05243322660069e-23,"17","FPR1"
4.79299258737388e-27,0.597837062367355,0.615,0.4,9.43884030231538e-23,"17","RTRAF"
5.45181331225164e-27,0.787599751959689,0.421,0.237,1.07362559558172e-22,"17","CHMP4B"
5.85602229452656e-27,0.916850442278897,0.288,0.137,1.15322647046112e-22,"17","SCPEP1"
6.70185288697063e-27,0.659031002334307,0.522,0.314,1.31979588903113e-22,"17","SMIM26"
1.27127955060169e-26,0.790365992331154,0.418,0.235,2.50353081899992e-22,"17","CLTB"
1.98478349424004e-26,0.633988103740138,0.577,0.369,3.90863413520692e-22,"17","NDUFV2"
3.27775707379003e-26,0.740001379635803,0.457,0.267,6.45488700541471e-22,"17","ENY2"
4.32952326963127e-26,0.815485365834442,0.392,0.216,8.52613017488486e-22,"17","NDUFA10"
4.88625650103286e-26,0.511010682777065,0.707,0.493,9.62250492748401e-22,"17","WAS"
6.32150007964426e-26,0.781550207861654,0.441,0.258,1.24489301068434e-21,"17","MRPL33"
6.65356758858639e-26,0.959272375130009,0.314,0.16,1.31028706522032e-21,"17","MAP2K1"
7.51404244633507e-26,0.920610052784679,0.331,0.173,1.47974037895677e-21,"17","AAMP"
8.66379955582616e-26,0.726155028502931,0.353,0.188,1.70616204652885e-21,"17","ETFA"
9.41777315669938e-26,0.541255586540528,0.638,0.415,1.85464206774881e-21,"17","MICOS10"
1.10976197086788e-25,0.654962032265966,0.557,0.36,2.18545424923012e-21,"17","ROMO1"
1.22544178222219e-25,0.721714810136094,0.464,0.275,2.41326250173015e-21,"17","UQCRC2"
1.29810290809469e-25,0.806408487297363,0.389,0.215,2.55635405691087e-21,"17","NDUFS2"
2.0487498993654e-25,0.602020651347626,0.582,0.373,4.03460317682028e-21,"17","ERH"
2.43031317313273e-25,0.680443994995571,0.488,0.298,4.78601573185029e-21,"17","ITGB7"
2.6369866445977e-25,1.03724748259059,0.265,0.127,5.19301779920626e-21,"17","DYNC1LI1"
2.94649907979839e-25,0.646863069802358,0.503,0.306,5.80254063784696e-21,"17","DOK2"
3.94880397195797e-25,0.939819760585981,0.324,0.169,7.77637966197684e-21,"17","PSMC4"
7.45086112182472e-25,0.645744492669379,0.531,0.336,1.46729808072094e-20,"17","CAPZA1"
8.61485846660579e-25,0.620861418948338,0.57,0.37,1.69652407782868e-20,"17","M6PR"
9.45243972343498e-25,0.630590795982214,0.574,0.38,1.86146895473605e-20,"17","ANP32A"
1.07808547276129e-24,0.621136932889285,0.534,0.334,2.12307372150882e-20,"17","EIF3I"
1.16018403250229e-24,0.945977037014106,0.32,0.169,2.28475041520676e-20,"17","UBL7"
1.20829230937032e-24,0.960389332922782,0.299,0.152,2.37949004484296e-20,"17","MIF4GD"
1.25559453070935e-24,1.10199283700465,0.274,0.136,2.47264230932593e-20,"17","CSRP1"
1.38340067852109e-24,1.00817484972506,0.269,0.131,2.72433095621158e-20,"17","TNFRSF1A"
1.43596432093077e-24,0.719350003013828,0.463,0.279,2.82784453720897e-20,"17","PDCD6"
1.99503227853364e-24,0.688399522759234,0.472,0.287,3.92881706611629e-20,"17","HM13"
2.26296234405759e-24,1.01442161615459,0.254,0.121,4.45645174415262e-20,"17","IFT20"
2.54243872298687e-24,0.952557999121713,0.341,0.186,5.00682457717803e-20,"17","PFDN2"
2.79271414974492e-24,1.07931277793439,0.26,0.127,5.49969197509267e-20,"17","TMEM205"
3.13972034882555e-24,1.03787901069278,0.271,0.134,6.18305128294216e-20,"17","COPS3"
3.630611681514e-24,0.605791454303593,0.557,0.362,7.14976358440553e-20,"17","EIF3A"
4.73239759569375e-24,0.71163479619881,0.43,0.251,9.3195105851997e-20,"17","REL"
5.27380322831812e-24,0.506323087473607,0.664,0.454,1.03857006975269e-19,"17","DRAP1"
6.75487729398258e-24,0.794319906140783,0.344,0.185,1.33023798550399e-19,"17","MAPKAPK3"
7.53883739936891e-24,0.685744834204544,0.443,0.26,1.48462324905772e-19,"17","ELOVL5"
8.67521308819243e-24,0.85671444541287,0.324,0.17,1.70840971345774e-19,"17","FOXN2"
9.95789456797045e-24,0.574607957892581,0.652,0.458,1.96100817727042e-19,"17","ATP5ME"
1.17289249807307e-23,0.590404578716883,0.577,0.381,2.30977719645529e-19,"17","GHITM"
1.37101531859431e-23,0.963194758627681,0.322,0.173,2.69994046690778e-19,"17","HNRNPAB"
1.64819307484818e-23,0.648479864767795,0.486,0.299,3.24578662229852e-19,"17","KDELR1"
2.07282819390325e-23,0.754102428179627,0.387,0.22,4.08202056225368e-19,"17","RPS6KA1"
2.45516603697583e-23,0.868430063493446,0.319,0.169,4.8349584766165e-19,"17","VMA21"
3.75594930605155e-23,0.624878099447605,0.515,0.326,7.39659096840731e-19,"17","ERGIC3"
5.7652671243985e-23,0.554393510779323,0.58,0.379,1.1353540548078e-18,"17","SNRPB"
6.0019649146124e-23,0.818224493925218,0.328,0.176,1.18196695063462e-18,"17","NUDT3"
6.62342054266581e-23,0.696687048492037,0.443,0.267,1.30435020746718e-18,"17","RNF181"
9.87506570226183e-23,0.836130880010699,0.328,0.177,1.94469668874642e-18,"17","TIMM17B"
1.35699514915901e-22,0.785275924955244,0.322,0.171,2.67233054723884e-18,"17","TMEM167A"
1.44823345171444e-22,0.727042407029959,0.401,0.233,2.85200613646126e-18,"17","OLA1"
1.57725320800549e-22,0.918896540439524,0.3,0.158,3.10608474252521e-18,"17","AKR7A2"
1.83824195411749e-22,0.763525998733376,0.37,0.209,3.62004988024358e-18,"17","BAG1"
1.87228566583909e-22,0.74750872372413,0.345,0.19,3.68709216173692e-18,"17","NENF"
2.08044335601104e-22,0.571405320697382,0.576,0.384,4.09701710099255e-18,"17","EIF4H"
2.45149873861695e-22,0.645888893056318,0.491,0.308,4.82773646595837e-18,"17","HSPD1"
5.53944716112815e-22,0.567875627001708,0.587,0.393,1.09088332944097e-17,"17","GABARAPL2"
1.04632455347613e-21,0.521019796751957,0.534,0.339,2.06052694316055e-17,"17","MOB1A"
1.08639136047878e-21,0.756421283384304,0.387,0.226,2.13943050619085e-17,"17","CMTM3"
1.0994464702603e-21,0.66791009847457,0.389,0.225,2.1651399338836e-17,"17","IL17RA"
1.13067555120882e-21,0.663054903129904,0.466,0.29,2.22663936299552e-17,"17","LSM4"
1.16254039161836e-21,0.586067922865156,0.421,0.246,2.28939079321404e-17,"17","SNX2"
1.21703481254624e-21,0.571157106257816,0.505,0.321,2.3967066563473e-17,"17","NDUFA6"
1.2713372042776e-21,0.604343808737818,0.526,0.346,2.50364435638387e-17,"17","GNB1"
1.47819439530409e-21,0.938747269926675,0.268,0.137,2.91100822267235e-17,"17","COMMD8"
1.88346233834054e-21,0.546221991693911,0.542,0.347,3.70910238289402e-17,"17","KTN1"
5.51646739280026e-21,0.506789443085406,0.598,0.4,1.08635792366415e-16,"17","UFC1"
8.28471408399941e-21,0.791111116640387,0.342,0.194,1.631508744562e-16,"17","APPL1"
9.81591494504509e-21,0.562198964410911,0.52,0.336,1.93304813012773e-16,"17","NDUFB1"
1.027338754694e-20,0.530352516607566,0.604,0.415,2.02313820961889e-16,"17","UQCRFS1"
1.12635755926173e-20,0.930112730964785,0.265,0.137,2.21813594145413e-16,"17","CBL"
1.24349695581223e-20,0.811578955111511,0.344,0.197,2.44881855508102e-16,"17","QARS"
2.05031034017782e-20,0.76791797554996,0.339,0.192,4.03767615291218e-16,"17","ELMO1"
2.20510054295114e-20,0.825662059534817,0.333,0.189,4.34250449923368e-16,"17","MRPL11"
2.22274471703882e-20,0.883129503099277,0.299,0.163,4.37725117126455e-16,"17","CS"
2.54190318256359e-20,0.8982326882751,0.266,0.138,5.00576993742247e-16,"17","NDUFS4"
2.9907215978511e-20,0.746622268523308,0.37,0.217,5.88962804264817e-16,"17","PPP1CB"
3.16900984746051e-20,0.741036063286421,0.382,0.229,6.24073109260397e-16,"17","PHB"
3.31710397525183e-20,0.785774908143817,0.333,0.188,6.53237285846342e-16,"17","SUCLG1"
4.00855805154527e-20,0.839470532999676,0.316,0.177,7.8940533709081e-16,"17","ACO2"
4.55180617045642e-20,0.671506847886621,0.401,0.241,8.96387189147982e-16,"17","PFKL"
4.66353216936839e-20,0.916621717906039,0.268,0.141,9.18389390113718e-16,"17","AP2A1"
7.11861125506587e-20,0.8982326882751,0.263,0.138,1.40186811446012e-15,"17","ZSWIM7"
1.10965276526248e-19,0.653054204267306,0.407,0.247,2.18523919063139e-15,"17","PTPN2"
1.33382082224085e-19,0.84981910737382,0.316,0.179,2.62669334523891e-15,"17","ARRDC1"
1.52556176560595e-19,0.610110130367919,0.409,0.248,3.0042887850078e-15,"17","HIF1A"
3.06767655396138e-19,0.86555096290513,0.265,0.139,6.04117543771615e-15,"17","ARHGAP17"
3.27118970623312e-19,0.516711395457887,0.556,0.378,6.44195388848488e-15,"17","RAP1A"
3.87123054513135e-19,0.705802524014637,0.381,0.231,7.62361431252716e-15,"17","IDH2"
4.31660653098311e-19,0.577198117021714,0.447,0.278,8.50069324146504e-15,"17","PRPF40A"
4.88953720028227e-19,0.695010508952494,0.39,0.238,9.62896560851587e-15,"17","SNRPE"
5.04194819737556e-19,0.802760455038807,0.307,0.172,9.92910858509168e-15,"17","GET3"
8.94543967596911e-19,0.863792384325613,0.274,0.149,1.7616254353886e-14,"17","MRTFA"
1.00527519451722e-18,0.716166527688288,0.314,0.178,1.97968844056276e-14,"17","TUBB4B"
1.01382946399145e-18,0.528585011357192,0.412,0.249,1.99653436343837e-14,"17","GRINA"
1.05422918936577e-18,0.675473533706627,0.402,0.249,2.07609354261802e-14,"17","CCT5"
1.05884820595527e-18,0.794400339110432,0.313,0.178,2.08518977198771e-14,"17","TMX1"
1.82168489250856e-18,0.574947824775875,0.379,0.225,3.5874440588171e-14,"17","ZFAND5"
1.84104840776292e-18,0.631361867615804,0.393,0.24,3.62557662940751e-14,"17","FLOT1"
1.96396051517284e-18,0.696393148421013,0.317,0.18,3.86762744252988e-14,"17","ADI1"
1.98688150500114e-18,0.808359478772633,0.28,0.153,3.91276574779874e-14,"17","ATP1B3"
2.51085529064512e-18,0.563513228953882,0.454,0.288,4.94462732386744e-14,"17","SCP2"
3.11929695304836e-18,0.715937885350576,0.351,0.208,6.14283148963814e-14,"17","MMADHC"
4.16002140509067e-18,0.597127398203939,0.463,0.303,8.19233015304506e-14,"17","NHP2"
4.84806391545135e-18,0.778144546358667,0.305,0.173,9.54729226869835e-14,"17","HADHB"
6.03647163728535e-18,0.761378573114238,0.266,0.143,1.1887623595306e-13,"17","SPNS1"
9.33822351798991e-18,0.742599868038404,0.368,0.226,1.83897635739775e-13,"17","PTEN"
1.09840707980275e-17,0.709699798351864,0.354,0.214,2.16309306225556e-13,"17","EIF4G1"
1.29662616399325e-17,0.788432509012081,0.303,0.175,2.55344590475191e-13,"17","TIMM13"
1.45799807125627e-17,0.699150404761897,0.283,0.156,2.87123560172498e-13,"17","UBE2D1"
1.84705376391736e-17,0.631060164991485,0.372,0.226,3.63740297728245e-13,"17","OGFR"
2.18420923585365e-17,0.856249861117954,0.26,0.142,4.3013632481666e-13,"17","PPA2"
2.8460822265193e-17,0.832709222305853,0.255,0.138,5.60478972868445e-13,"17","RAB4B"
3.12134043326388e-17,0.508675926520957,0.495,0.327,6.14685571522656e-13,"17","RPN1"
3.19928637561392e-17,0.818983396251456,0.266,0.145,6.3003546594965e-13,"17","RELB"
3.28968012819939e-17,0.583029585155362,0.44,0.285,6.47836707646307e-13,"17","ILF2"
3.50092857513755e-17,0.72750227289459,0.324,0.19,6.89437864301837e-13,"17","PSMB7"
4.47660601838631e-17,0.725523195599514,0.319,0.187,8.81578023200815e-13,"17","MPC2"
4.80725036466761e-17,0.668971270162832,0.356,0.216,9.46691814313992e-13,"17","ATF4"
5.51434912037335e-17,1.02970079362208,0.274,0.157,1.08594077227512e-12,"17","MX1"
6.67888239001137e-17,0.728867694995758,0.305,0.176,1.31527230906494e-12,"17","MLX"
7.53233231033435e-17,0.802506291827203,0.259,0.141,1.48334220187414e-12,"17","CYB5R4"
7.92148545858769e-17,0.776980867822752,0.293,0.168,1.55997813135967e-12,"17","ECHDC1"
9.33895513757005e-17,0.57424800116408,0.409,0.259,1.83912043524167e-12,"17","SUMO3"
1.00974676907798e-16,0.669071073833628,0.339,0.203,1.98849431234527e-12,"17","LSM10"
1.05038318687411e-16,0.621048216101745,0.324,0.189,2.06851960991119e-12,"17","MAP2K3"
1.14633983159333e-16,0.818652884446155,0.289,0.167,2.25748703035675e-12,"17","MRPL4"
1.23765026848335e-16,0.766291869387806,0.272,0.152,2.43730467372426e-12,"17","SRA1"
1.42181974077967e-16,0.571838538039513,0.426,0.273,2.79998961551741e-12,"17","SNRPC"
1.752538509641e-16,0.511588441128305,0.492,0.333,3.45127408703602e-12,"17","DDX21"
1.89888983395048e-16,0.510901784498717,0.522,0.361,3.73948374999867e-12,"17","RPN2"
2.14118362201063e-16,0.667119811092114,0.367,0.228,4.21663290682554e-12,"17","DNAJC7"
2.692171568096e-16,0.553084134766962,0.438,0.285,5.30169346905145e-12,"17","TMED9"
3.12027305943791e-16,0.684356052913598,0.319,0.19,6.14475373595108e-12,"17","EHBP1L1"
3.66632395778877e-16,0.558833416785553,0.297,0.174,7.22009177007343e-12,"17","IRF7"
4.9718356060551e-16,0.593928290557332,0.373,0.232,9.79103585900431e-12,"17","RB1"
7.67718567362079e-16,0.678205767753407,0.334,0.204,1.51186817470614e-11,"17","TOP1"
1.22165736358069e-15,0.630849408995655,0.354,0.219,2.40580984609945e-11,"17","GNPTG"
1.53762876304824e-15,0.646095371166456,0.331,0.201,3.0280523230709e-11,"17","MPG"
1.98579714218026e-15,0.504959197767014,0.46,0.308,3.91063031209558e-11,"17","XRN2"
3.86032891792176e-15,0.703210288522024,0.311,0.188,7.60214573806331e-11,"17","PSMA3"
3.98344786310807e-15,0.806136870043263,0.262,0.15,7.84460387681872e-11,"17","PSMD3"
5.21794014024628e-15,0.774380777752255,0.283,0.168,1.0275689518187e-10,"17","DNPH1"
5.81558043361478e-15,0.597185524222284,0.368,0.233,1.14526225479176e-10,"17","PQBP1"
7.15543272142236e-15,0.596937240779663,0.393,0.257,1.4091193658297e-10,"17","SDHC"
8.45567958029809e-15,0.722735671553418,0.291,0.174,1.6651769797481e-10,"17","MRPS36"
1.07633957736187e-14,0.629843173775387,0.345,0.216,2.11963552969874e-10,"17","COPZ1"
1.12180016198533e-14,0.659089817050097,0.308,0.186,2.2091610589977e-10,"17","SNF8"
1.54728149067285e-14,0.720745501233939,0.288,0.171,3.04706143958204e-10,"17","COMMD3"
1.68960691343167e-14,0.685151438131035,0.283,0.167,3.32734289462099e-10,"17","SMS"
1.76881509309278e-14,0.623206782821335,0.341,0.213,3.48332756282762e-10,"17","FAM162A"
1.77659349186237e-14,0.575275939405903,0.362,0.229,3.49864556352457e-10,"17","PSMG2"
2.66764531523886e-14,0.752490842378009,0.254,0.146,5.25339391929989e-10,"17","DELE1"
2.82020484413226e-14,0.677990024292939,0.311,0.192,5.55382939954966e-10,"17","HDGF"
2.84549304679033e-14,0.76893949491974,0.251,0.144,5.60362945704419e-10,"17","HCFC1R1"
2.84715901075849e-14,0.602000731628892,0.356,0.227,5.6069102398867e-10,"17","KDELR2"
3.01437207201612e-14,0.725250580510488,0.293,0.177,5.93620292142134e-10,"17","RABL6"
3.78922653543288e-14,0.524818345584401,0.429,0.286,7.46212381622797e-10,"17","ACADVL"
4.77769546611793e-14,0.620149520338446,0.324,0.201,9.40871568142604e-10,"17","TUBGCP2"
1.01645083011167e-13,0.75371689403664,0.269,0.161,2.00169661973892e-09,"17","CUEDC2"
1.03828923012512e-13,0.504640294232996,0.5,0.357,2.0447029808854e-09,"17","PRDX1"
1.2740633742111e-13,0.566537783543782,0.364,0.235,2.50901300283392e-09,"17","COX16"
1.43899720853994e-13,0.727889159028774,0.265,0.157,2.83381720277771e-09,"17","CUL1"
1.60743145498924e-13,0.707020871350199,0.259,0.152,3.16551476431031e-09,"17","JARID2"
2.07766968697326e-13,0.601308939470123,0.31,0.191,4.09155491455644e-09,"17","GNAI3"
3.32615441166432e-13,0.636072213887018,0.314,0.198,6.55019588289054e-09,"17","HOOK3"
3.5329310925281e-13,0.508168289068502,0.771,0.678,6.95740120051558e-09,"17","PCBP2"
3.70172731799837e-13,0.574194235416389,0.347,0.224,7.28981160733419e-09,"17","THOC7"
6.23054161513527e-13,0.507563979365813,0.406,0.274,1.22698056026859e-08,"17","HEBP2"
1.06265972431083e-12,0.605339702840476,0.307,0.192,2.09269579508533e-08,"17","ESD"
1.33528155602996e-12,0.620701078807637,0.294,0.183,2.6295699682898e-08,"17","BLOC1S2"
1.92384556774797e-12,0.614499097648651,0.251,0.148,3.78862907656608e-08,"17","PLEKHB2"
2.30705025935507e-12,0.620192186582431,0.31,0.197,4.54327407574794e-08,"17","TMEM147"
2.6128243622801e-12,0.526851134987958,0.416,0.291,5.14543501663821e-08,"17","TXNL4A"
3.17690032668094e-12,0.642017490282157,0.262,0.158,6.25626981333277e-08,"17","SHMT2"
3.93160229613521e-12,0.505175018943949,0.373,0.249,7.74250440177907e-08,"17","STAT6"
4.31220536254247e-12,0.533741441131524,0.314,0.199,8.49202602045488e-08,"17","ATG16L2"
5.39198748305618e-12,0.61661235816567,0.291,0.183,1.06184409503825e-07,"17","PARL"
6.23300619505724e-12,0.584470397341452,0.286,0.179,1.22746590999262e-07,"17","FKBP2"
7.22756592983726e-12,0.618830474005334,0.285,0.179,1.42332455856285e-07,"17","VKORC1"
7.8846898065352e-12,0.543893790588368,0.339,0.223,1.55273196360098e-07,"17","CNIH1"
1.11657200946659e-11,0.587004328305005,0.293,0.186,2.19886525824255e-07,"17","TRMT1"
1.62214257198362e-11,0.589275757006539,0.302,0.194,3.19448536700734e-07,"17","GTF3C6"
2.77757093810177e-11,0.612580591718671,0.291,0.187,5.46987044840381e-07,"17","BUD23"
3.04778410126319e-11,0.508033789938923,0.341,0.226,6.0020012306176e-07,"17","PSMB4"
3.94084562188481e-11,0.625979892394858,0.271,0.171,7.76070728317776e-07,"17","HDAC2"
6.36739709403258e-11,0.609412635902641,0.254,0.157,1.25393150972784e-06,"17","SARNP"
7.02795040498091e-11,0.536422543437324,0.328,0.219,1.38401427325289e-06,"17","LSM6"
9.47717060908744e-11,0.537860392363609,0.307,0.201,1.86633920804759e-06,"17","DCAF7"
9.65861946793407e-11,1.13314884127839,0.307,0.209,1.90207193182026e-06,"17","CPNE3"
9.7862293591579e-11,0.617023432319998,0.511,0.401,1.92720214769896e-06,"17","HIST1H1E"
1.10112433498797e-10,0.529260002408617,0.305,0.199,2.16844415289181e-06,"17","FAM120A"
2.46182431636595e-10,0.538440576107463,0.307,0.203,4.84807062621946e-06,"17","RAD23B"
3.31179099550612e-10,0.545893133334143,0.272,0.175,6.52191000745021e-06,"17","TRIM8"
3.55836804496014e-10,0.574755665479561,0.26,0.165,7.00749419094001e-06,"17","MPC1"
4.2187136582411e-10,0.515767866924296,0.328,0.222,8.3079128071742e-06,"17","DNAJA1"
4.90928224877231e-10,0.548433222617001,0.272,0.176,9.66784953250731e-06,"17","ADPGK"
7.39124661403243e-10,0.541835592737957,0.272,0.176,1.45555819570141e-05,"17","MRPL14"
7.58336429401683e-10,0.522851399073064,0.325,0.223,1.49339193042073e-05,"17","CAPRIN1"
9.84897715327309e-10,0.5561911328492,0.262,0.169,1.93955907079407e-05,"17","ANAPC15"
1.0167405076939e-09,0.540645335213479,0.319,0.218,2.0022670818016e-05,"17","GLUD1"
1.18111950632126e-09,0.548821854175993,0.381,0.275,2.32597864379846e-05,"17","FDFT1"
2.99774514883041e-09,0.543143203537707,0.286,0.192,5.90345952159172e-05,"17","CCDC124"
3.39255436618886e-09,0.525180191261637,0.276,0.182,6.68095731333573e-05,"17","TBC1D5"
5.70541594380733e-09,0.553545404884727,0.26,0.171,0.000112356756181398,"17","SQOR"
1.34431626653974e-08,0.903353148819173,0.3,0.214,0.000264736202369671,"17","ISG15"
1.42324288003839e-08,0.521615099416547,0.272,0.184,0.00028027922036596,"17","RNF13"
5.24164475948847e-08,0.502368834399442,0.3,0.212,0.00103223710248606,"17","SRM"
7.2049843127151e-08,0.531478646414517,0.251,0.17,0.00141887756070298,"17","ARPC1A"
0.00652527973054038,0.707258737474314,0.251,0.22,1,"17","IFI6"
0,4.496302001467,1,0.053,0,"18","TRBV20-1"
0,3.16051097767022,0.81,0.11,0,"18","GZMK"
0,3.52821129216861,0.372,0.031,0,"18","TRAV1-2"
2.934749936297e-321,2.51252762295777,0.818,0.174,5.77940304954969e-317,"18","CD8A"
1.39673268342206e-279,1.74513221044025,0.959,0.236,2.75058567346306e-275,"18","CST7"
4.49287583277307e-279,1.88413229061218,0.922,0.223,8.84782037748001e-275,"18","GZMA"
4.52596430436547e-272,2.57026548809851,0.9,0.278,8.91298150458691e-268,"18","DUSP2"
2.03149424684983e-257,2.44972079664159,0.718,0.161,4.00062162032137e-253,"18","KLRG1"
1.1382430738406e-234,1.4421353828802,0.953,0.261,2.2415420853143e-230,"18","NKG7"
3.12428565476027e-231,1.75450733852495,0.988,0.325,6.1526557399194e-227,"18","CCL5"
1.45412283110581e-173,1.84863398798499,0.634,0.155,2.86360409129667e-169,"18","CD8B"
2.9253845593663e-152,0.866072705882263,0.72,0.194,5.76095981276005e-148,"18","PRF1"
1.65860702920529e-145,2.61232136864825,0.299,0.047,3.26629482261397e-141,"18","EOMES"
3.93623062884576e-138,1.9728588001627,0.622,0.19,7.75161897738596e-134,"18","LYAR"
3.72581733814319e-137,1.26488573405526,0.996,0.679,7.33725208400538e-133,"18","IL32"
3.19089091098766e-121,1.50875219261173,0.8,0.336,6.283821471008e-117,"18","GZMM"
7.83346362489248e-121,1.11474013150617,0.877,0.372,1.54264399165008e-116,"18","CTSW"
1.14614467354428e-111,1.9774201767478,0.538,0.17,2.25710270561076e-107,"18","CMC1"
1.23127008922537e-107,2.3383304821935,0.55,0.196,2.42474018671152e-103,"18","KLRB1"
5.78744982332165e-107,0.596618426399551,1,0.999,1.13972249370673e-102,"18","HLA-B"
7.43720302718942e-103,1.36070427794375,0.879,0.479,1.46460839214441e-98,"18","ARL4C"
3.95225017487651e-102,1.45537296914824,0.442,0.116,7.78316626938432e-98,"18","CCL4"
1.88219681257218e-101,2.00287637175436,0.446,0.126,3.70661018299839e-97,"18","MYBL1"
7.60931177666521e-101,1.41776364915015,0.634,0.22,1.49850176817868e-96,"18","KLRK1"
3.33066842842006e-93,1.64502911400028,0.511,0.165,6.55908533608763e-89,"18","MATK"
5.62642823777167e-91,1.2549974813358,0.906,0.595,1.10801251286437e-86,"18","CXCR4"
9.7018453674754e-87,0.56385954801866,1,0.996,1.91058440821693e-82,"18","HLA-C"
1.0924369893019e-85,1.10938839289218,0.967,0.872,2.15133616303223e-81,"18","ZFP36L2"
7.58697499768654e-83,1.87553835613865,0.427,0.134,1.49410298629441e-78,"18","SH2D1A"
5.83475224043683e-81,0.899490523417986,0.961,0.74,1.14903775870923e-76,"18","HCST"
2.92123719294769e-79,1.62134764443754,0.489,0.171,5.75279240407188e-75,"18","SAMD3"
8.02741497119998e-74,1.68218301999834,0.431,0.143,1.58083883027841e-69,"18","TENT5C"
7.72080825996328e-71,1.97613622737047,0.311,0.085,1.52045877063457e-66,"18","SYTL2"
1.68649065961699e-70,0.796707410895159,0.988,0.709,3.32120605598373e-66,"18","CD3E"
1.42968137795915e-69,1.46593617722055,0.618,0.289,2.81547153761496e-65,"18","PARP8"
3.36514434657217e-69,1.24889296906453,0.671,0.317,6.62697876170458e-65,"18","PPP2R5C"
4.53727181287869e-69,1.02678600338035,0.483,0.166,8.93524938110201e-65,"18","IL2RB"
4.97365025378645e-68,1.499366532326,0.454,0.163,9.79460944478165e-64,"18","SH2D2A"
4.82641959604708e-67,1.13247220008538,0.824,0.501,9.50466811049551e-63,"18","CD69"
8.06544942997549e-67,0.929194985093085,0.902,0.542,1.58832895624507e-62,"18","CD3D"
1.25833352727794e-65,1.5813232016126,0.419,0.145,2.47803621526845e-61,"18","PYHIN1"
2.61380505339211e-65,0.551796975119053,1,0.996,5.14736629164508e-61,"18","HLA-A"
4.65467810781915e-64,0.66449169318695,0.982,0.9,9.16645759772825e-60,"18","CALM1"
5.10440020203329e-64,0.79654048042644,0.965,0.752,1.00520953178642e-59,"18","PTPRCAP"
1.2748870531123e-63,1.96475075082047,0.274,0.074,2.51063507369406e-59,"18","LINC01871"
2.39116923135187e-63,1.14663822927283,0.757,0.431,4.70892956730123e-59,"18","FYN"
3.30958496326527e-61,1.301371084252,0.663,0.362,6.5175656681583e-57,"18","CD81"
1.90594282474496e-60,1.5234659673584,0.362,0.118,3.75337320477025e-56,"18","GZMH"
7.73446850555043e-60,1.13354078828666,0.697,0.36,1.52314888279805e-55,"18","CD2"
3.40223523338177e-59,1.83519487316314,0.372,0.13,6.70002184509873e-55,"18","NCR3"
5.81830832567845e-59,1.45568373968744,0.456,0.178,1.14579945857586e-54,"18","PRDM1"
9.85871243592155e-58,1.01836373290652,0.789,0.483,1.94147624000603e-53,"18","LITAF"
3.88599452167275e-57,1.0722796050613,0.671,0.342,7.65268901153014e-53,"18","SYNE2"
4.88266520323097e-57,1.69666163598261,0.378,0.135,9.61543258472275e-53,"18","NR4A2"
1.44145594376252e-54,1.21956212169352,0.663,0.363,2.83865919005154e-50,"18","TNFAIP3"
2.09478782542804e-54,1.13846451262169,0.72,0.423,4.12526566461543e-50,"18","DNAJB1"
3.05906444631112e-52,1.44770128558497,0.472,0.204,6.02421561412048e-48,"18","GBP5"
4.61677389709815e-51,1.44718405283774,0.419,0.168,9.09181283555539e-47,"18","ERN1"
1.20133429427469e-49,1.14353610721542,0.675,0.396,2.36578762571516e-45,"18","PIK3R1"
6.09944429987811e-48,0.91568482186309,0.877,0.679,1.201163565975e-43,"18","ZFP36"
5.51078096296621e-47,1.03606605134174,0.736,0.477,1.08523809503693e-42,"18","SRSF7"
9.26842478797923e-47,1.05781117641203,0.485,0.209,1.82523089349675e-42,"18","C12orf75"
6.21835886191083e-46,1.30604120587602,0.411,0.169,1.2245814106761e-41,"18","SYTL3"
9.61456420996424e-46,1.41429519527462,0.427,0.185,1.89339612986826e-41,"18","GPR65"
6.50697445777479e-45,0.760805058716563,0.44,0.176,1.28141847996959e-40,"18","HOPX"
1.46921248932158e-44,1.54826601732699,0.252,0.078,2.893320155221e-40,"18","PTGDR"
1.88210860542514e-44,1.30194002022671,0.438,0.192,3.70643647666373e-40,"18","CBLB"
2.05536670251904e-44,0.604954150430504,0.978,0.906,4.04763364727074e-40,"18","BTG1"
4.87254955567211e-44,0.655205817404779,0.908,0.651,9.59551183998508e-40,"18","CD99"
3.99304209592047e-43,1.02119387774243,0.413,0.172,7.86349779949618e-39,"18","STOM"
2.38516780275599e-42,0.821700539309503,0.726,0.422,4.69711095396737e-38,"18","CD3G"
4.47453451089154e-42,1.32377663348734,0.45,0.211,8.81170081229872e-38,"18","FKBP11"
5.07726720056223e-42,0.908127606763191,0.746,0.459,9.99866229806719e-38,"18","SPOCK2"
8.51939830229224e-42,1.19345178554717,0.282,0.095,1.67772510767041e-37,"18","S1PR5"
1.71168668026275e-41,0.98010997789384,0.483,0.222,3.37082457944143e-37,"18","APMAP"
1.9005939945842e-41,0.643987461122828,0.916,0.706,3.74283975353466e-37,"18","IL2RG"
1.77411095663821e-40,1.48955644111081,0.333,0.131,3.49375670690763e-36,"18","TRG-AS1"
2.88359905875205e-40,0.916091520659494,0.693,0.427,5.67867162640042e-36,"18","HSPA5"
4.7240869606534e-40,1.66819316733802,0.348,0.146,9.30314445161474e-36,"18","PHACTR2"
6.12832850695618e-40,1.17965565856196,0.358,0.142,1.20685173287488e-35,"18","CHST12"
8.36708834101875e-40,1.46109277590915,0.28,0.099,1.64773070699682e-35,"18","TGFBR3"
3.74717242861219e-39,0.917151170432528,0.585,0.307,7.379306663666e-35,"18","CTSC"
2.35843306733291e-38,0.940840408589704,0.599,0.33,4.64446223949871e-34,"18","PRKCH"
2.58818221648857e-38,0.995508840321327,0.548,0.293,5.09690723893094e-34,"18","ALOX5AP"
2.68723982292458e-38,0.79429181671402,0.773,0.518,5.29198138328537e-34,"18","PLAAT4"
2.79303858779938e-38,1.15325097542709,0.483,0.245,5.50033089095331e-34,"18","RORA"
6.35271727753234e-38,0.920080309086532,0.914,0.82,1.25104061346444e-33,"18","JUNB"
7.0080936191239e-38,1.26303046183268,0.401,0.18,1.38010387641407e-33,"18","APOBEC3G"
1.57749462207339e-37,1.16480329207987,0.505,0.265,3.10656015924912e-33,"18","CLDND1"
2.84828090398448e-37,1.00630016121441,0.689,0.443,5.60911958421664e-33,"18","DUSP1"
4.59469950927166e-37,0.854545307853942,0.37,0.148,9.04834174360869e-33,"18","KLRD1"
5.0174996960408e-37,0.743269373467968,0.796,0.503,9.88096215141315e-33,"18","LCK"
6.15820786291479e-36,0.903440593529005,0.654,0.399,1.21273587444381e-31,"18","PAXX"
1.50937182170448e-35,1.21876278614063,0.37,0.162,2.97240592848262e-31,"18","TSEN54"
1.68201477245722e-35,1.06506738697555,0.474,0.237,3.31239169140001e-31,"18","RNF125"
4.60456443948638e-35,0.503500931929351,0.975,0.94,9.06776875068053e-31,"18","UBC"
4.06602575061818e-34,1.23026876620884,0.321,0.132,8.00722451069239e-30,"18","FOSL2"
7.87902179078961e-34,0.860579999296285,0.577,0.327,1.5516157612602e-29,"18","GNG2"
1.59626199833702e-33,0.969216945460689,0.607,0.364,3.14351875332509e-29,"18","CLEC2B"
2.86134518901928e-33,1.52913911034482,0.282,0.112,5.63484708073567e-29,"18","PRR5"
2.99051693002084e-33,1.19398049298187,0.37,0.168,5.88922499029005e-29,"18","ZBTB38"
1.2175913654689e-32,1.01269760234468,0.483,0.252,2.3978026760179e-28,"18","ARPC5L"
8.16657435318828e-32,1.05058477297108,0.466,0.243,1.60824348737337e-27,"18","SYNE1"
2.39823564484354e-31,0.925484823771908,0.542,0.304,4.72284545539038e-27,"18","SELENOK"
3.16642160565825e-31,1.25357124074401,0.335,0.15,6.23563406802279e-27,"18","DNAJC1"
3.54002755730797e-31,0.849265847958488,0.591,0.353,6.97137626860658e-27,"18","ABHD17A"
4.10430871978918e-31,1.39824449340511,0.307,0.132,8.08261516188084e-27,"18","GTF3C1"
6.2506818412155e-31,1.06547502773402,0.483,0.266,1.23094677499057e-26,"18","CCNH"
1.06398201772008e-30,0.630118124706482,0.806,0.579,2.09529978749615e-26,"18","SEPTIN7"
6.31162997714691e-30,0.935921274284729,0.589,0.369,1.24294929139954e-25,"18","TERF2IP"
6.64611458589454e-30,1.08428832383291,0.378,0.18,1.30881934540021e-25,"18","RUNX3"
7.07169666309964e-30,0.883266545431386,0.589,0.362,1.39262922386421e-25,"18","PDCD4"
8.87724070686012e-30,0.806313851409696,0.62,0.381,1.74819501240196e-25,"18","LINC01138"
3.07412791684138e-29,0.652149053369766,0.849,0.725,6.05388010663573e-25,"18","HSP90AA1"
4.17381241195707e-29,1.23411740547798,0.307,0.134,8.21948878286707e-25,"18","GYG1"
5.18596717077499e-29,1.29911286873969,0.301,0.131,1.02127251494072e-24,"18","MTFP1"
6.089079881365e-29,1.27818647599951,0.294,0.127,1.19912250103721e-24,"18","MRPL10"
1.67946816289487e-28,0.94933710466794,0.495,0.278,3.30737665318886e-24,"18","PIP4K2A"
2.23599940434851e-28,0.889960239496914,0.622,0.398,4.40335362698353e-24,"18","DDIT4"
3.11157021228102e-28,0.783617957279735,0.773,0.609,6.12761521904502e-24,"18","IL7R"
7.77790926381087e-28,1.20919806869075,0.294,0.128,1.53170367132227e-23,"18","PTPN22"
9.9843628601344e-28,0.86780993640562,0.569,0.346,1.96622057804627e-23,"18","P2RY8"
1.57420174451249e-27,0.783172252728509,0.673,0.442,3.10007549546844e-23,"18","LIME1"
2.45632445643363e-26,1.0470064430277,0.403,0.213,4.83723975205476e-22,"18","RASSF1"
8.34658504293079e-26,1.21377199215797,0.344,0.171,1.64369299250436e-21,"18","CSRNP1"
1.16541553966547e-25,0.984545485068151,0.436,0.239,2.29505282226321e-21,"18","SIPA1"
7.32768367238688e-25,0.854739497624985,0.501,0.294,1.44304074560315e-20,"18","RHOF"
1.92349803425086e-24,1.10672121040632,0.288,0.131,3.78794467885021e-20,"18","CYTOR"
1.93461310951873e-24,0.552175373348526,0.652,0.433,3.80983359657524e-20,"18","MT2A"
2.30416033630928e-24,0.833697002271315,0.507,0.298,4.53758295029387e-20,"18","CD96"
5.89510346047763e-24,0.707671965642345,0.642,0.417,1.16092272447186e-19,"18","EZR"
1.64408445004898e-23,1.18431259989893,0.331,0.168,3.23769550748146e-19,"18","ZBTB1"
2.10116755580024e-23,0.646516763598668,0.779,0.61,4.13782926763742e-19,"18","CNN2"
2.91469408748342e-23,0.590561610008553,0.708,0.484,5.73990706648111e-19,"18","WIPF1"
3.56669681906297e-23,0.50149678681794,0.855,0.721,7.0238960457807e-19,"18","PPIB"
7.0058591039158e-23,1.33852164178969,0.272,0.126,1.37966383333414e-18,"18","BHLHE40"
7.8811919461745e-23,0.881805172054868,0.389,0.204,1.55204312996014e-18,"18","IKZF3"
8.54763350054063e-23,0.743621989543838,0.583,0.372,1.68328546526147e-18,"18","YWHAQ"
8.58737041544106e-23,0.55103588361674,0.765,0.567,1.69111085591281e-18,"18","PDIA3"
1.8224851921554e-22,0.946416655188752,0.374,0.199,3.58902008891163e-18,"18","PTPN4"
3.13647209688626e-22,0.8254655171307,0.399,0.215,6.17665450039811e-18,"18","MAP3K8"
3.93020019490333e-22,0.986211244348654,0.327,0.164,7.73974324382313e-18,"18","PDE4D"
5.20484498286156e-22,0.554212489075269,0.759,0.554,1.02499012247493e-17,"18","CALR"
1.657017769959e-21,1.13353477264422,0.256,0.116,3.26316509438026e-17,"18","SLAMF6"
1.85367068833493e-21,1.0301598764373,0.309,0.153,3.65043368653798e-17,"18","RAB29"
2.04283952624776e-21,1.00135690408116,0.339,0.177,4.02296387903971e-17,"18","THEMIS"
2.54544164884093e-21,0.596891735550149,0.628,0.423,5.01273823906243e-17,"18","SLC9A3R1"
5.47973250461291e-21,0.691121049125539,0.628,0.433,1.07912372213342e-16,"18","IRF1"
1.09621684281917e-20,0.946438872543525,0.335,0.173,2.15877982856379e-16,"18","ARAP2"
1.17732161210454e-20,0.61695229715,0.607,0.403,2.31849945071746e-16,"18","ZAP70"
1.2831706264278e-20,0.775058616782337,0.511,0.321,2.52694791462427e-16,"18","TC2N"
1.50729200997731e-20,0.664738150440192,0.595,0.394,2.96831015524831e-16,"18","BZW1"
1.81984652695225e-20,0.731520463409996,0.521,0.332,3.58382376552708e-16,"18","STK17A"
2.64737720993109e-20,0.77122838793715,0.466,0.279,5.21347993951729e-16,"18","RASAL3"
4.7428124999947e-20,0.73777332220727,0.53,0.341,9.34002065623955e-16,"18","EMB"
5.1212919659516e-20,0.813806399609767,0.515,0.335,1.00853602685485e-15,"18","AKNA"
5.75487030308362e-20,0.960825311346942,0.346,0.187,1.13330660878626e-15,"18","B4GALT1"
1.43314137609048e-19,0.545160207240091,0.63,0.408,2.82228531193499e-15,"18","LAT"
1.82379354686571e-19,1.05379405055374,0.299,0.153,3.59159663184264e-15,"18","RAB27A"
2.09723520560495e-19,0.59369717054813,0.624,0.449,4.13008529039782e-15,"18","IER2"
3.11372627408227e-19,0.68894858960198,0.44,0.259,6.13186115155021e-15,"18","TRBC1"
3.43248406944727e-19,0.701069872787768,0.532,0.337,6.75959087796251e-15,"18","CD27"
1.88921462723066e-18,0.549307009202791,0.72,0.559,3.72043036540534e-14,"18","GUK1"
4.63892599988537e-18,0.787450791586341,0.419,0.251,9.13543697157425e-14,"18","OPTN"
5.56621209106512e-18,0.852670973895831,0.436,0.272,1.09615414709345e-13,"18","CYCS"
8.76926169420742e-18,0.965428318258141,0.284,0.145,1.72693070544027e-13,"18","ATP2B4"
1.07835541732347e-17,0.785329368034236,0.442,0.277,2.12360532333511e-13,"18","HERPUD1"
1.53469241457903e-17,0.969076239032277,0.342,0.193,3.02226977203048e-13,"18","CCDC107"
1.60885084121258e-17,0.74273900454869,0.413,0.245,3.16830996159993e-13,"18","PITPNC1"
1.88546528774921e-17,0.829875165380072,0.335,0.183,3.71304679116452e-13,"18","NFATC2"
5.53825739547175e-17,0.60149439422681,0.583,0.396,1.09064902889025e-12,"18","IL10RA"
7.8118259785029e-17,0.791026618723427,0.354,0.201,1.53838288994658e-12,"18","MLLT6"
8.46954819559416e-17,0.801325727205963,0.497,0.337,1.66790812615836e-12,"18","EML4"
9.09053098067926e-17,0.711312586090295,0.423,0.257,1.79019826602517e-12,"18","ACTN4"
9.34917642387870e-17,0.964826512671128,0.258,0.13,1.84113331315443e-12,"18","MANF"
1.20779079521809e-16,0.500655028333538,0.716,0.535,2.37850241302299e-12,"18","SUN2"
1.59156770373167e-16,0.965346946864859,0.274,0.144,3.13427427895877e-12,"18","USP11"
1.761457261369e-16,0.574323457358516,0.616,0.439,3.46883778481397e-12,"18","ISG20"
2.11429202007734e-16,0.694828122559634,0.501,0.333,4.16367527513831e-12,"18","SLC38A1"
8.66306197912725e-16,0.573143452464711,0.624,0.45,1.70601679554953e-11,"18","RESF1"
1.21867722696474e-15,0.63915934182428,0.526,0.36,2.39994106306167e-11,"18","ARL6IP1"
1.43364406375692e-15,0.916498530318368,0.393,0.246,2.82327525475651e-11,"18","ID2"
1.7053701136979e-15,0.630054228386506,0.36,0.211,3.35838536490528e-11,"18","TPST2"
2.12049603705393e-15,0.973775957164171,0.313,0.178,4.17589284577031e-11,"18","CDK17"
2.61377592099839e-15,0.837912908838303,0.346,0.203,5.14730892122212e-11,"18","SS18L2"
3.3514730129601e-15,0.628856597305028,0.511,0.344,6.60005580442232e-11,"18","CD6"
4.22620038380054e-15,0.720208088541854,0.466,0.313,8.32265641581841e-11,"18","HSPE1"
4.33613696752085e-15,0.758661840712359,0.452,0.298,8.53915453013882e-11,"18","TAP1"
4.97019086357993e-15,0.651580983128252,0.458,0.298,9.78779686764796e-11,"18","TOMM5"
6.486104220802e-15,0.857251775424622,0.331,0.195,1.27730850420254e-10,"18","RNF19A"
1.04421031380389e-14,0.802115277245773,0.358,0.216,2.056363370974e-10,"18","LY9"
1.35257946557512e-14,0.676456451908032,0.454,0.299,2.66363474155709e-10,"18","ITGB7"
1.6158557055223e-14,0.753781978965314,0.37,0.226,3.18210464088506e-10,"18","TMEM109"
1.91098788370635e-14,0.809133612151114,0.389,0.241,3.76330843938291e-10,"18","ITM2A"
4.1196449492103e-14,0.691872742211617,0.409,0.257,8.11281679847985e-10,"18","ITGAL"
4.38475212686697e-14,0.83807365659509,0.354,0.218,8.63489236343913e-10,"18","HERPUD2"
6.88159751802999e-14,0.781985855465806,0.311,0.179,1.35519299922565e-09,"18","FKBP2"
7.27593261920543e-14,0.644337025915522,0.485,0.33,1.43284941070013e-09,"18","G3BP2"
1.14612913240734e-13,0.645115755275928,0.491,0.349,2.25707210044977e-09,"18","CAPN2"
1.16097039695674e-13,0.816395290283545,0.354,0.22,2.2862990027269e-09,"18","MFSD10"
1.31989242839051e-13,0.768422529379151,0.38,0.243,2.59926415922942e-09,"18","SYNRG"
2.0419991656383e-13,0.610484385544752,0.436,0.282,4.02130895689151e-09,"18","CLEC2D"
5.25155598555235e-13,0.834201643498159,0.28,0.16,1.03418892023482e-08,"18","ACAA2"
7.35446906295548e-13,0.758538658456258,0.339,0.207,1.44831559256782e-08,"18","RAB18"
1.27984200452128e-12,0.515152135050179,0.587,0.432,2.52039285950377e-08,"18","ARF6"
1.47596859138216e-12,0.66377851587499,0.356,0.221,2.90662494700889e-08,"18","SEC11C"
1.56703648137243e-12,0.696906790882754,0.325,0.196,3.08596494276673e-08,"18","STAT4"
1.62097257407001e-12,0.55151113897368,0.489,0.337,3.19218129011608e-08,"18","CKLF"
1.63233160308113e-12,0.751014605113853,0.294,0.173,3.21455062594767e-08,"18","SDF2L1"
1.63281676118104e-12,0.617332292917673,0.464,0.323,3.21550604779383e-08,"18","EMD"
2.48340919321589e-12,0.517463315568962,0.524,0.377,4.89057772420005e-08,"18","XBP1"
2.82257534513225e-12,0.591182601590098,0.431,0.288,5.55849762716895e-08,"18","PDIA6"
3.34877085459876e-12,0.761090678137891,0.307,0.185,6.59473444396134e-08,"18","BCAS2"
3.73211052258225e-12,0.544372363607243,0.474,0.324,7.34964525212123e-08,"18","IDS"
6.00713293700209e-12,0.713473351370843,0.534,0.401,1.18298468928382e-07,"18","HIST1H1E"
7.33812234983895e-12,0.829681412991261,0.258,0.147,1.44509643435379e-07,"18","NR1D2"
8.48074218104772e-12,0.535645298691431,0.491,0.345,1.67011255771373e-07,"18","RBM8A"
1.00605676961859e-11,0.895488088383353,0.264,0.153,1.98122759640989e-07,"18","TSPYL2"
1.22137253683701e-11,0.548451457787056,0.481,0.336,2.40524893679313e-07,"18","DHRS7"
1.28882441178332e-11,0.662018762341611,0.425,0.296,2.5380819141249e-07,"18","SBDS"
1.59250995822206e-11,0.730331648052321,0.38,0.256,3.13612986072671e-07,"18","SNHG16"
1.68537582896622e-11,0.587340195466805,0.376,0.24,3.31901061998317e-07,"18","TMX4"
1.89227875889021e-11,0.746200039713512,0.297,0.179,3.7264645598825e-07,"18","MAP4K1"
1.91677669927442e-11,0.651720356009565,0.374,0.246,3.77470835388111e-07,"18","PTGER2"
1.9372519839604e-11,0.796444599556524,0.319,0.203,3.81503033201321e-07,"18","ARHGAP25"
3.67865309770969e-11,0.780433197527778,0.405,0.279,7.24437154531969e-07,"18","HIST1H1D"
4.45459864097491e-11,0.608439183106919,0.389,0.259,8.7724411036719e-07,"18","DENND2D"
4.73248295695241e-11,0.549995645979972,0.476,0.338,9.31967868712639e-07,"18","TMC6"
5.40618843645794e-11,0.64965821274133,0.38,0.252,1.06464068879166e-06,"18","IMP3"
1.13665357881145e-10,0.716585724130486,0.313,0.198,2.23841189275339e-06,"18","TMCO1"
1.43787533180011e-10,0.893093586083938,0.262,0.159,2.83160789091395e-06,"18","ANTKMT"
1.55336635641198e-10,0.647263987837656,0.344,0.224,3.0590443656821e-06,"18","NDUFA5"
1.81284171667813e-10,0.596331514258758,0.378,0.251,3.57002919265424e-06,"18","SLC3A2"
3.25302737969797e-10,0.659501872610215,0.348,0.23,6.40618681883922e-06,"18","HMGN4"
3.30740836928609e-10,0.785148543449119,0.305,0.197,6.5132793016351e-06,"18","SURF4"
4.20250563664843e-10,0.615048643623213,0.413,0.289,8.27599435025174e-06,"18","CASP4"
4.88815172193714e-10,0.578091918568326,0.421,0.295,9.62623718601081e-06,"18","RNF167"
4.91954075464972e-10,0.863781183775287,0.256,0.156,9.68805160813169e-06,"18","ITCH"
5.61943411425072e-10,0.701670460658672,0.282,0.174,1.10663516011939e-05,"18","ABT1"
7.17352774939446e-10,0.759200598853724,0.28,0.175,1.41268281968825e-05,"18","DIP2A"
7.44703990441677e-10,0.701038396148438,0.278,0.172,1.4665455683768e-05,"18","PTGER4"
9.37728319776481e-10,0.646363697096353,0.389,0.271,1.84666838013582e-05,"18","SSBP4"
1.01655768862555e-09,0.676627605537022,0.284,0.178,2.0019070562103e-05,"18","DHX36"
1.14162654554059e-09,0.51351424216873,0.429,0.303,2.24820515613308e-05,"18","MAPK1IP1L"
1.44773293229242e-09,0.634206067300608,0.342,0.227,2.85102046356347e-05,"18","KDELR2"
1.55643741532997e-09,0.570291870726707,0.327,0.213,3.06509220200932e-05,"18","CDK2AP2"
1.94712540720697e-09,0.503148513005862,0.427,0.301,3.83447406441269e-05,"18","STRAP"
2.35235134810083e-09,0.617078198255208,0.339,0.227,4.63248550981496e-05,"18","CMTM3"
3.27332803327028e-09,0.699299174392634,0.27,0.169,6.44616489591917e-05,"18","EMC7"
3.43334429009868e-09,0.574768086661829,0.384,0.267,6.76128491049133e-05,"18","RNF126"
4.27364724196182e-09,0.605164351374367,0.321,0.211,8.41609351359541e-05,"18","GDI1"
4.64646554332604e-09,0.538915823054947,0.378,0.263,9.15028459447198e-05,"18","NUCB2"
4.65107984187432e-09,0.52993626189586,0.417,0.298,9.1593715326031e-05,"18","SPCS3"
4.9955900457528e-09,0.574236175449443,0.311,0.203,9.83781547710099e-05,"18","TRAC"
5.00493746294137e-09,0.594175481671151,0.384,0.272,9.85622334577044e-05,"18","SHFL"
6.23309658667126e-09,0.60675495892193,0.35,0.24,0.000122748371081317,"18","ORAI1"
6.27249696623784e-09,0.51065172552721,0.356,0.242,0.000123524282756122,"18","RABGAP1L"
7.08396201970926e-09,0.664891701611755,0.288,0.187,0.000139504464054135,"18","TMEM9B"
7.62464633342768e-09,0.622839328701128,0.299,0.195,0.000150152160244191,"18","ITGB1BP1"
9.37997180653581e-09,0.749603387601641,0.256,0.161,0.00018471978478611,"18","CTR9"
1.22095467805371e-08,0.633058895546285,0.272,0.173,0.000240442604749118,"18","BTN3A1"
1.5005689013772e-08,0.595889667075596,0.327,0.221,0.000295507033748212,"18","C5orf56"
1.71639380659167e-08,0.54346534986728,0.331,0.222,0.000338009432332098,"18","GOLGA7"
1.77064383976862e-08,0.6491793603239,0.292,0.191,0.000348692891365635,"18","CNOT6L"
1.79533173439904e-08,0.576122885944375,0.327,0.219,0.000353554678455203,"18","GOLGA4"
1.92495408476388e-08,0.5601141213031,0.331,0.224,0.00037908120791255,"18","RBBP7"
2.18300163623159e-08,0.652094554801289,0.288,0.189,0.000429898512223088,"18","LMAN1"
2.4942896458437e-08,0.518078673081877,0.399,0.285,0.000491200459956,"18","SLFN5"
2.50350047631194e-08,0.693891259923044,0.315,0.217,0.000493014348800111,"18","PRNP"
2.70903589949912e-08,0.64137800016741,0.315,0.216,0.000533490439688363,"18","GLS"
3.21679153428751e-08,0.542044644176679,0.294,0.193,0.00063348275684724,"18","PDE4B"
4.71229840941211e-08,0.600089116704874,0.401,0.288,0.000927992925765526,"18","JUN"
5.86392056730336e-08,0.582033961262954,0.297,0.198,0.00115478187731905,"18","NFATC3"
5.94793854216908e-08,0.512307002486421,0.37,0.263,0.00117132753710936,"18","NCBP2AS2"
6.48397126684587e-08,0.537704113917664,0.333,0.229,0.00127688846157996,"18","PHB"
6.50714419631894e-08,0.517913387003635,0.389,0.278,0.00128145190658109,"18","PPP3CC"
7.53839782862303e-08,0.651410445551996,0.329,0.232,0.00148453668439073,"18","IDH2"
8.72001252512532e-08,0.508134725329648,0.382,0.276,0.00171723206657293,"18","CDC25B"
9.26664286473879e-08,0.564592190211804,0.278,0.183,0.00182487997935301,"18","EHD1"
1.05939045320215e-07,0.74844050477592,0.26,0.172,0.00208625761949099,"18","LRBA"
1.40646740583819e-07,0.606998992158841,0.254,0.164,0.00276975626231715,"18","CBX4"
1.46442614489764e-07,0.555757067115059,0.288,0.193,0.00288389440714692,"18","PDIA4"
1.63949327497742e-07,0.512640278620664,0.391,0.289,0.00322865410641303,"18","SRI"
1.65571169863685e-07,0.514751558839212,0.395,0.292,0.00326059304812555,"18","TXNL4A"
1.73748766747922e-07,0.569662389024933,0.282,0.189,0.00342163446356684,"18","IFNGR1"
2.05904521718818e-07,0.532930503507838,0.335,0.237,0.00405487774620868,"18","TMED4"
2.11753896789602e-07,0.648961352768831,0.268,0.179,0.00417006948947763,"18","PPIH"
2.96381875426481e-07,0.591216284702968,0.309,0.216,0.00583664827277369,"18","BCL7C"
2.98709892417262e-07,0.522994196724236,0.327,0.23,0.00588249391137313,"18","CENPC"
2.99552199004837e-07,0.585390624032029,0.405,0.309,0.00589908145500225,"18","CORO7"
3.2941127803529e-07,0.621838638475193,0.278,0.188,0.00648709629834897,"18","NSMCE3"
3.66165552168992e-07,0.57381224598444,0.276,0.186,0.00721089821886395,"18","CCND2"
4.05607889055978e-07,0.510045129611889,0.362,0.264,0.00798763615917937,"18","FBXW5"
4.11452875627671e-07,0.604801160030455,0.294,0.204,0.00810274147973572,"18","EPS15"
4.44608054600623e-07,0.52718041018656,0.362,0.265,0.00875566641925006,"18","MAGOH"
5.65683622370526e-07,0.609218222175693,0.254,0.169,0.0111400075753428,"18","MOB4"
5.66938338571029e-07,0.534877817203058,0.258,0.17,0.0111647167014793,"18","RRP1B"
6.14196969056456e-07,0.512814104672399,0.325,0.23,0.0120953809116288,"18","DGCR6L"
6.79717503913764e-07,0.50906769976524,0.374,0.276,0.0133856768045738,"18","WNK1"
8.21874883702613e-07,0.57814963245616,0.256,0.17,0.0161851820847556,"18","VPS4A"
8.456245520811e-07,0.620044077170655,0.28,0.195,0.0166528843041331,"18","IER3IP1"
9.61306870320208e-07,0.530217815971586,0.307,0.216,0.0189310161972159,"18","BDP1"
1.20736710047947e-06,0.587593467021704,0.264,0.18,0.0237766803097422,"18","BCL7B"
1.33343319499524e-06,0.566749635118714,0.276,0.191,0.0262592999090412,"18","RGS14"
1.52388567024733e-06,0.545808273903134,0.254,0.17,0.0300098805041807,"18","PSENEN"
1.54076700374457e-06,0.504643210633217,0.313,0.223,0.0303423246047418,"18","ALKBH5"
1.55091564267297e-06,0.585237574135202,0.258,0.175,0.0305421817511588,"18","MAP4"
1.82710544291012e-06,0.563886150653925,0.28,0.195,0.0359811874872289,"18","ARIH1"
2.55573401529581e-06,0.561131387092654,0.262,0.18,0.0503300699632204,"18","CDC73"
2.69188596259117e-06,0.519230440036965,0.339,0.251,0.0530113102613079,"18","UFM1"
3.61320530399557e-06,0.559360348739182,0.252,0.172,0.0711548520515848,"18","GET3"
3.82805964951672e-06,0.53763375430661,0.272,0.19,0.0753859786779327,"18","MIA3"
4.23373380259786e-06,0.502048410920102,0.284,0.2,0.0833749197745597,"18","NDUFAF8"
6.63693983190463e-06,0.50896640618332,0.28,0.199,0.130701256109698,"18","STARD7"
6.82269809056905e-06,0.515374135769613,0.276,0.195,0.134359393497576,"18","FAM117A"
6.85389362195539e-06,0.525624487566672,0.309,0.227,0.134973727097167,"18","CEBPZ"
1.29835811549723e-05,0.541221915076346,0.252,0.176,0.255685663684869,"18","FAM177A1"
1.5878894583871e-05,0.514109099208357,0.27,0.192,0.312703071040172,"18","GRAMD1A"
2.09963519002407e-05,0.563414532562568,0.307,0.228,0.41348115797144,"18","GADD45B"
2.59508488072123e-05,0.511199945771689,0.252,0.178,0.511050065560432,"18","NGDN"
3.94463041260118e-05,0.555847992658701,0.264,0.194,0.77681606715355,"18","CCSER2"
4.10926603096817e-05,0.508719688132891,0.258,0.186,0.809237759478562,"18","API5"
4.11322139484524e-246,0.936901384220098,0.638,0.125,8.10016689286873e-242,"19","PPBP"
3.01264134943192e-230,1.0897050411812,0.462,0.067,5.93279460943628e-226,"19","TUBB1"
5.21116691742207e-204,1.25850810154747,0.458,0.073,1.02623510104793e-199,"19","CAVIN2"
2.75534475016567e-198,0.947272161284433,0.431,0.066,5.42610041650126e-194,"19","GP1BB"
2.18573359212412e-189,1.14193268692349,0.447,0.074,4.30436516297003e-185,"19","PF4"
6.07234659887605e-186,1.30354102001149,0.418,0.066,1.19582721571666e-181,"19","SPARC"
6.37208219654026e-186,1.05685720751,0.418,0.066,1.25485414696467e-181,"19","GNG11"
4.79684415889126e-157,1.43147780129323,0.438,0.084,9.44642520210455e-153,"19","CLU"
1.38029580738949e-154,1.40643967684042,0.331,0.05,2.71821653349213e-150,"19","MYL9"
1.44634375770237e-146,0.883972553332835,0.573,0.15,2.84828476204328e-142,"19","NRGN"
3.8727179647712e-121,1.02556702320057,0.32,0.057,7.62654348802392e-117,"19","MPIG6B"
2.5269702258631e-99,0.876460472490828,0.255,0.043,4.97636246579219e-95,"19","ITGA2B"
7.78511535067799e-91,0.657738583983441,0.257,0.047,1.53312276600902e-86,"19","GP9"
1.76493307983527e-83,0.811763729037823,0.305,0.069,3.4756827141196e-79,"19","PRKAR2B"
1.61808696717097e-75,0.89790769299704,0.355,0.095,3.18649866444979e-71,"19","F13A1"
9.10862737593902e-66,0.85917895652257,1,0.997,1.79376198914367e-61,"19","MT-CYB"
6.17842243838569e-60,1.01918954690737,0.998,0.985,1.21671673079129e-55,"19","MT-ND4L"
3.95737782276791e-57,1.01543267787487,0.989,0.989,7.79326414637685e-53,"19","MT-ND3"
1.85516060194733e-55,0.931480623408065,0.338,0.109,3.65336777341487e-51,"19","HIST1H2AC"
1.99157856777245e-53,1.40599219827926,0.259,0.071,3.92201567351429e-49,"19","MAP3K7CL"
1.60634717923461e-52,0.828313024555392,0.978,0.94,3.16337950006672e-48,"19","MT-ATP8"
1.92233726620226e-48,0.73577284042314,1,0.999,3.78565877833211e-44,"19","MT-CO3"
1.99398509078034e-46,0.708369331314032,1,1,3.92675483927371e-42,"19","MT-CO2"
1.28841770264041e-40,0.630538197116802,0.985,0.96,2.53728098180975e-36,"19","MT-ND2"
1.12434465442385e-38,0.73970640795845,0.998,0.994,2.21417192795689e-34,"19","MT-ATP6"
3.86102471686342e-35,0.578270405119243,0.996,0.985,7.60351597491913e-31,"19","MT-ND5"
1.15417595858925e-28,0.608961984776306,0.991,0.983,2.27291871524981e-24,"19","MT-ND1"
2.23307224886202e-26,0.922167622414877,0.255,0.103,4.39758917968397e-22,"19","PGRMC1"
1.57691521154034e-17,0.82767963340551,0.878,0.789,3.10541912608639e-13,"19","MT-ND6"
1.64449586832209e-17,0.517253619633729,0.819,0.678,3.2385057134867e-13,"19","PCBP2"
4.42491715271308e-17,0.521552329684856,0.617,0.478,8.71398934883787e-13,"19","RGS10"
9.6996105595208e-17,0.757288643724934,0.285,0.148,1.91014430748643e-12,"19","BEX3"
1.19072427725472e-12,0.540552708134057,0.377,0.249,2.34489331919772e-08,"19","LIMS1"
1.67580630485739e-12,0.553214418725954,0.597,0.458,3.30016535615567e-08,"19","GIMAP7"
2.28607377967663e-11,0.593980172713647,0.272,0.158,4.50196509431718e-07,"19","RNF11"
6.25719343720047e-11,0.553856811378041,0.481,0.345,1.23222910358789e-06,"19","PRKCQ-AS1"
1.34423241021699e-10,0.524703248454257,0.301,0.188,2.64719688544032e-06,"19","GRAP2"
2.27652674239636e-09,0.521850059166197,0.444,0.312,4.48316411380115e-05,"19","MAL"
4.56923744039839e-08,0.581252585690836,0.355,0.251,0.000899819929137655,"19","LDLRAP1"
7.20634178284149e-06,0.530243122793761,0.301,0.217,0.141914488729498,"19","SERINC5"
0.00305878528583935,0.550509796758591,0.255,0.206,1,"19","MAPKAPK5-AS1"
0,7.50247418634063,0.981,0.032,0,"20","PLD4"
0,8.81001696523312,0.933,0.009,0,"20","SERPINF1"
0,6.40726426291164,0.968,0.045,0,"20","TCF4"
0,5.76338410173611,0.955,0.033,0,"20","JCHAIN"
0,9.82060769412204,0.923,0.005,0,"20","LILRA4"
0,6.23976276207923,0.987,0.084,0,"20","ITM2C"
0,5.91990489934848,0.962,0.06,0,"20","CCDC50"
0,5.05500016539838,0.914,0.035,0,"20","IGKC"
0,5.45598162617582,0.978,0.106,0,"20","IRF8"
0,6.5412845484101,0.891,0.02,0,"20","MZB1"
0,8.10242840686058,0.875,0.008,0,"20","IL3RA"
0,5.66271814228556,0.895,0.033,0,"20","SPIB"
0,5.51391935693488,0.949,0.097,0,"20","UGCG"
0,8.48202686978944,0.834,0.007,0,"20","TPM2"
0,11.2477674611863,0.824,0.001,0,"20","CLEC4C"
0,6.4619530174851,0.837,0.017,0,"20","GAS6"
0,4.73437009513851,0.872,0.052,0,"20","NIBAN3"
0,5.2115082736103,0.847,0.04,0,"20","BCL11A"
0,5.39100796961699,0.974,0.172,0,"20","IRF7"
0,7.2677776528826,0.802,0.01,0,"20","DERL3"
0,4.54165981506107,0.968,0.18,0,"20","APP"
0,4.09311104276018,0.914,0.13,0,"20","GZMB"
0,12.3469579510913,0.78,0,0,"20","LRRC26"
0,5.45127118932896,0.805,0.037,0,"20","IRF4"
0,5.13335477405922,0.911,0.144,0,"20","PPP1R14B"
0,5.40563320819533,0.789,0.03,0,"20","TSPAN13"
0,4.67725452441706,0.805,0.053,0,"20","LILRB4"
0,3.65384613920121,0.863,0.112,0,"20","TGFBI"
0,3.57993043356453,0.856,0.107,0,"20","CLIC3"
0,3.97094577533995,0.891,0.142,0,"20","CYB561A3"
0,3.33936405208025,0.875,0.139,0,"20","MPEG1"
0,4.09844643383826,0.808,0.076,0,"20","RNASE6"
0,4.75853085418628,0.783,0.057,0,"20","SOX4"
0,7.25265149386034,0.735,0.009,0,"20","SMPD3"
0,3.42629175975469,0.827,0.113,0,"20","CCDC88A"
0,4.57769093771727,0.732,0.021,0,"20","PTCRA"
0,3.08371566300085,0.805,0.108,0,"20","GSN"
0,11.9934216835717,0.696,0,0,"20","SCT"
0,4.86431678812097,0.728,0.033,0,"20","BLNK"
0,8.34038372079738,0.696,0.003,0,"20","PTPRS"
0,4.17498696582978,0.76,0.076,0,"20","RUNX2"
0,9.23670117735799,0.684,0.002,0,"20","TNFRSF21"
0,5.54695816428268,0.703,0.026,0,"20","TRAF4"
0,5.42335111476824,0.7,0.024,0,"20","LGMN"
0,3.81448700328859,0.77,0.104,0,"20","FCHSD2"
0,8.32978420765413,0.665,0.003,0,"20","DNASE1L3"
0,3.70117861540456,0.77,0.108,0,"20","UNC93B1"
0,5.73639330798862,0.677,0.022,0,"20","ZFAT"
0,3.57193118463701,0.735,0.08,0,"20","SULF2"
0,5.66424944854542,0.661,0.014,0,"20","MAP1A"
0,3.9980591341702,0.732,0.094,0,"20","SLC15A4"
0,5.11018442601185,0.658,0.025,0,"20","PHACTR1"
0,3.88947504058306,0.706,0.073,0,"20","IDH3A"
0,8.33482419545548,0.629,0.003,0,"20","LINC00996"
0,7.84179949299004,0.629,0.004,0,"20","TLR9"
0,4.06196080294345,0.681,0.062,0,"20","CXCR3"
0,4.89503257396952,0.629,0.028,0,"20","COBLL1"
0,3.90718404786965,0.649,0.056,0,"20","GAPT"
0,3.77291273291163,0.649,0.056,0,"20","TXNDC5"
0,7.97336773638148,0.581,0.003,0,"20","SCAMP5"
0,7.53778285969855,0.581,0.004,0,"20","PACSIN1"
0,2.39325038673404,0.639,0.064,0,"20","IGHM"
0,3.85610168421173,0.613,0.043,0,"20","RUBCNL"
0,4.18821962126535,0.601,0.043,0,"20","ST6GALNAC4"
0,3.60625577544645,0.617,0.062,0,"20","C12orf45"
0,4.55238097077145,0.562,0.029,0,"20","CBFA2T3"
0,5.08428363778333,0.55,0.019,0,"20","ST14"
0,4.28717327144851,0.559,0.034,0,"20","SLC7A5"
0,3.64822490612224,0.546,0.035,0,"20","DAB2"
0,8.15511817322058,0.508,0.002,0,"20","PPM1J"
0,12.0646829031274,0.502,0,0,"20","SHD"
0,3.89337571468409,0.537,0.042,0,"20","PTMS"
0,3.72484867162465,0.54,0.05,0,"20","SLC1A5"
0,6.08563833475297,0.489,0.009,0,"20","LINC02812"
0,8.21988842861082,0.482,0.002,0,"20","SCN9A"
0,4.01465760696413,0.514,0.035,0,"20","WDFY4"
0,3.68894027491287,0.518,0.042,0,"20","GNG7"
0,4.03497395430007,0.505,0.029,0,"20","BCL7A"
0,4.69594434902688,0.498,0.024,0,"20","GRAMD1B"
0,8.02312077157858,0.476,0.002,0,"20","LAMP5"
0,9.81786179485213,0.466,0.001,0,"20","EPHB1"
0,4.19507980163793,0.489,0.032,0,"20","CSF2RB"
0,4.48899281960482,0.473,0.025,0,"20","AEBP1"
0,9.9386023182208,0.441,0,0,"20","KCNK17"
0,6.36760062052102,0.447,0.007,0,"20","CIB2"
0,4.69659763452571,0.46,0.023,0,"20","PRXL2A"
0,4.95094644167368,0.441,0.014,0,"20","FLT3"
0,8.82254283413371,0.409,0.001,0,"20","AC023590.1"
0,4.70500776141101,0.422,0.018,0,"20","MYO1E"
0,10.6912245076,0.403,0,0,"20","P3H2"
0,4.2554313703909,0.415,0.014,0,"20","SMIM5"
0,5.2809843552434,0.412,0.012,0,"20","P2RY14"
0,4.0251067063531,0.425,0.03,0,"20","FUT7"
0,4.70433458992624,0.415,0.021,0,"20","TMEM8B"
0,7.76963051423145,0.393,0.002,0,"20","SLC35F3"
0,8.68488831399022,0.393,0.002,0,"20","RASD1"
0,7.25347565557421,0.393,0.003,0,"20","MYBL2"
0,5.05956877143078,0.399,0.012,0,"20","LHFPL2"
0,4.01845562591001,0.409,0.026,0,"20","MILR1"
0,4.63126175955648,0.393,0.017,0,"20","MYCL"
0,6.0606031472019,0.399,0.028,0,"20","PTGDS"
0,5.00841468348068,0.383,0.013,0,"20","PMEPA1"
0,4.26654689278722,0.387,0.026,0,"20","TNNI2"
0,12.1140555165987,0.355,0,0,"20","AC097375.1"
0,8.74227622305044,0.355,0.001,0,"20","CYP46A1"
0,3.74140477648069,0.361,0.012,0,"20","FCER1A"
0,5.57884940540945,0.355,0.008,0,"20","PFKFB2"
0,10.5176882526053,0.342,0,0,"20","ASIP"
0,5.0315344437916,0.345,0.011,0,"20","TLR7"
0,8.28380019243101,0.332,0.001,0,"20","NRP1"
0,7.31856561059169,0.332,0.002,0,"20","AC007381.1"
0,6.76691685891405,0.332,0.003,0,"20","SERPINF2"
0,4.8042002540119,0.342,0.014,0,"20","SCARB1"
0,4.79448186736754,0.345,0.02,0,"20","PNOC"
0,4.18234301526445,0.345,0.02,0,"20","PPP1R14A"
0,6.04083731961486,0.326,0.005,0,"20","NOTCH4"
0,12.0201885931345,0.319,0,0,"20","AL513493.1"
0,4.81746033730402,0.329,0.012,0,"20","LTK"
0,7.12133531659137,0.316,0.003,0,"20","CCDC183"
0,8.45614984229615,0.31,0.001,0,"20","PHEX"
0,4.54474726482971,0.304,0.014,0,"20","TTC24"
0,7.84224500605326,0.288,0.001,0,"20","AC004846.1"
0,5.30545244630501,0.291,0.007,0,"20","CCDC189"
0,10.3827586725192,0.281,0,0,"20","PROC"
0,9.56831432567525,0.281,0,0,"20","PLVAP"
0,7.76922701960125,0.278,0.001,0,"20","FAM160A1"
0,5.45614984229615,0.281,0.007,0,"20","PLXNA4"
0,6.37360823373224,0.272,0.003,0,"20","AL096865.1"
0,10.1403211712925,0.265,0,0,"20","LINC01226"
0,4.56274949685977,0.275,0.012,0,"20","CUEDC1"
0,6.47550380597301,0.265,0.003,0,"20","GPM6B"
0,10.9733677363815,0.256,0,0,"20","SLC12A3"
0,5.79606320457357,0.259,0.004,0,"20","PTK7"
0,9.71033333054768,0.252,0,0,"20","CUX2"
5.72226831013332e-320,3.70519700303051,0.661,0.081,1.12688629831455e-315,"20","OPN3"
7.17432971358897e-316,4.12964042465891,0.355,0.023,1.41284075049708e-311,"20","TUBB6"
6.46988457283495e-313,3.71118422708718,0.812,0.134,1.27411436892839e-308,"20","MAPKAPK2"
2.49175132546701e-312,3.41032227691792,0.818,0.135,4.90700588524218e-308,"20","STMN1"
7.32711047924317e-309,3.72601612037217,0.652,0.081,1.44292786667736e-304,"20","DUSP5"
1.73424615449419e-308,3.4896321941421,0.76,0.112,3.4152509520454e-304,"20","RPS6KA4"
7.30225419736172e-308,3.56955467476489,0.569,0.06,1.43803291908644e-303,"20","FLNB"
1.34928717673521e-304,4.34799096721441,0.256,0.012,2.65715123714465e-300,"20","GAB1"
1.11867373309407e-298,3.95263629479739,0.364,0.025,2.20300418258216e-294,"20","ABHD15"
8.56233099646191e-296,3.98857260799281,0.335,0.022,1.68617984313324e-291,"20","NREP"
6.29526432464308e-295,3.50804848265981,0.927,0.208,1.23972640345196e-290,"20","C12orf75"
2.34621668382498e-283,3.70817522238027,0.431,0.037,4.62040451545654e-279,"20","CLN8"
8.29727509397825e-282,4.42231787115045,0.259,0.014,1.63398238425714e-277,"20","CLCN5"
3.77207504296484e-279,2.41792822387024,0.888,0.154,7.42834738211066e-275,"20","HLA-DQA1"
4.40109258216793e-279,3.44906071487105,0.824,0.155,8.6670716220633e-275,"20","SELENOS"
1.59061215142778e-275,3.42881950410623,0.489,0.049,3.13239250980672e-271,"20","MGST2"
1.57173225757812e-269,3.45901243663597,0.703,0.109,3.0952123348486e-265,"20","RRBP1"
4.7853798115964e-269,3.66133495936885,0.514,0.056,9.42384846297679e-265,"20","ATP13A2"
4.986838557034e-268,3.48721538993978,0.518,0.057,9.82058117036706e-264,"20","ZDHHC17"
5.81585223107872e-266,4.01756754029201,0.345,0.026,1.14531577986633e-261,"20","MMP23B"
2.757281422707e-265,3.6324431473541,0.441,0.041,5.4299143057369e-261,"20","KCTD5"
7.83681614676382e-263,4.11528201220294,0.256,0.014,1.5433042037822e-258,"20","SERPING1"
2.98172684538355e-262,3.48099484359837,0.546,0.065,5.87191467661382e-258,"20","PLAAT3"
2.51997015839196e-259,2.95242447640898,0.607,0.078,4.96257723292129e-255,"20","CORO1C"
3.70692648571744e-259,3.63784782351398,0.364,0.029,7.30005032832336e-255,"20","SLC9A7"
2.76842746961313e-258,2.98809502212803,0.853,0.17,5.45186421590914e-254,"20","PTPRE"
2.24729398683168e-254,2.62767389749283,0.633,0.083,4.42559604826762e-250,"20","AFF3"
2.62603184856558e-253,3.3173857723403,0.546,0.066,5.17144451938019e-249,"20","ATG101"
5.42276036990715e-253,3.58171649741528,0.728,0.13,1.06790419964581e-248,"20","VEGFB"
7.51975865369612e-250,3.37676567991471,0.457,0.047,1.48086607167238e-245,"20","CSF2RA"
9.78191042723452e-248,3.69988654311257,0.358,0.029,1.92635162043529e-243,"20","SCRN1"
2.50041647643677e-247,3.43290843386814,0.454,0.047,4.92407016704693e-243,"20","GNA15"
5.53630921031574e-246,3.77147682486979,0.339,0.026,1.09026537278748e-241,"20","TEX2"
2.781442739877e-245,3.13240103189406,0.684,0.108,5.47749518763977e-241,"20","SEL1L3"
3.68886167526972e-245,3.74715756145772,0.342,0.027,7.26447529710866e-241,"20","CHAF1A"
2.16018924551099e-243,3.30909067798944,0.677,0.108,4.25406068118479e-239,"20","CD2AP"
3.18102147446296e-242,2.65583068807174,0.786,0.14,6.2643855896599e-238,"20","MEF2C"
6.93120574610945e-236,3.34192658493035,0.486,0.056,1.36496234758133e-231,"20","NPC1"
1.34961604968132e-234,3.24294651313046,0.927,0.275,2.65779888663742e-230,"20","HERPUD1"
3.27691545387939e-233,3.98044983451411,0.268,0.018,6.45322960332467e-229,"20","CMKLR1"
3.6809136535625e-231,3.42868364489451,0.923,0.292,7.24882325796063e-227,"20","ALOX5AP"
1.28077740913891e-230,3.30666823006561,0.498,0.06,2.52223495181726e-226,"20","SNRNP25"
1.46570766713175e-229,3.73268996201728,0.335,0.028,2.88641810888255e-225,"20","ALCAM"
6.15867321685646e-229,3.72327238625518,0.351,0.03,1.21282751659554e-224,"20","MCOLN2"
1.22934853314763e-221,2.49452138387051,0.891,0.204,2.42095606632762e-217,"20","HLA-DMA"
2.25334001032836e-221,2.92043377682518,0.847,0.207,4.43750248233963e-217,"20","IGFLR1"
6.23346946399311e-220,3.57003349821465,0.345,0.03,1.22755714154416e-215,"20","LRRK1"
2.07741335561673e-216,3.99151508309174,0.262,0.018,4.09105012121603e-212,"20","ZDHHC14"
7.48480218037508e-216,3.03722017209551,0.955,0.348,1.47398209338126e-211,"20","PLAC8"
1.06025102520863e-212,2.7651952655822,0.665,0.112,2.08795234394336e-208,"20","CXXC5"
4.7813905980051e-211,3.94817782792018,0.256,0.018,9.41599250465145e-207,"20","UCK2"
7.1782794262742e-211,2.53195759847724,0.923,0.249,1.41361856741618e-206,"20","GRN"
8.48185926924707e-210,3.17505795392688,0.946,0.343,1.67033254589283e-205,"20","NPC2"
1.03625592603301e-205,3.14717520014487,0.479,0.061,2.0406987951368e-201,"20","SUSD1"
9.40955472131888e-205,3.01791699938918,0.783,0.178,1.85302361126933e-200,"20","OFD1"
1.59720929118394e-204,2.19212158065458,0.84,0.174,3.14538425712853e-200,"20","CD68"
1.93198101323944e-204,3.52354131328359,0.355,0.034,3.80465020937243e-200,"20","KMO"
2.21174870549897e-204,3.20949603924114,0.486,0.063,4.35559672573913e-200,"20","ADAM19"
1.18055184817668e-202,3.62572589852415,0.319,0.028,2.32486075461434e-198,"20","AHI1"
3.0612353303833e-201,2.99152527395504,0.968,0.472,6.02849073612383e-197,"20","SEC61B"
1.47669848061123e-199,2.20384258802313,0.984,0.3,2.9080623178677e-195,"20","HLA-DRA"
8.78498100232988e-197,3.32511899092635,0.47,0.062,1.73002630878882e-192,"20","ASPH"
1.35703207451979e-196,2.99992594786435,0.546,0.082,2.67240326435181e-192,"20","SMC6"
1.11112849953323e-195,3.36592736744962,0.342,0.033,2.18814535413079e-191,"20","ST3GAL4"
5.67193972529602e-193,2.74722783517261,0.626,0.108,1.11697509010255e-188,"20","TSPAN3"
6.9609646840348e-187,3.04824858503811,0.419,0.051,1.37082277522697e-182,"20","ARID3A"
5.94993693659518e-186,3.14434686644233,0.419,0.051,1.17172108092369e-181,"20","DAPK1"
1.24722554079572e-185,1.99363043173724,0.978,0.261,2.456161257489e-181,"20","CST3"
1.22994416746112e-182,3.12967096726015,0.425,0.054,2.42212904898119e-178,"20","CNP"
7.14564005043967e-182,3.4545528698093,0.339,0.035,1.40719089513308e-177,"20","CCR2"
4.10349953261186e-179,2.37383293524467,0.703,0.141,8.08102162957253e-175,"20","HLA-DMB"
2.70018913199853e-178,2.46352655043636,0.61,0.105,5.31748245764472e-174,"20","ALDH2"
4.93462528239618e-177,2.72211753725144,0.661,0.131,9.71775756862279e-173,"20","CCDC186"
9.05126254791868e-177,2.37026875265844,0.821,0.207,1.78246513356163e-172,"20","CAPG"
6.22914596181343e-175,2.51215558194062,0.863,0.263,1.22670571425992e-170,"20","MAN2B1"
1.40758452610723e-174,2.20449000718334,0.968,0.359,2.77195620726297e-170,"20","HLA-DPA1"
3.57472047260162e-174,2.93820386971616,0.709,0.167,7.03969702669436e-170,"20","HIGD1A"
6.32126226197801e-172,2.95244708475438,0.441,0.06,1.24484617725133e-167,"20","SLAMF7"
2.85923780119673e-170,2.96639655201743,0.527,0.087,5.63069700189673e-166,"20","SCARB2"
3.0901995167061e-168,2.34592190433881,0.706,0.15,6.08552990824932e-164,"20","SYK"
1.10495005583496e-165,2.77157468127612,0.518,0.084,2.17597814495578e-161,"20","ADA"
1.39937553805992e-164,3.13517229712229,0.403,0.053,2.75579024710139e-160,"20","FMNL3"
2.48763272972275e-164,2.62161492481407,1,0.828,4.89889513464302e-160,"20","CD74"
5.67374815699344e-164,3.53062730831279,0.275,0.026,1.11733122455672e-159,"20","MYL6B"
2.82267367302764e-163,2.85550724617011,0.521,0.088,5.55869126429334e-159,"20","EIF2AK4"
8.3254670426716e-163,3.06392272875208,0.406,0.054,1.63953422471332e-158,"20","LINC02245"
1.30371589359716e-162,1.88578498300765,0.978,0.348,2.56740770926089e-158,"20","HLA-DRB1"
6.33948486483006e-162,2.51178536996214,0.875,0.307,1.24843475443098e-157,"20","CTSC"
2.72881066755386e-161,2.00451730813609,0.958,0.362,5.37384684761381e-157,"20","HLA-DPB1"
2.92441382899636e-159,2.78201135440765,0.498,0.081,5.75904815344252e-155,"20","FEZ2"
5.53123123955558e-159,2.84004715276362,0.419,0.058,1.08926536800568e-154,"20","CDCA7L"
6.73509303995145e-159,3.019456966825,0.412,0.057,1.32634187235764e-154,"20","TBC1D4"
2.11264074380241e-157,3.29755180520921,0.304,0.032,4.16042341677008e-153,"20","CDH23"
2.3034912572253e-157,1.86116172127786,0.952,0.305,4.53626533285378e-153,"20","FCER1G"
9.03127279810561e-157,2.26195501818619,0.866,0.271,1.77852855213094e-152,"20","CTSB"
5.01719961132321e-156,2.44663327758174,0.431,0.061,9.88037119457879e-152,"20","SMIM3"
1.61367568716068e-155,2.3449412239487,0.911,0.395,3.17781153072552e-151,"20","PLP2"
2.66260649994316e-155,1.77153239556051,0.875,0.242,5.24347098033807e-151,"20","HLA-DQB1"
2.49009646627861e-151,2.90128450781305,0.415,0.06,4.90374697104246e-147,"20","SPNS3"
2.50942202541452e-150,2.18648033252057,0.764,0.195,4.94180479464882e-146,"20","JAML"
2.61376719951364e-150,2.70757851771735,0.629,0.139,5.14729174600221e-146,"20","SFT2D2"
1.15324365674807e-149,2.35748872241688,0.77,0.209,2.27108273323398e-145,"20","CTSZ"
1.41742585522349e-149,3.3601161912289,0.288,0.03,2.79133673669162e-145,"20","PDXP"
1.51384936195748e-149,2.16222392642283,0.824,0.24,2.98122354850287e-145,"20","RNF130"
3.47254791432546e-149,3.26822758807067,0.284,0.03,6.83848860768112e-145,"20","ADGRG5"
1.20766483629077e-148,2.65619317146475,0.556,0.107,2.37825436210741e-144,"20","EIF4A3"
3.6326189740924e-148,3.3625470677393,0.268,0.027,7.15371654568016e-144,"20","TP53I11"
4.94149397380223e-148,2.47732827273857,0.661,0.152,9.73128408260873e-144,"20","LAIR1"
2.73536572907456e-147,3.36734362013249,0.275,0.028,5.38675573026652e-143,"20","E2F5"
1.34006960257071e-146,2.38529038369634,0.716,0.177,2.63899906834251e-142,"20","PPM1K"
1.67654025817308e-145,3.15191261727902,0.361,0.048,3.30161073042025e-141,"20","ST3GAL2"
3.33028272270923e-145,3.16859135842565,0.288,0.031,6.55832576583129e-141,"20","HIP1"
1.2496169424121e-144,1.87064318543368,0.767,0.184,2.46087064469214e-140,"20","CYBB"
1.48528111649559e-144,2.08348204747707,0.923,0.385,2.92496410271477e-140,"20","CNPY3"
7.17092657119505e-144,3.1315886935153,0.824,0.312,1.41217056966544e-139,"20","TXN"
2.00590701179016e-143,2.30208331581455,0.927,0.558,3.95023267831836e-139,"20","HSP90B1"
5.99840442018811e-143,2.81153414729271,0.412,0.062,1.18126578246764e-138,"20","UBE2E2"
7.24404519940107e-143,2.44893966092468,0.681,0.167,1.42656982111805e-138,"20","ETV6"
1.36588294519637e-141,2.3098468483096,0.78,0.237,2.68983328397521e-137,"20","UBE2J1"
4.29330037456294e-141,2.46455428368267,0.681,0.171,8.45479642762679e-137,"20","PARP10"
2.36622815664076e-140,1.9260025236614,0.974,0.721,4.65981310887266e-136,"20","PPIB"
9.41635131802339e-140,2.24804959557939,0.834,0.266,1.85436206505835e-135,"20","PLEK"
1.10034511693814e-139,3.66864595690045,0.355,0.049,2.16690963878628e-135,"20","TCL1A"
1.9749082488226e-138,2.26009961303034,0.923,0.507,3.88918681440634e-134,"20","SPCS1"
2.68836675871589e-138,2.81347019522676,0.399,0.06,5.2942006579392e-134,"20","FABP5"
4.70690359307599e-137,1.87914917273991,0.895,0.313,9.26930524584455e-133,"20","NCF1"
5.87738607148965e-134,2.3870700249765,0.562,0.116,1.15743363905846e-129,"20","CARD11"
3.50166240996677e-133,1.72198610314493,0.518,0.096,6.89582378394756e-129,"20","PARVB"
5.07436001659038e-133,2.32315480484207,0.792,0.25,9.99293718067143e-129,"20","CD4"
1.36922476738193e-132,2.37133172230138,0.297,0.035,2.69641433440523e-128,"20","MGLL"
7.78352009887583e-132,2.29545801383782,0.617,0.14,1.53280861307162e-127,"20","STX7"
1.56904301052043e-131,2.1539944472098,0.645,0.148,3.08991640061788e-127,"20","MS4A6A"
3.06011678885594e-131,2.50336249132695,0.652,0.167,6.02628799229401e-127,"20","ERN1"
4.66537565671628e-131,2.43980438816696,0.62,0.147,9.18752428077136e-127,"20","CHD9"
7.01592151597711e-129,2.36660732518498,0.671,0.177,1.38164542414137e-124,"20","FKBP2"
3.42319119960607e-128,2.392533121283,0.585,0.131,6.74129042938422e-124,"20","MLEC"
7.20457169800424e-128,2.76949540301583,0.39,0.061,1.41879630448797e-123,"20","ALG2"
8.79929112620538e-128,2.50045849397186,0.486,0.091,1.73284440148363e-123,"20","DDAH2"
1.6143466575145e-127,1.86842086953004,0.773,0.22,3.17913287264331e-123,"20","LYN"
4.59990594713966e-127,2.21469922628687,0.728,0.213,9.05859478170212e-123,"20","SPINT2"
8.18972609256117e-127,2.68141242360116,0.47,0.087,1.61280275940807e-122,"20","HYOU1"
2.25643816619642e-126,2.49301294746096,0.441,0.076,4.4436036806906e-122,"20","PLXNB2"
2.89584823343116e-126,2.58278693137592,0.441,0.077,5.70279392609599e-122,"20","CIITA"
6.00492736290096e-126,2.33734027548839,0.735,0.228,1.18255034557609e-121,"20","PHB"
1.37593153583271e-125,2.88652447643372,0.367,0.056,2.70962197351536e-121,"20","POLB"
6.45563729159979e-125,2.36582195029319,0.524,0.107,1.27130865183475e-120,"20","SMIM14"
1.02389406968856e-124,2.37960712117594,0.623,0.155,2.01635459143769e-120,"20","ERCC1"
1.3680429795704e-124,1.9084760717273,0.936,0.489,2.69408703966799e-120,"20","RNASET2"
2.83615907501905e-124,2.98202953732383,0.332,0.046,5.58524806643501e-120,"20","SHTN1"
1.4253808653124e-122,1.76631759031025,0.741,0.202,2.80700253805972e-118,"20","HLA-DRB5"
2.96933912942014e-122,3.13356465735824,0.281,0.035,5.84751954756709e-118,"20","ARHGAP31"
4.50330445036572e-122,1.97999465673626,0.907,0.49,8.8683574541052e-118,"20","VAMP8"
7.43878389876472e-122,2.72451186528922,0.53,0.117,1.46491971318374e-117,"20","SLC20A1"
1.61780642846923e-121,2.31717148571327,0.687,0.197,3.18594619958446e-117,"20","CAT"
2.55942740571436e-120,1.55420151771488,0.994,0.839,5.04028039007329e-116,"20","CYBA"
4.16641892781292e-120,2.44257464518253,0.604,0.152,8.20492879454199e-116,"20","MIF4GD"
5.19754875178666e-120,1.50815103899713,0.99,0.795,1.02355327568935e-115,"20","TAGLN2"
6.1276593680857e-119,2.39266792529856,0.438,0.079,1.20671995935712e-114,"20","FES"
1.06561552793152e-118,2.34459414117983,0.495,0.1,2.09851665915554e-114,"20","USF2"
1.74454095829979e-118,2.76922701960125,0.297,0.039,3.43552450917978e-114,"20","HLA-DOA"
1.81394183463466e-117,2.79128085013766,0.351,0.054,3.57219565494604e-113,"20","MAP2K6"
2.23238056156339e-117,3.09957482894919,0.272,0.033,4.39622703988678e-113,"20","HS3ST3B1"
4.84423043805127e-117,2.28628731064628,0.534,0.116,9.53974300165437e-113,"20","PIK3AP1"
1.3039664643501e-116,2.60215167881827,0.457,0.089,2.56790115824466e-112,"20","STT3A"
1.76161203596086e-116,2.48271738713346,0.527,0.118,3.46914258241772e-112,"20","REPIN1"
1.10622039127317e-115,2.50929853869261,0.419,0.075,2.17847981653426e-111,"20","SLC39A6"
2.09672927846322e-115,2.2578315717221,0.668,0.189,4.12908896807762e-111,"20","CYTH4"
1.81715428399735e-113,1.98752232212895,0.741,0.228,3.57852193147598e-109,"20","FCGRT"
1.93955005663098e-113,2.52911567351252,0.409,0.073,3.8195559265234e-109,"20","SNX18"
3.60695536455351e-112,2.46940495777381,0.556,0.135,7.10317719941523e-108,"20","TP53I13"
1.00029870519424e-111,2.57494674780985,0.419,0.078,1.96988824013903e-107,"20","SCAMP4"
1.21752717913467e-111,1.78185790403355,0.565,0.125,2.3976762738699e-107,"20","CD36"
1.7527212891035e-111,1.64922466962233,0.942,0.67,3.45163403463152e-107,"20","SSR4"
2.17585599675381e-111,2.67784972262378,0.364,0.06,4.28491321440729e-107,"20","TMEM19"
6.25171638463985e-111,2.15117430534824,0.569,0.136,1.23115050762713e-106,"20","NADK"
1.10358985393596e-110,2.55852312366497,0.447,0.088,2.17329949935608e-106,"20","SH2B3"
2.95998790447117e-110,2.27172363293452,0.754,0.277,5.82910418027507e-106,"20","TM9SF2"
7.04506049242596e-109,2.19652924084694,0.594,0.152,1.38738376277344e-104,"20","A1BG"
8.82702374424787e-109,2.37314124014849,0.581,0.151,1.73830578595473e-104,"20","NGLY1"
1.52792164240263e-108,2.74970756888183,0.428,0.084,3.00893609038351e-104,"20","ZNRF2"
2.24839556062606e-107,2.58258918845891,0.374,0.065,4.4277653775409e-103,"20","CDYL"
1.17959297852788e-105,3.0251067063531,0.256,0.033,2.32297245261496e-101,"20","STK11IP"
1.55249806308912e-105,2.52995052683915,0.326,0.05,3.05733443564141e-101,"20","P2RX1"
7.80750224809463e-105,1.98089202602016,0.687,0.21,1.53753141771728e-100,"20","COMT"
1.81953750830937e-104,2.25581226529365,0.671,0.212,3.58321521511364e-100,"20","CDK2AP2"
5.38130786891141e-104,2.2241260353893,0.636,0.186,1.05974095862472e-99,"20","B4GALT1"
2.44160556971982e-103,2.31641912283459,0.431,0.086,4.80825384844924e-99,"20","TAX1BP3"
3.27436963586946e-103,2.14346723751267,0.591,0.156,6.44821612391773e-99,"20","NUDT22"
1.09618904723669e-102,2.38019848249627,0.406,0.077,2.15872509072321e-98,"20","DPYSL2"
2.68300821304226e-102,2.61837143666715,0.304,0.046,5.28364807394412e-98,"20","MOB1B"
5.53990978986863e-102,2.74530429888764,0.31,0.048,1.09097443491883e-97,"20","TMEM268"
2.12145321962186e-101,2.89102230381131,0.268,0.037,4.17777782540134e-97,"20","TBC1D8"
4.46750279723866e-101,2.68507337814594,0.329,0.054,8.79785325860209e-97,"20","TATDN3"
9.39453439746386e-101,2.33022859187046,0.435,0.089,1.85006565889256e-96,"20","GALNT2"
2.39818214816153e-99,2.46073534048272,0.412,0.083,4.7227401043745e-95,"20","CERS6"
1.96404392373032e-98,2.74434657657913,0.31,0.049,3.86779169900211e-94,"20","WAKMAR2"
5.9301198372235e-98,2.4025767847501,0.617,0.181,1.16781849954442e-93,"20","GPR183"
1.66439431630241e-97,2.46083567904864,0.399,0.079,3.27769172709434e-93,"20","ZDHHC4"
3.8905479001991e-97,1.97483789681717,0.741,0.273,7.66165597986209e-93,"20","OSTC"
4.42005063155105e-97,2.35389294409752,0.476,0.11,8.70440570871348e-93,"20","AHCY"
1.33234066484728e-96,2.59076062474743,0.316,0.052,2.62377847128375e-92,"20","HDAC9"
1.55345912432229e-95,2.77056657869248,0.268,0.039,3.05922705352788e-91,"20","TBC1D9"
1.56575145960934e-95,1.72084767095648,0.879,0.516,3.08343434940867e-91,"20","PARK7"
2.48854197928465e-95,2.33880966806847,0.486,0.117,4.90068571980527e-91,"20","MRPL36"
3.16850638950793e-95,2.6910151533479,0.297,0.047,6.23973963285797e-91,"20","SLC2A1"
4.37091343590343e-95,2.16281347001118,0.537,0.139,8.60763982932463e-91,"20","ARHGAP17"
5.70782562058988e-94,2.33480663940185,0.495,0.121,1.12404209946276e-89,"20","OTULINL"
5.95066388008637e-94,2.25967192153812,0.495,0.121,1.17186423790541e-89,"20","GGA2"
1.39419954637096e-92,2.38762701301758,0.39,0.078,2.74559716666834e-88,"20","CSNK1E"
2.34762324512902e-92,2.72784004889889,0.307,0.051,4.62317445663259e-88,"20","CYSTM1"
6.48827800823189e-92,1.40838572797015,0.93,0.663,1.27773658816111e-87,"20","ERP29"
1.07273043197968e-91,1.82800481654238,0.626,0.187,2.11252803969758e-87,"20","CUX1"
1.38790174017226e-91,1.54872542932155,0.936,0.601,2.73319489692122e-87,"20","SAMHD1"
3.44918807812656e-91,2.47569731345649,0.339,0.061,6.79248608225463e-87,"20","SIRPB1"
4.25496504143662e-91,1.95374430534447,0.521,0.13,8.37930265610113e-87,"20","PRKCD"
9.38237735006037e-90,2.15535597878936,0.607,0.192,1.84767157154739e-85,"20","PDIA4"
3.23442929376876e-89,2.52107353778992,0.31,0.053,6.36956160821881e-85,"20","SH3TC1"
3.52574293093686e-89,2.09309036317018,0.652,0.217,6.94324555389396e-85,"20","IRF2BP2"
6.46718723929945e-89,1.03078267171289,0.962,0.345,1.27358318303524e-84,"20","TYROBP"
2.08327549799874e-88,2.66593921118923,0.297,0.05,4.10259443820891e-84,"20","GMPPB"
2.20656959637005e-87,2.5681762066129,0.288,0.047,4.34539750613155e-83,"20","ICAM1"
6.45811281752327e-87,2.14953135927286,0.562,0.164,1.27179615715486e-82,"20","SNX9"
3.21399329815768e-86,1.85077457079045,0.792,0.385,6.32931700206191e-82,"20","CD164"
4.67172652747746e-86,2.70300130541077,0.272,0.043,9.20003105056137e-82,"20","TRIT1"
1.4341935934994e-85,2.74929495768471,0.262,0.041,2.82435744367837e-81,"20","CRYBG3"
2.31677590343491e-85,2.08546131165733,0.454,0.107,4.56242678663437e-81,"20","C15orf39"
6.06399927688355e-85,2.81025409152884,0.259,0.04,1.19418337759668e-80,"20","EPS8L2"
5.55208390510364e-84,2.22315672142748,0.479,0.123,1.09337188343206e-79,"20","SERTAD2"
5.59587180762533e-84,1.83764327835267,0.7,0.262,1.10199503507566e-79,"20","SSR3"
5.75177782427501e-84,2.35217476925012,0.329,0.061,1.13269760693448e-79,"20","KYNU"
7.8781074928457e-84,1.46926949613419,0.93,0.659,1.5514357085661e-79,"20","UCP2"
6.28491296710607e-83,1.82089572223183,0.649,0.216,1.2376879106122e-78,"20","TACC1"
6.30147427589237e-83,2.31563979681585,0.355,0.071,1.24094932915148e-78,"20","STRBP"
9.50894839150872e-83,2.30172597098807,0.367,0.076,1.87259720673981e-78,"20","CYSLTR1"
1.20031179541594e-82,2.17155293125582,0.431,0.101,2.36377401871262e-78,"20","ANTXR2"
1.94204130704437e-82,2.30833573125385,0.396,0.088,3.82446194596248e-78,"20","DCPS"
2.10616456945749e-82,1.83672230705383,0.623,0.2,4.14766988663263e-78,"20","SMARCB1"
2.135549607082e-82,2.30641359622293,0.319,0.059,4.20553784122659e-78,"20","SLC2A6"
3.60320582488578e-82,2.07941325925122,0.476,0.122,7.09579323094756e-78,"20","NUDT1"
6.60069615863681e-82,2.00430548183333,0.642,0.225,1.29987509452035e-77,"20","TMEM109"
1.33373615633157e-81,1.71525375939948,0.818,0.404,2.62652661266377e-77,"20","CANX"
2.67852016426342e-80,2.47637615757831,0.351,0.073,5.27480975948396e-76,"20","RIPOR1"
3.14214295480118e-80,2.4318528969208,0.361,0.076,6.18782212088997e-76,"20","MAN1A1"
3.77402329275224e-80,2.14398650799387,0.339,0.066,7.43218407041699e-76,"20","RBM47"
5.19986685873732e-80,2.23987252821485,0.403,0.092,1.02400978049114e-75,"20","PIK3CG"
1.24533069485144e-78,2.66593921118923,0.259,0.042,2.45242973737094e-74,"20","LIMD1"
1.96246876272171e-78,2.21069721373615,0.399,0.091,3.86468973442786e-74,"20","N4BP2"
2.31909090278781e-78,2.45141503318612,0.304,0.056,4.56698571486004e-74,"20","DAAM1"
1.28677665988424e-77,1.84023286502508,0.626,0.213,2.53404927631004e-73,"20","IFNAR2"
1.64262723024593e-77,2.70742759937227,0.256,0.042,3.23482580452331e-73,"20","SLC43A3"
1.93435138601496e-76,1.97258251073705,0.594,0.202,3.80931818447926e-72,"20","DCK"
2.74408903863513e-76,1.48174365744111,0.655,0.214,5.40393454378416e-72,"20","MAP3K8"
7.03378343140064e-76,1.78472183445451,0.559,0.169,1.38516297114573e-71,"20","SFT2D1"
8.71167712454292e-76,2.01070984724641,0.508,0.147,1.71559057613624e-71,"20","RNF5"
2.45969098184349e-75,2.48645976116157,0.3,0.057,4.84386945054438e-71,"20","ATF5"
3.58610489828918e-75,1.8190193820546,0.495,0.135,7.06211637620089e-71,"20","SKAP2"
8.95363929426603e-75,2.0143886296245,0.38,0.085,1.76324018621981e-70,"20","BTK"
2.17933428899247e-74,1.13514141884137,0.949,0.824,4.29176301531286e-70,"20","SRP14"
2.5218823236227e-74,1.93170858474426,0.498,0.141,4.96634285991017e-70,"20","PI4KA"
8.42458767258619e-74,1.50433153247571,0.783,0.347,1.6590540503624e-69,"20","ATP6V0B"
2.85653091835268e-73,2.2078329900185,0.39,0.093,5.62536633751193e-69,"20","RELL1"
3.88931057930256e-73,2.16491084372946,0.473,0.133,7.65921932382053e-69,"20","USP24"
1.88022710126031e-72,2.21540084128604,0.297,0.057,3.70273123051194e-68,"20","TMEM170B"
3.49737100979137e-72,2.19711647441671,0.38,0.089,6.88737272958215e-68,"20","MEF2D"
6.42148572130946e-72,2.11437183087727,0.406,0.101,1.26458318309747e-67,"20","PAIP1"
2.4903553990102e-71,1.66463478520444,0.808,0.439,4.90425688727079e-67,"20","SEC61G"
1.09736321227177e-70,2.09104228636949,0.415,0.106,2.1610373739268e-66,"20","MFSD12"
2.55105898079125e-70,2.19780388123895,0.342,0.075,5.02380045087222e-66,"20","NDRG1"
3.95322041386149e-69,2.14857236638143,0.323,0.068,7.78507696101742e-65,"20","FGD2"
4.46989967497254e-69,1.73880510411569,0.671,0.262,8.80257342992343e-65,"20","NUCB2"
8.7988769100679e-69,1.02359937645013,0.93,0.607,1.73276282989967e-64,"20","PSAP"
7.12752692988052e-68,2.30571459653977,0.323,0.07,1.40362387830137e-63,"20","QDPR"
1.30734820517686e-67,2.26112214284902,0.348,0.081,2.57456082045479e-63,"20","RUBCN"
2.20390296538661e-67,2.45874710725853,0.297,0.061,4.34014610973584e-63,"20","CREB3L2"
3.63794098122692e-67,1.60652100111883,0.738,0.356,7.16419717433018e-63,"20","TMED10"
5.94738654260563e-67,1.94230291786787,0.45,0.126,1.17121883183533e-62,"20","ARHGAP27"
9.57814025283184e-67,0.823523466182734,0.984,0.96,1.88622315999017e-62,"20","PPIA"
1.13508522633094e-66,2.02331412816891,0.323,0.069,2.23532333621353e-62,"20","HHEX"
1.31292774986354e-66,1.73611701572553,0.492,0.145,2.58554861780627e-62,"20","RAB11FIP1"
1.42093389364588e-66,1.6654838868866,0.597,0.209,2.79824511675684e-62,"20","BAG1"
4.00715956019023e-66,1.77712590613401,0.613,0.228,7.89129932188262e-62,"20","DNAJC7"
7.7085724056905e-66,1.9011394088263,0.511,0.163,1.51804916385263e-61,"20","CBX4"
1.43249361993154e-65,1.76880573326715,0.304,0.063,2.82100968573118e-61,"20","ARHGAP18"
3.84924529195895e-65,1.86547418048399,0.466,0.136,7.58031875345476e-61,"20","NME4"
4.34244474415547e-65,1.52662189539428,0.773,0.39,8.55157643466538e-61,"20","TRAM1"
4.59884953045361e-65,1.86165483810516,0.406,0.105,9.0565143803223e-61,"20","TNFSF13"
4.88834900487803e-65,1.62801070405222,0.645,0.249,9.6266256953063e-61,"20","PPP1R15A"
2.16181487165748e-64,1.95456726125342,0.399,0.105,4.25726202675507e-60,"20","TTC7A"
2.40223643639978e-64,1.83142261379187,0.457,0.132,4.73072421420208e-60,"20","SINHCAF"
3.91532357275226e-64,1.03278803954501,0.958,0.812,7.71044671182103e-60,"20","LSP1"
4.56337240636067e-64,2.25871872408515,0.355,0.087,8.98664927984606e-60,"20","IRF2BPL"
5.99527355821573e-64,1.47056434049126,0.799,0.45,1.18064922181942e-59,"20","P4HB"
6.93079813903299e-64,1.35766737040045,0.827,0.442,1.36488207751977e-59,"20","LIME1"
1.0865765373934e-63,1.7790135800582,0.521,0.169,2.13979517508882e-59,"20","PSENEN"
1.22577483679699e-63,0.940406815067548,0.952,0.794,2.41391838610431e-59,"20","GABARAP"
1.30865687394476e-63,1.86111844583606,0.524,0.174,2.57713798185942e-59,"20","TIMM13"
1.85615016423657e-63,2.24337710687617,0.316,0.071,3.65531651843109e-59,"20","MAGED1"
2.92720381129766e-63,2.10198290359249,0.329,0.075,5.76454246558848e-59,"20","NAGA"
3.91836401847961e-63,1.73183799413604,0.514,0.166,7.7164342615919e-59,"20","LAP3"
3.94056695991768e-63,1.4116613673423,0.728,0.319,7.76015851416588e-59,"20","H2AFY"
9.96040418040905e-63,1.93510177418647,0.435,0.124,1.96150239524795e-58,"20","MIIP"
1.06684214542923e-62,2.11150436953367,0.377,0.097,2.10093223699378e-58,"20","MDN1"
1.41155991647722e-62,1.81860693512262,0.505,0.163,2.7797849435186e-58,"20","UVRAG"
1.59842698037058e-62,2.23580114448073,0.304,0.066,3.14778225244378e-58,"20","RUFY3"
1.88090770438318e-62,2.10419680672212,0.329,0.076,3.7040715422418e-58,"20","SEPTIN11"
2.34560933258752e-62,1.87149165561267,0.457,0.135,4.6192084586646e-58,"20","MICAL1"
3.53238251534995e-62,1.67843894515171,0.671,0.291,6.95632088747866e-58,"20","SIVA1"
6.61795791831651e-62,1.89607529416323,0.518,0.175,1.30327445285407e-57,"20","INPP4A"
3.46357688879003e-61,1.62128433019437,0.601,0.222,6.82082196709421e-57,"20","DNAJA1"
3.76943956275057e-61,1.96190254988802,0.387,0.102,7.42315733092469e-57,"20","LINC02256"
4.71816668538487e-61,2.06097147269916,0.361,0.092,9.29148565352843e-57,"20","CBX6"
6.36850763348097e-61,1.94224852600264,0.383,0.101,1.25415020826141e-56,"20","SLC30A5"
1.37212723917963e-60,2.36676024162034,0.256,0.05,2.70213017211644e-56,"20","G6PC3"
1.52236164757271e-60,1.4808723255416,0.776,0.399,2.99798679256494e-56,"20","PAXX"
1.74372196284517e-60,1.78795946591942,0.438,0.127,3.43391166143099e-56,"20","RASSF2"
1.91121470578406e-60,2.0258038481292,0.358,0.09,3.76375512010054e-56,"20","AGPAT2"
3.23352814372015e-60,1.88138925520548,0.438,0.129,6.3677869734281e-56,"20","MANF"
6.08397267997971e-60,2.41839524022853,0.259,0.052,1.1981167398684e-55,"20","SLC37A1"
9.04467169045336e-60,1.98362319068709,0.358,0.091,1.78116719600098e-55,"20","NBPF14"
3.428716978927e-59,1.64392595702502,0.511,0.169,6.75217234660093e-55,"20","UNC119"
3.93584799994695e-59,1.97289010186598,0.393,0.108,7.75086546629553e-55,"20","WDFY2"
4.10169946105618e-59,1.46734825099202,0.786,0.443,8.07747674865793e-55,"20","TUBA1B"
1.14081076486605e-58,2.2342820903409,0.284,0.062,2.24659863925072e-54,"20","ULK1"
1.59314439324426e-58,1.86468245300029,0.425,0.125,3.13737925361593e-54,"20","MAD2L2"
3.71986965309636e-58,2.04931105102344,0.355,0.092,7.32553930784265e-54,"20","SH2D3C"
1.83005619954838e-57,1.58065591911123,0.546,0.194,3.60392967377063e-53,"20","CCS"
2.09810086309386e-57,2.10547127238882,0.291,0.065,4.13179002969073e-53,"20","ABI2"
5.54248489362236e-57,1.52527706048421,0.633,0.262,1.09148155010105e-52,"20","MLF2"
1.61947372593484e-56,2.22050649163099,0.278,0.061,3.18922960848347e-52,"20","GPX7"
5.20449835441437e-56,2.1326555115651,0.281,0.063,1.02492186093482e-51,"20","TM9SF1"
2.76233299128576e-55,1.03652969893167,0.882,0.676,5.43986235973905e-51,"20","GNAS"
5.69642647750146e-55,2.09732310772572,0.3,0.071,1.12179726621436e-50,"20","PACS2"
1.09055475271578e-54,1.41601051472407,0.703,0.321,2.14762947452319e-50,"20","GLIPR1"
1.0973035986431e-54,1.73726565833468,0.482,0.165,2.16091997680785e-50,"20","CNDP2"
1.86575328581049e-54,1.99441943787629,0.304,0.073,3.6742279457466e-50,"20","METTL7A"
1.94632410023577e-54,2.11366919314686,0.307,0.075,3.83289605059429e-50,"20","IVD"
2.20188284692365e-54,1.96386699607259,0.31,0.075,4.33616789044674e-50,"20","SRGAP2"
2.48669474449448e-54,1.64674458192069,0.486,0.162,4.89704796033299e-50,"20","RAP1GDS1"
3.25622732502926e-54,1.60783832582591,0.562,0.214,6.41248847118012e-50,"20","PIM3"
3.70664033058778e-54,1.31161038949646,0.732,0.351,7.29948680302652e-50,"20","PRKCB"
4.97275396840489e-54,1.13327300699437,0.712,0.303,9.79284438997976e-50,"20","PYCARD"
5.00391632452091e-54,2.1567512444663,0.323,0.082,9.85421241787903e-50,"20","TASP1"
5.71134170322023e-54,1.75861963607713,0.486,0.169,1.12473452161516e-49,"20","UBL7"
9.12862907091024e-54,2.08862305372223,0.406,0.125,1.79770092293435e-49,"20","SIT1"
9.30436622304236e-54,1.52235912227436,0.406,0.116,1.83230884030373e-49,"20","LILRB1"
1.87449686616124e-53,1.01194512961377,0.709,0.3,3.69144667853134e-49,"20","BRI3"
2.60415987895585e-53,1.60390125273075,0.502,0.175,5.12837204962776e-49,"20","TMEM14C"
3.70434202044635e-53,1.82062482959705,0.396,0.116,7.29496074086499e-49,"20","ELMSAN1"
6.27916180560255e-53,1.73011213173564,0.383,0.109,1.23655533437731e-48,"20","NCF4"
9.93611537919031e-53,2.22990141329783,0.262,0.058,1.95671920162395e-48,"20","CHAMP1"
2.29858745932445e-52,1.70312090097094,0.435,0.137,4.52660828364764e-48,"20","ITGAE"
4.46609494087318e-52,1.57393864988556,0.626,0.285,8.79508076706156e-48,"20","TMED9"
5.28196851512064e-52,1.88703686462106,0.367,0.104,1.04017805968271e-47,"20","MARCH9"
7.11481020561544e-52,1.87744331638294,0.406,0.125,1.40111957379185e-47,"20","KIAA0100"
1.07904205196733e-51,1.82648538160066,0.383,0.112,2.12495751293926e-47,"20","DMXL1"
1.36444984699521e-51,1.09229828255437,0.875,0.677,2.68701108368766e-47,"20","CALM2"
1.44736420061247e-51,1.60638990065613,0.53,0.198,2.85029432026613e-47,"20","PTRHD1"
1.462198689169e-51,1.97823114830052,0.31,0.078,2.87950787858051e-47,"20","DTX2"
1.9275728905099e-51,1.89059468403425,0.335,0.09,3.79596929328115e-47,"20","MCM5"
2.29249590125804e-51,1.93874176069147,0.288,0.068,4.51461217834746e-47,"20","RELT"
2.80628077853581e-51,1.5016963023941,0.534,0.196,5.52640873717057e-47,"20","CLTC"
3.81681648412697e-51,1.69529061225819,0.444,0.145,7.51645670219124e-47,"20","PTPMT1"
6.84306248430159e-51,1.1432521741858,0.738,0.348,1.34760429503351e-46,"20","CDKN2D"
7.10855442225714e-51,1.50475669096978,0.61,0.262,1.3998876223751e-46,"20","SND1"
8.19004728854703e-51,1.78926941661431,0.396,0.12,1.61286601253357e-46,"20","TMIGD2"
1.32817326298793e-50,1.91621066510111,0.351,0.099,2.61557160680212e-46,"20","SIDT1"
4.25028411195191e-50,1.95673754206474,0.45,0.157,8.3700845016669e-46,"20","MX1"
1.52630265197879e-49,2.07862819124379,0.268,0.063,3.00574781254183e-45,"20","GPATCH11"
1.62366369546022e-49,1.44204265059242,0.597,0.25,3.1974809154698e-45,"20","GRSF1"
6.70223130363759e-49,1.02233499897793,0.875,0.651,1.31987041062535e-44,"20","SUB1"
7.55398746813144e-49,1.67738335485986,0.441,0.147,1.48760675209912e-44,"20","TMEM141"
8.94722092738107e-49,1.51231072293041,0.569,0.238,1.76197621722915e-44,"20","CIAO2A"
9.39849727020404e-49,1.98316920367724,0.307,0.08,1.85084606742128e-44,"20","PRMT7"
2.07614786939334e-48,1.71681342842418,0.367,0.108,4.0885579991963e-44,"20","PLIN3"
4.73203648946351e-48,1.76645106384288,0.348,0.099,9.3187994587005e-44,"20","CPT1A"
6.13654060469401e-48,2.17258546824736,0.252,0.058,1.20846894128239e-43,"20","MTMR1"
1.23226878044576e-47,1.34112067492328,0.639,0.287,2.42670690933183e-43,"20","PPM1G"
1.26980576471106e-47,1.38016635890801,0.597,0.252,2.50062849244549e-43,"20","HMGA1"
1.63341796412158e-47,1.94016501044425,0.326,0.091,3.21668999674462e-43,"20","CAPN15"
2.00537313891129e-47,1.7394796762072,0.367,0.11,3.949181322458e-43,"20","MYCBP"
2.04479648328437e-47,1.38162926463494,0.399,0.122,4.02681771453192e-43,"20","HVCN1"
3.36887569305447e-47,1.48308408887836,0.556,0.227,6.63432690233216e-43,"20","KDELR2"
3.67633571770408e-47,1.09532908891265,0.639,0.257,7.23980792887465e-43,"20","ZEB2"
4.32378594960195e-47,1.29808105978827,0.399,0.125,8.51483167055113e-43,"20","MARCH2"
5.91404066154521e-47,1.59012425842572,0.476,0.171,1.1646520274781e-42,"20","COMMD3"
1.12190885465971e-46,1.11163190772787,0.802,0.496,2.20937510748137e-42,"20","GNG5"
1.90072286443907e-46,1.38619227033407,0.55,0.217,3.74309353693987e-42,"20","MDFIC"
1.95663680864842e-46,0.885830126659669,0.904,0.602,3.85320486727134e-42,"20","ATP6V0C"
3.82578597907086e-46,1.54652896031915,0.482,0.178,7.53412032858425e-42,"20","N4BP2L1"
4.26515517966756e-46,1.31529561752478,0.703,0.357,8.39937009531932e-42,"20","SYNGR2"
6.46825728807773e-46,1.90858983151501,0.319,0.089,1.27379390774115e-41,"20","ERO1B"
7.39656986848249e-46,1.57128859578969,0.642,0.319,1.45660650420026e-41,"20","OGT"
8.43854778040344e-46,2.00058672796368,0.291,0.076,1.66180321439485e-41,"20","EIF4EBP3"
1.05155698847055e-45,1.16321330505648,0.425,0.133,2.07083117739505e-41,"20","CD302"
1.81805282545899e-45,1.76182813223866,0.361,0.11,3.58029142917639e-41,"20","ZDHHC24"
1.99567289178585e-45,1.45229533235016,0.45,0.156,3.93007862579387e-41,"20","BID"
2.36493536773026e-45,1.99576070823423,0.252,0.06,4.65726721967119e-41,"20","GNA12"
3.21944495659541e-45,1.53613888292304,0.534,0.219,6.34005295302334e-41,"20","DNAJC4"
4.3767883002836e-45,1.49363906258432,0.585,0.267,8.6192091997485e-41,"20","MYDGF"
4.88485149155459e-45,1.71468730089017,0.383,0.122,9.61973804231845e-41,"20","DNAJB11"
5.29059344660244e-45,1.28958824305384,0.668,0.335,1.04187656743942e-40,"20","DHRS7"
8.27661196801404e-45,1.5654534585517,0.476,0.177,1.629913194861e-40,"20","TMX1"
8.85568936410642e-45,1.70427703062759,0.284,0.073,1.74395090647348e-40,"20","RNF144B"
9.0216399465033e-45,1.3464823563333,0.645,0.302,1.77663155466489e-40,"20","OS9"
1.09507039699697e-44,1.67106047933531,0.342,0.1,2.15652213280613e-40,"20","XPNPEP1"
2.04464056470528e-44,1.42801709155918,0.495,0.186,4.02651066407411e-40,"20","PFDN2"
2.70125986037373e-44,1.43982056813613,0.53,0.212,5.31959104303399e-40,"20","TPP1"
4.59021784345385e-44,1.82080986690925,0.332,0.098,9.03951599911366e-40,"20","NCLN"
5.45466355626631e-44,1.93876708723758,0.259,0.064,1.07418689413552e-39,"20","MTHFD2L"
1.95108067434045e-43,1.45190670582943,0.562,0.242,3.84226317197866e-39,"20","LAPTM4A"
3.54195891482e-43,1.82725755921472,0.323,0.094,6.97517969095503e-39,"20","NUP42"
4.98879245878544e-43,1.34737067923964,0.681,0.361,9.82442898908616e-39,"20","RPN2"
5.44781832585228e-43,0.807295553465705,0.92,0.751,1.07283886291009e-38,"20","RNASEK"
5.67652524765039e-43,1.9406791176753,0.268,0.069,1.11787811701979e-38,"20","GALK1"
5.80576561051497e-43,1.08546759359909,0.565,0.224,1.14332942167871e-38,"20","PGD"
8.36280094172039e-43,1.38174150537931,0.537,0.219,1.646886389453e-38,"20","IGF2R"
2.65422089222913e-42,1.12528294903334,0.444,0.149,5.22695720306682e-38,"20","TNFSF13B"
6.72773403365155e-42,1.44422650484339,0.502,0.201,1.324892663247e-37,"20","AP3S1"
6.8231803148204e-42,1.38734482029403,0.511,0.204,1.34368889939758e-37,"20","TOP1"
7.23411310996732e-42,1.21902965157478,0.684,0.348,1.42461389474586e-37,"20","RBBP4"
7.32783681952642e-42,1.32014820851984,0.575,0.252,1.44307090486934e-37,"20","IQGAP2"
7.82403240651848e-42,1.09619331172007,0.837,0.567,1.54078670181568e-37,"20","PDIA3"
8.54401013626159e-42,1.35301592956308,0.62,0.298,1.68257191613399e-37,"20","SPCS3"
8.94241790991031e-42,1.92117152525605,0.3,0.086,1.76103035899864e-37,"20","FAM214A"
1.31595305668671e-41,1.43777554029364,0.46,0.17,2.59150635453313e-37,"20","HDAC2"
1.46134614679207e-41,1.23407603327831,0.744,0.456,2.87782896687762e-37,"20","MTDH"
1.64800188225329e-41,1.31105106349509,0.572,0.249,3.2454101067214e-37,"20","MGAT1"
1.6792327140582e-41,1.67006607003714,0.339,0.103,3.30691298379482e-37,"20","ZMIZ1"
2.27392196778928e-41,1.84206898628106,0.284,0.078,4.47803453116742e-37,"20","LTV1"
2.40374065218488e-41,1.19495814676765,0.696,0.369,4.73368646634769e-37,"20","NDUFV2"
2.91605756751122e-41,1.41999728270464,0.562,0.25,5.74259216769985e-37,"20","NDUFA7"
3.37871905758127e-41,1.75279012979058,0.345,0.108,6.65371144009479e-37,"20","NUS1"
8.07414737748919e-41,1.91372857735546,0.265,0.07,1.59004184304895e-36,"20","NIPSNAP3A"
1.36082626358959e-40,1.48932752787318,0.508,0.208,2.67987516088698e-36,"20","AC004687.1"
1.38283917106798e-40,1.33529389920076,0.486,0.187,2.72322517958418e-36,"20","THEMIS2"
1.62804487291229e-40,0.590463505298835,0.994,0.967,3.20610876822617e-36,"20","H3F3B"
2.17204251004589e-40,1.70172963475067,0.351,0.113,4.27740331503338e-36,"20","NFX1"
5.12555481923784e-40,0.935061215585475,0.818,0.468,1.00937551055251e-35,"20","RAC1"
5.3793453048015e-40,1.35674538135227,0.559,0.245,1.05935447087456e-35,"20","DNM2"
8.39073135390456e-40,1.4702496965205,0.457,0.175,1.65238672552442e-35,"20","UBE2E3"
2.3879189483947e-39,1.48500724604123,0.473,0.189,4.70252878507368e-35,"20","LMAN1"
2.97917858249981e-39,1.57735946527826,0.396,0.14,5.86689638251688e-35,"20","SLC35C2"
3.8664038380744e-39,1.37145245497151,0.553,0.25,7.61410907831992e-35,"20","SLC3A2"
4.52963600060565e-39,1.23475093285913,0.649,0.335,8.92021217599271e-35,"20","DBNL"
4.60568112683204e-39,1.57358628800633,0.422,0.155,9.06996784307034e-35,"20","ITCH"
4.96595340142855e-39,0.969546734604733,0.834,0.552,9.77945203343324e-35,"20","HMGN1"
5.25733956543285e-39,0.845644834167891,0.898,0.772,1.03532788062069e-34,"20","CHCHD2"
7.96188852929916e-39,1.24533618135687,0.633,0.319,1.56793470807488e-34,"20","ZNF706"
8.32583096327819e-39,1.74715756145772,0.335,0.108,1.63960589159837e-34,"20","CCDC47"
9.31323547407174e-39,1.33258991553409,0.594,0.287,1.83405546190895e-34,"20","PDIA6"
1.17123342991016e-38,1.0219054513541,0.805,0.546,2.30650999352207e-34,"20","SLC25A5"
1.52026919425768e-38,0.820874103946942,0.684,0.347,2.99386612425164e-34,"20","FERMT3"
3.4516717129742e-38,1.9601509121824,0.256,0.069,6.79737710436008e-34,"20","STX18"
5.01689451286295e-38,1.65505089504649,0.329,0.104,9.87977036418102e-34,"20","EXOSC5"
5.30084773816835e-38,1.26339809987659,0.693,0.39,1.04389594507749e-33,"20","BST2"
5.50829032255182e-38,1.2953368175056,0.594,0.288,1.08474761322013e-33,"20","HM13"
6.75850724235279e-38,1.33248486292084,0.588,0.285,1.33095283123653e-33,"20","SSR1"
1.73192831522127e-37,1.02428180745787,0.431,0.158,3.41068643116525e-33,"20","RNF11"
2.01616247729643e-37,1.60215739292591,0.348,0.116,3.97042876653985e-33,"20","MARS"
2.88664781124184e-37,1.64238193038453,0.313,0.097,5.68467553467856e-33,"20","HSD17B4"
3.34919675712594e-37,1.2543572705466,0.581,0.27,6.59557317380811e-33,"20","KIF5B"
3.38946091091533e-37,1.68933437064685,0.367,0.128,6.67486537186556e-33,"20","BTAF1"
3.53825481287928e-37,1.55637011294579,0.393,0.144,6.96788520300317e-33,"20","MXD4"
4.39793755614497e-37,1.46210690587525,0.502,0.218,8.66085842931628e-33,"20","NBPF26"
1.05018153268748e-36,1.57239844334981,0.438,0.176,2.06812249232145e-32,"20","TM9SF3"
2.95171216887377e-36,1.29206136659912,0.466,0.186,5.81280677416312e-32,"20","MYD88"
3.29031323462197e-36,1.44169899678002,0.406,0.15,6.47961385294104e-32,"20","DNAJC1"
3.9161583172792e-36,1.52958999744158,0.406,0.153,7.71209057421793e-32,"20","SGSM3"
5.42650409837472e-36,1.45673422208511,0.412,0.156,1.06864145209293e-31,"20","PRDX3"
5.67807235033743e-36,1.36820791114085,0.511,0.226,1.11818278795195e-31,"20","CMTM3"
1.00926064670406e-35,1.55433455091045,0.351,0.12,1.9875369915543e-31,"20","NCSTN"
1.1555344149584e-35,0.854463173520488,0.853,0.71,2.27559392337757e-31,"20","NME2"
1.32865682974876e-35,1.52577004540208,0.39,0.144,2.61652389482423e-31,"20","NUDT5"
1.35556433204545e-35,1.73820338670106,0.284,0.086,2.6695128390971e-31,"20","HADH"
1.35807450088816e-35,1.66417746345426,0.339,0.114,2.67445611459905e-31,"20","TMEM175"
1.40384057911139e-35,1.54108772400415,0.326,0.106,2.76458325244407e-31,"20","VAV3"
1.70413823954788e-35,1.1357426441424,0.677,0.375,3.35595943514164e-31,"20","DDOST"
2.14061193366415e-35,1.29053156070521,0.636,0.355,4.2155070809648e-31,"20","RPL22L1"
2.28604206441681e-35,1.33648492960019,0.508,0.226,4.50190263745602e-31,"20","DANCR"
2.74435513281677e-35,1.22370220807477,0.617,0.315,5.40445856305606e-31,"20","NAPA"
2.78781638230743e-35,1.18839450802872,0.585,0.28,5.49004680167802e-31,"20","SNHG7"
2.88233990736831e-35,1.75197212996645,0.297,0.093,5.67619197958041e-31,"20","NIPA2"
4.69840522069782e-35,1.57982950114071,0.364,0.131,9.25256940112023e-31,"20","COPG1"
4.81149919717074e-35,0.997110403638812,0.77,0.503,9.47528536898833e-31,"20","ATP5MC3"
5.43269019303551e-35,1.55430368114255,0.377,0.138,1.06985967971448e-30,"20","RAB4B"
9.57264963859783e-35,1.12547973301895,0.629,0.322,1.88514189332907e-30,"20","TRABD"
9.69051550193573e-35,1.40562654820131,0.383,0.14,1.9083532177962e-30,"20","DUSP22"
1.33808505535809e-34,1.43328555495753,0.335,0.112,2.63509089951668e-30,"20","OAS1"
2.23776178341525e-34,0.941372545747499,0.751,0.454,4.40682428007966e-30,"20","SNX3"
2.56411006673626e-34,1.85263827240269,0.252,0.072,5.04950195442372e-30,"20","RRAGC"
2.92793277345499e-34,1.51419330555855,0.399,0.154,5.76597801076491e-30,"20","HINT2"
3.01153860416727e-34,0.548165181047527,0.99,0.967,5.9306229731866e-30,"20","ATP5F1E"
3.52836441287676e-34,1.6836159921719,0.288,0.089,6.9484080382782e-30,"20","TLE3"
4.24654375858643e-34,1.23392463860903,0.575,0.287,8.36271862378425e-30,"20","ACADVL"
6.16993100176316e-34,1.36529776865981,0.46,0.192,1.21504451217722e-29,"20","MED13L"
7.93273888600014e-34,1.12319550675248,0.565,0.262,1.56219426882001e-29,"20","LAMTOR5"
9.39402349576731e-34,1.43870236579968,0.387,0.145,1.84996504702146e-29,"20","AZIN1"
1.28209142418715e-33,1.28617759449572,0.505,0.224,2.52482264165175e-29,"20","LPXN"
1.63135397966844e-33,1.13837479212576,0.594,0.295,3.21262539216105e-29,"20","YPEL5"
1.953275745806e-33,1.40320843474536,0.438,0.18,3.84658592621576e-29,"20","ADI1"
2.17838360301891e-33,1.27787555789359,0.569,0.279,4.28989082942515e-29,"20","CCDC18-AS1"
4.80491558007914e-33,1.04060298961361,0.716,0.435,9.46232025184985e-29,"20","DBI"
5.64904042023812e-33,1.36274035226697,0.319,0.106,1.11246552995749e-28,"20","SLA2"
7.21195221038081e-33,1.66312144654175,0.275,0.085,1.42024974879029e-28,"20","DEF8"
7.43184762231361e-33,1.03735702617083,0.7,0.431,1.46355375226222e-28,"20","COX5A"
7.95392260008815e-33,1.53477915967249,0.348,0.125,1.56636597763536e-28,"20","ITPR2"
1.12110648074409e-32,1.14918984497475,0.604,0.309,2.20779499252934e-28,"20","SEPTIN2"
1.15044686273223e-32,1.69874535627247,0.268,0.082,2.26557500677857e-28,"20","KDM4B"
1.31026513758821e-32,1.33447078241606,0.473,0.206,2.58030513545247e-28,"20","DDB1"
1.43587324341638e-32,1.64248344350308,0.307,0.102,2.82766517825987e-28,"20","POLG"
1.56790192722246e-32,1.74767827636604,0.268,0.083,3.08766926527919e-28,"20","OTULIN"
1.62466233639631e-32,1.09699544501181,0.684,0.407,3.19944753906525e-28,"20","NDUFC2"
1.84639646801437e-32,1.62577667072969,0.278,0.087,3.63610856446069e-28,"20","RHBDF2"
1.93221265603844e-32,1.63524241396631,0.284,0.09,3.80510638353651e-28,"20","UCHL3"
2.01969626845407e-32,1.6051581382822,0.297,0.097,3.9773878614666e-28,"20","PIGS"
2.23784162515894e-32,1.10315823709419,0.572,0.282,4.40698151242551e-28,"20","DYNLL1"
2.274562886501e-32,1.68638100880324,0.281,0.089,4.47929669238642e-28,"20","RMC1"
2.32000838862299e-32,1.64182921972846,0.281,0.089,4.56879251971525e-28,"20","LMO4"
2.87725305164589e-32,1.6334028280736,0.278,0.087,5.66617443460625e-28,"20","SLC66A2"
3.31349890366276e-32,1.09795625625071,0.55,0.257,6.52527339098308e-28,"20","ACTN4"
3.45215473240582e-32,1.65037922612782,0.291,0.095,6.79832831452678e-28,"20","UHRF1BP1L"
3.4861587399427e-32,0.960123142584533,0.783,0.524,6.86529240656916e-28,"20","TMEM258"
5.53270513292555e-32,1.33974921168633,0.482,0.219,1.08955562182703e-27,"20","GTF2I"
6.15534233007105e-32,1.64562764115987,0.294,0.096,1.21217156506089e-27,"20","PEA15"
9.3895464753132e-32,1.09352196378719,0.668,0.377,1.84908338738343e-27,"20","XBP1"
9.7372086167295e-32,1.23982262617519,0.47,0.202,1.91754849289254e-27,"20","QKI"
1.06482452670871e-31,1.27023538797035,0.454,0.194,2.09695894044746e-27,"20","APPL1"
1.09750356402908e-31,1.6590977281092,0.288,0.094,2.16131376864248e-27,"20","ACSL3"
1.21677209647317e-31,1.40142212132715,0.419,0.174,2.39618928958461e-27,"20","HNRNPAB"
1.21949258185966e-31,1.20253869034899,0.54,0.256,2.40154674145622e-27,"20","NIN"
1.26721026040004e-31,0.594567915307642,0.933,0.658,2.4955171658058e-27,"20","SRGN"
1.93607542330214e-31,0.956963287606728,0.77,0.512,3.8127133311089e-27,"20","SELENOH"
2.78113564086532e-31,1.64803509655832,0.268,0.084,5.47689041755608e-27,"20","ZMIZ2"
3.14935071169605e-31,1.10161252817297,0.53,0.249,6.20201635654303e-27,"20","GRINA"
3.90881544919735e-31,1.18155366521965,0.38,0.142,7.69763026410434e-27,"20","CD300A"
4.62218776922144e-31,1.40324462282041,0.441,0.191,9.10247437392779e-27,"20","SLC38A2"
7.48341844474073e-31,0.625352549953023,0.946,0.87,1.47370959432279e-26,"20","HINT1"
9.92456639048281e-31,0.72773082727122,0.812,0.536,1.95444485927778e-26,"20","GSTP1"
1.0121265284296e-30,1.21648783638596,0.409,0.163,1.99318077243642e-26,"20","KLF10"
1.66851222272513e-30,1.26420096979949,0.473,0.213,3.2858011202126e-26,"20","RNASEH2B"
1.98207806678291e-30,1.61221275768981,0.319,0.115,3.90330633691558e-26,"20","MORF4L2"
2.62935088230054e-30,1.1462813502038,0.524,0.246,5.17798069251444e-26,"20","PARVG"
3.71047270776652e-30,1.43180893296969,0.355,0.133,7.3070339034046e-26,"20","LYSMD2"
5.44767307584601e-30,1.01696450570274,0.629,0.346,1.07281025882636e-25,"20","RBX1"
7.77888839074947e-30,0.571122747000792,0.958,0.839,1.53189649079029e-25,"20","ARPC3"
7.91642977240606e-30,1.36340122953043,0.39,0.156,1.55898251507993e-25,"20","ZNF22"
8.24704934449398e-30,1.12537082982653,0.594,0.321,1.6240914274112e-25,"20","APEX1"
8.4541336396889e-30,1.2918192565348,0.486,0.227,1.66487253766394e-25,"20","SUPT5H"
8.66583480570882e-30,1.67251186511272,0.252,0.078,1.70656284828824e-25,"20","PCNT"
8.96072067175318e-30,1.32175883428114,0.435,0.188,1.76463472188835e-25,"20","SEC61A1"
1.54319387795239e-29,1.53160155766843,0.281,0.093,3.03901170385164e-25,"20","TCF3"
1.69500672985411e-29,1.34406347417594,0.428,0.184,3.33797675310169e-25,"20","SEC63"
2.03713171806705e-29,1.16704849784554,0.521,0.25,4.01172349238944e-25,"20","NBDY"
2.16183327748148e-29,1.20511622670031,0.495,0.23,4.25729827334428e-25,"20","PHYKPL"
2.87143620950857e-29,1.0413722816502,0.581,0.3,5.65471932738522e-25,"20","CIAO2B"
2.91146701868893e-29,1.19963879984319,0.505,0.242,5.73355199990411e-25,"20","NRDC"
3.08284569200717e-29,1.43264607681344,0.351,0.135,6.07104802126971e-25,"20","TMED3"
3.25004735283692e-29,1.42753207911086,0.339,0.127,6.40031825194175e-25,"20","PBX2"
3.321085726908e-29,1.67523541957819,0.265,0.086,6.54021412199993e-25,"20","SDHAF3"
3.65644196868903e-29,1.1224295545144,0.562,0.285,7.20063116893931e-25,"20","NCKAP1L"
4.82737099317584e-29,1.66970112998543,0.313,0.115,9.50654169686117e-25,"20","RASA4"
6.86851579474348e-29,0.82652264275842,0.802,0.534,1.35261681545883e-24,"20","EIF4G2"
7.55593608840616e-29,1.53233502856969,0.294,0.102,1.48799049388982e-24,"20","TOR3A"
9.88168553519995e-29,1.01682410631521,0.668,0.387,1.94600033244693e-24,"20","SELENOF"
1.07299030204203e-28,1.20441609973734,0.438,0.19,2.11303980181138e-24,"20","NENF"
1.1373779213403e-28,1.40371855805172,0.444,0.203,2.23983834049546e-24,"20","MAP3K2"
1.27978871509919e-28,1.53189580431768,0.316,0.116,2.52028791664483e-24,"20","SYS1"
1.35299116071616e-28,1.29720744548902,0.313,0.11,2.66444549279833e-24,"20","MARCH1"
1.99808935987121e-28,1.50520109146205,0.326,0.122,3.93483737639438e-24,"20","ARHGEF7"
2.65343884599014e-28,1.29235489857326,0.463,0.213,5.22541711940839e-24,"20","TRIM44"
3.3465228979718e-28,1.16123143457721,0.489,0.229,6.59030754297587e-24,"20","ADA2"
3.8798574614423e-28,1.54196547447066,0.294,0.104,7.64060329881833e-24,"20","KDM1A"
5.04184490799034e-28,1.04487857424178,0.617,0.348,9.92890517730538e-24,"20","KTN1"
5.3826403323315e-28,1.1218159326499,0.575,0.307,1.06000336064604e-23,"20","PTBP3"
5.72334629788969e-28,1.67620754664306,0.259,0.085,1.12709858644342e-23,"20","FUOM"
5.89728703492212e-28,1.11493095413116,0.562,0.303,1.16135273578721e-23,"20","NHP2"
6.27592312931066e-28,1.24096121488777,0.438,0.195,1.23591754185515e-23,"20","IFNAR1"
6.49353857489571e-28,1.30364761748069,0.403,0.171,1.27877255155421e-23,"20","MEF2A"
7.16693644141193e-28,1.09199352585614,0.684,0.461,1.41138479340725e-23,"20","SELPLG"
7.23251628583798e-28,1.34074157644621,0.45,0.209,1.42429943217007e-23,"20","CPNE3"
7.36345466419739e-28,1.39317199171873,0.374,0.153,1.45008512702039e-23,"20","TIMM8B"
8.61887826150957e-28,1.58766865235902,0.284,0.1,1.69731569603908e-23,"20","PDPK1"
1.29137763583547e-27,1.21736838087762,0.514,0.259,2.54310997825078e-23,"20","AKAP9"
1.34186123750231e-27,0.729865958133393,0.818,0.614,2.64252733501329e-23,"20","ARF1"
1.42497821651444e-27,1.36040370405503,0.406,0.176,2.80620960178188e-23,"20","ADPGK"
1.442281966619e-27,1.37517807648833,0.316,0.116,2.84028587686279e-23,"20","EIF4EBP1"
1.52215254420534e-27,0.868792904207056,0.783,0.554,2.99757500530357e-23,"20","ATP5F1B"
1.60206333900596e-27,1.31758926425232,0.415,0.182,3.15494333350445e-23,"20","GPAA1"
1.80431357590627e-27,1.06319712603593,0.588,0.327,3.55323472503221e-23,"20","RPN1"
2.30324464419538e-27,1.12390729859891,0.473,0.222,4.53577967781395e-23,"20","AKIRIN2"
2.35125582920486e-27,1.15997389784253,0.431,0.188,4.63032810445312e-23,"20","PSMA3"
2.45195586132063e-27,1.52961773997645,0.307,0.113,4.82863667769871e-23,"20","PRKRA"
3.75767342195894e-27,0.924136320558712,0.696,0.442,7.39998626986374e-23,"20","COPE"
4.65296340376089e-27,1.40655258237058,0.319,0.12,9.16308083102633e-23,"20","KIAA2013"
4.98850661123356e-27,1.19477512040305,0.444,0.2,9.82386606950225e-23,"20","VPS36"
5.59619100283175e-27,0.962709254882754,0.623,0.34,1.10205789418766e-22,"20","TGFBR2"
5.73352863203896e-27,1.13809507090574,0.335,0.126,1.12910379350743e-22,"20","BHLHE40"
6.83921234993798e-27,1.11569291592417,0.569,0.314,1.34684608807329e-22,"20","TMED2"
7.97847948856685e-27,1.21926513030749,0.377,0.154,1.57120196568347e-22,"20","NAGK"
8.23240887629632e-27,1.10002348006913,0.479,0.225,1.62120828000904e-22,"20","MAP4K4"
9.60306321430252e-27,1.27437780320476,0.403,0.175,1.8911312387926e-22,"20","TRIM8"
9.72024601882904e-27,1.24036335211646,0.367,0.149,1.914208048488e-22,"20","GLRX5"
1.09287058952204e-26,1.01248300850236,0.617,0.353,2.15219005194576e-22,"20","TRIM22"
1.34614818364265e-26,1.52380636176824,0.278,0.098,2.65096961804746e-22,"20","MKKS"
1.6529965963675e-26,1.14122325290493,0.447,0.204,3.25524619722652e-22,"20","GIT2"
1.79576933970078e-26,0.888414434203944,0.722,0.493,3.53640856067275e-22,"20","ATP5MF"
2.20020405159447e-26,1.46673512897585,0.294,0.107,4.332861838805e-22,"20","DTNBP1"
2.58330649982155e-26,1.23728809235645,0.425,0.191,5.08730549009858e-22,"20","ARID1B"
3.80698572608477e-26,1.39621360275648,0.348,0.141,7.49709699037874e-22,"20","NFATC2IP"
4.31564340064272e-26,0.538755760778203,0.981,0.94,8.49879654888571e-22,"20","UBC"
5.41341967088195e-26,0.69908791990995,0.872,0.692,1.06606473578678e-21,"20","COX6A1"
5.41980000833546e-26,1.34674608402311,0.367,0.153,1.0673212156415e-21,"20","TSPYL2"
5.80723370268429e-26,1.11780324851147,0.581,0.329,1.14361853306962e-21,"20","ANKRD11"
6.2063577183918e-26,0.705649437081855,0.463,0.215,1.2222180254829e-21,"20","ODC1"
6.23208616732768e-26,0.765822652729734,0.508,0.237,1.22728472893184e-21,"20","PECAM1"
8.09495886806868e-26,0.990169055694286,0.601,0.335,1.59414024988876e-21,"20","ARHGAP9"
8.99080184979355e-26,1.34698700957266,0.31,0.116,1.77055860827984e-21,"20","YIF1A"
9.17305100145007e-26,1.03375864157176,0.489,0.232,1.80644893371556e-21,"20","OIP5-AS1"
1.29749089829432e-25,1.21063415075483,0.435,0.201,2.555148826011e-21,"20","SEC13"
1.36594225298007e-25,1.26062190184508,0.454,0.221,2.68995007879366e-21,"20","SEC11C"
1.78269296666179e-25,1.26275806960017,0.415,0.189,3.51065725924707e-21,"20","HDLBP"
1.8262846905707e-25,1.27868029871189,0.514,0.268,3.59650244114088e-21,"20","XIST"
2.70672561963639e-25,0.644050551823844,0.904,0.854,5.33035476274994e-21,"20","COMMD6"
3.91469750111536e-25,1.46959066491884,0.284,0.105,7.70921378894647e-21,"20","ACADM"
4.51970434078319e-25,1.4578172789153,0.275,0.099,8.90065375830433e-21,"20","TSEN34"
5.00185986521764e-25,1.60162707110518,0.288,0.108,9.85016263257309e-21,"20","ARID2"
5.54399784253265e-25,1.02917132258512,0.473,0.226,1.09177949512995e-20,"20","YWHAE"
6.03865076554422e-25,1.28855756257003,0.361,0.151,1.18919149525862e-20,"20","ARFGAP3"
6.18386641352094e-25,1.37017627327414,0.31,0.119,1.21778881281468e-20,"20","TET2"
6.41282070632829e-25,1.13515902479775,0.444,0.205,1.26287678169723e-20,"20","MDM4"
7.08473005091505e-25,1.10742448986894,0.534,0.284,1.3951958889267e-20,"20","CCDC69"
7.29676725031362e-25,1.17592511452334,0.415,0.189,1.43695237460426e-20,"20","MIA3"
8.11659671249494e-25,1.31518246324265,0.323,0.127,1.59840139059163e-20,"20","TM2D1"
9.57957078633958e-25,1.25100613773946,0.403,0.181,1.88650487495385e-20,"20","DNAJC3"
1.62658666583225e-24,1.36966653828446,0.31,0.121,3.20323712102346e-20,"20","TBC1D9B"
1.79080467361521e-24,0.947038545882598,0.613,0.36,3.52663164375042e-20,"20","ARL6IP1"
2.61440160008411e-24,1.02960320000804,0.597,0.354,5.14854107104563e-20,"20","PSMA6"
3.11428493815087e-24,1.19294097578943,0.367,0.157,6.1329613287005e-20,"20","LPGAT1"
3.44943124706982e-24,1.2447373523161,0.383,0.169,6.79296495485459e-20,"20","EMC7"
3.51836631760091e-24,1.44276632186464,0.278,0.103,6.92871878925148e-20,"20","SYVN1"
4.71794105801111e-24,0.661974353326559,0.556,0.275,9.29104132554128e-20,"20","AP1S2"
5.14481392332149e-24,1.22934924893068,0.396,0.179,1.0131682059197e-19,"20","MAP4K1"
6.96094553793753e-24,1.09075042667906,0.47,0.232,1.37081900478604e-19,"20","RB1"
7.21236463274071e-24,0.979313053191356,0.562,0.31,1.42033096712563e-19,"20","ADD1"
8.46655313605017e-24,1.29870465317381,0.377,0.168,1.66731830908236e-19,"20","ECHDC1"
9.05585903948015e-24,0.987486094542893,0.565,0.313,1.78337032064483e-19,"20","C17orf49"
9.61216425042548e-24,1.21775725999046,0.377,0.165,1.89292350583629e-19,"20","AK2"
9.62597487049413e-24,1.25506568020167,0.358,0.152,1.89564323124641e-19,"20","STAT2"
1.02443144437655e-23,1.06046939824505,0.562,0.319,2.01741284341073e-19,"20","SRPRA"
1.04980024928442e-23,1.18620468576028,0.419,0.195,2.06737163091581e-19,"20","PHPT1"
1.10915586944772e-23,0.719871500674343,0.773,0.554,2.18426065370339e-19,"20","CALR"
1.29237398408503e-23,1.53975508252826,0.256,0.091,2.54507208685865e-19,"20","FBRSL1"
1.51013984751087e-23,1.19623573372785,0.364,0.157,2.97391840170316e-19,"20","BEX4"
1.51856590228299e-23,1.03798444502926,0.473,0.235,2.9905118313659e-19,"20","PPP6R1"
1.57812930090248e-23,0.762590016153432,0.757,0.521,3.10781003226725e-19,"20","BRK1"
2.0573866039708e-23,1.29338211601481,0.291,0.111,4.05161143919969e-19,"20","EIF4G3"
2.89347996766917e-23,1.04757288868062,0.53,0.291,5.69813010033089e-19,"20","TXNL4A"
4.0281748918747e-23,0.975879765269066,0.591,0.347,7.93268481456885e-19,"20","GNB1"
4.33009977865658e-23,1.39599286204872,0.304,0.121,8.5272654941084e-19,"20","KLC1"
4.68149938223089e-23,0.946636826271647,0.508,0.259,9.21927673342729e-19,"20","SUMO3"
5.0294618478707e-23,1.29248081566178,0.355,0.154,9.90451921701177e-19,"20","GLO1"
6.30433222560852e-23,1.2757687629238,0.355,0.154,1.24151214518909e-18,"20","COG3"
6.43388615538085e-23,1.29379814496429,0.38,0.173,1.26702520057915e-18,"20","ARMH1"
6.78338546740667e-23,1.37193802407155,0.284,0.109,1.3358521000964e-18,"20","R3HDM1"
7.30438645429882e-23,1.20561043396697,0.348,0.148,1.43845282444507e-18,"20","IFI35"
7.80349425214772e-23,0.695607738169763,0.821,0.645,1.53674212307545e-18,"20","TMBIM6"
8.06410344491169e-23,1.06879348332175,0.473,0.238,1.58806389140646e-18,"20","CHMP4B"
8.80389550082356e-23,1.02903248007773,0.505,0.266,1.73375114097718e-18,"20","ATP5MC1"
1.08612081634574e-22,1.32433244605931,0.313,0.127,2.13889772362966e-18,"20","TMEM208"
1.21477105468468e-22,1.46282771944396,0.256,0.093,2.39224863799054e-18,"20","TRRAP"
1.21792250987967e-22,0.940616723136215,0.569,0.321,2.39845479870603e-18,"20","TTC3"
1.24654242451396e-22,0.849860925697087,0.677,0.428,2.45481599659534e-18,"20","HSPA5"
1.50896354879979e-22,1.20399836641114,0.412,0.198,2.97160191665142e-18,"20","SAP30BP"
1.70045508066403e-22,1.07784529126355,0.447,0.217,3.34870619035167e-18,"20","TNKS2"
1.750984234434e-22,0.970441376268817,0.505,0.263,3.44821325287087e-18,"20","FBXW5"
1.79006896245117e-22,0.9240524349693,0.61,0.369,3.5251828077551e-18,"20","HMGN3"
2.19283602255766e-22,1.16656105489322,0.265,0.096,4.3183519792228e-18,"20","EMILIN2"
2.47535437797007e-22,0.944054351492994,0.591,0.353,4.87471537653646e-18,"20","FAM49B"
2.60111077079023e-22,1.18970666551522,0.332,0.138,5.1223674409172e-18,"20","GNAQ"
2.74107794976882e-22,1.35040079159097,0.284,0.111,5.39800480647974e-18,"20","TRAPPC12"
2.93810174294605e-22,0.617082151824419,0.85,0.661,5.78600376238366e-18,"20","EIF4A1"
3.06979264619113e-22,0.945746042707554,0.575,0.327,6.04534265814419e-18,"20","RNF149"
3.29630955858299e-22,1.38254102460265,0.268,0.101,6.49142241371748e-18,"20","ALG5"
3.69470470750787e-22,1.32514635404535,0.291,0.115,7.27598198049524e-18,"20","GNL3"
4.15073175137087e-22,1.0055832257086,0.585,0.353,8.17403603797465e-18,"20","SPCS2"
4.80719157783415e-22,1.27928351328021,0.332,0.142,9.46680237422879e-18,"20","DDA1"
7.07553197807848e-22,1.43941101528358,0.265,0.101,1.39338451244299e-17,"20","CLASP2"
8.28629425097917e-22,1.07925202999861,0.399,0.186,1.63181992684533e-17,"20","MAPKAPK3"
8.39429669462369e-22,1.29843721305097,0.275,0.105,1.65308884807224e-17,"20","MRPS10"
8.62961959751918e-22,1.0641740826019,0.45,0.226,1.69943098733945e-17,"20","NDUFB6"
1.42375535196583e-21,1.0163879234462,0.435,0.21,2.80380141462631e-17,"20","EIF6"
1.44649654287732e-21,1.41736757583003,0.281,0.112,2.8485856418883e-17,"20","ARMC10"
1.79933997914359e-21,1.37294211827252,0.262,0.099,3.54344022092746e-17,"20","NTAN1"
2.03432273493746e-21,1.18481252145261,0.332,0.142,4.00619176191233e-17,"20","UBE2A"
2.16452366063782e-21,1.39706431825249,0.256,0.096,4.26259644489407e-17,"20","BAZ2B"
2.37946209072563e-21,0.78477544069908,0.744,0.535,4.68587469526598e-17,"20","KRTCAP2"
2.38190872951506e-21,1.06562874613464,0.406,0.192,4.690692861034e-17,"20","ARF3"
2.39921366154661e-21,0.719327740310973,0.812,0.671,4.72477146368375e-17,"20","SEPTIN9"
2.45722928896663e-21,1.2992829584333,0.281,0.111,4.83902163876199e-17,"20","TRPT1"
3.32806365584002e-21,1.44792523036336,0.256,0.097,6.55395575744576e-17,"20","JKAMP"
3.64921225015815e-21,0.892968663567529,0.604,0.361,7.18639368423644e-17,"20","ROMO1"
3.97759116575094e-21,1.00013961836284,0.441,0.215,7.83307028271333e-17,"20","POLR2A"
4.2120340924415e-21,1.2868189108758,0.313,0.131,8.29475873824505e-17,"20","TMEM131"
5.05345492077696e-21,0.895069703478631,0.613,0.371,9.95176877548606e-17,"20","M6PR"
5.74997719886126e-21,1.3634740051629,0.291,0.119,1.13234300977175e-16,"20","PPP1R10"
5.75548448727641e-21,1.30332055703167,0.275,0.108,1.13342756007934e-16,"20","JAK2"
6.19265945834603e-21,1.16690144696108,0.339,0.148,1.21952042713208e-16,"20","FKBP3"
7.68415090474056e-21,1.1137792397788,0.374,0.172,1.51323983767056e-16,"20","BORCS7"
9.98154827147575e-21,1.24784631867026,0.348,0.157,1.96566630110172e-16,"20","RIC1"
1.09379924383983e-20,1.03201177176803,0.428,0.213,2.15401885089377e-16,"20","AKR1A1"
1.39136690648089e-20,0.901695793563296,0.581,0.345,2.74001884893283e-16,"20","ANAPC11"
1.61641051434604e-20,0.770509830563498,0.652,0.399,3.18319722590166e-16,"20","DDIT4"
1.63624715187572e-20,1.05503992128445,0.466,0.247,3.22226151618886e-16,"20","PTPN2"
1.72547828586046e-20,1.1765487734785,0.316,0.134,3.397984388345e-16,"20","ACYP2"
2.03217262986579e-20,0.908659776322065,0.534,0.295,4.0019575599947e-16,"20","SCAMP2"
2.55285041881155e-20,1.27018077440527,0.313,0.134,5.02732832976559e-16,"20","FBXW11"
2.66668428618866e-20,0.908773430139684,0.511,0.277,5.25150136479132e-16,"20","FAAP20"
2.77007708765915e-20,1.35673638023209,0.278,0.113,5.45511280872717e-16,"20","GTF2E2"
3.09076850228958e-20,1.05166114364352,0.364,0.166,6.08665041155888e-16,"20","TMEM165"
3.3506825933702e-20,1.01858017333021,0.463,0.246,6.59849923112394e-16,"20","ZNF428"
4.21191731288298e-20,1.16476964747324,0.332,0.147,8.29452876426045e-16,"20","CCDC57"
4.97674063688478e-20,1.2636916453303,0.294,0.122,9.8006953362172e-16,"20","TBC1D14"
6.23712973170228e-20,0.934527113967212,0.463,0.24,1.22827795806413e-15,"20","CYC1"
6.42156880127407e-20,0.530068940680961,0.891,0.654,1.2645995440349e-15,"20","SELL"
6.58642442560001e-20,1.13998792589871,0.351,0.161,1.29706456213341e-15,"20","MAP2K1"
6.8416499782951e-20,0.922190985832326,0.55,0.323,1.34732613022565e-15,"20","POMP"
7.29816545356158e-20,1.21992509667317,0.31,0.133,1.43722772276988e-15,"20","ADCY7"
7.44560058084924e-20,0.717875267345575,0.757,0.559,1.46626212238664e-15,"20","GUK1"
8.55475697057526e-20,0.91148488974348,0.565,0.337,1.68468829021539e-15,"20","PSMA2"
8.8090001353678e-20,1.13482846265347,0.332,0.147,1.73475639665798e-15,"20","CLPTM1"
1.15613060377872e-19,1.24590580791673,0.272,0.109,2.27676799802142e-15,"20","CHPT1"
1.33191188643415e-19,1.24807788043361,0.316,0.139,2.62293407795477e-15,"20","NOP56"
1.39948055300456e-19,1.21285106478512,0.307,0.132,2.75599705303187e-15,"20","CARHSP1"
1.4262280209431e-19,1.02337111632413,0.457,0.241,2.80867084164325e-15,"20","SEC31A"
1.42882776949537e-19,0.83029222301204,0.633,0.39,2.81379052646722e-15,"20","SCAF11"
1.44410808076348e-19,1.28789381134966,0.288,0.121,2.84388204344753e-15,"20","DLST"
1.61400753242446e-19,1.29648274621928,0.275,0.112,3.17846503360348e-15,"20","ATP13A1"
1.64708992587978e-19,0.966777971048684,0.489,0.271,3.24361419103505e-15,"20","SRP72"
1.76868294593188e-19,1.10922429459511,0.399,0.2,3.48306732542365e-15,"20","MIS18BP1"
1.80756407609079e-19,1.02401238823317,0.415,0.207,3.55963593504559e-15,"20","RBM6"
2.54960369509237e-19,0.986570010465056,0.457,0.242,5.0209345567454e-15,"20","RABGAP1L"
2.8046709408619e-19,0.690569206079896,0.789,0.63,5.52323848383935e-15,"20","UBL5"
3.16198593158448e-19,1.01211099303892,0.403,0.199,6.22689889506932e-15,"20","STARD7"
3.72507266537077e-19,1.02207255006771,0.431,0.223,7.33578559991466e-15,"20","CAPRIN1"
3.7831379638254e-19,0.645714641913684,0.815,0.674,7.45013359216135e-15,"20","HMGN2"
4.17481204770834e-19,1.17644053878978,0.339,0.155,8.22145736555203e-15,"20","PMF1"
4.83197995123868e-19,0.793458646366542,0.696,0.486,9.51561811797433e-15,"20","GDI2"
5.29538058793905e-19,0.817949469193456,0.661,0.432,1.04281929918284e-14,"20","PEBP1"
6.03122453643842e-19,1.26883953675451,0.288,0.122,1.18772904796082e-14,"20","ZNF326"
6.8162817459182e-19,1.13089167338754,0.329,0.149,1.34233036422367e-14,"20","IQSEC1"
7.52919118316315e-19,1.14411086932209,0.313,0.138,1.48272361970032e-14,"20","NCOR2"
8.33977803660796e-19,1.18108026241281,0.294,0.126,1.64235248874921e-14,"20","GINM1"
9.50835073669269e-19,1.02896161697391,0.396,0.195,1.87247951057689e-14,"20","CDC40"
9.8346548957913e-19,0.63473709035121,0.773,0.584,1.93673858862818e-14,"20","COX8A"
1.01619494814715e-18,1.09208584164773,0.342,0.157,2.00119271138619e-14,"20","NOTCH2"
1.11248606427338e-18,0.682667683006407,0.61,0.358,2.19081880637357e-14,"20","AP2S1"
1.14342098332851e-18,1.29360616286462,0.259,0.105,2.25173894246883e-14,"20","SLC12A9"
1.20324973594706e-18,1.08123930512495,0.313,0.138,2.36955970500054e-14,"20","SPTLC2"
1.42385509543797e-18,1.19065655199369,0.272,0.112,2.803997839446e-14,"20","ITPR1"
1.4778059879544e-18,1.18755566102311,0.297,0.129,2.9102433320786e-14,"20","ZDHHC12"
2.1484015251457e-18,1.16148821550927,0.252,0.1,4.23084712346943e-14,"20","SERTAD3"
2.26717868949914e-18,1.03500459648964,0.399,0.201,4.46475499323067e-14,"20","MPG"
2.35232877637461e-18,1.00763474845501,0.355,0.166,4.63244105931453e-14,"20","PTTG1IP"
2.62129778580129e-18,0.725619953228505,0.454,0.236,5.16212172957847e-14,"20","CYB5R3"
2.77059924506465e-18,1.21503704632853,0.275,0.115,5.45614109330581e-14,"20","NNT"
3.0531071814647e-18,1.15641778594387,0.319,0.145,6.01248397245844e-14,"20","VEZF1"
3.07642428148623e-18,0.948183554411653,0.486,0.27,6.05840233753083e-14,"20","JMJD1C"
3.40981458297965e-18,1.01834431114271,0.383,0.189,6.71494785826183e-14,"20","INTS10"
3.80374998956196e-18,1.15574447887005,0.265,0.109,7.49072485444437e-14,"20","LINC01089"
4.69413855718275e-18,0.88847343949728,0.463,0.249,9.24416706065999e-14,"20","RTF2"
4.9312936345898e-18,0.781522338580721,0.633,0.426,9.71119655459769e-14,"20","TUBB"
5.50718778747625e-18,1.20825279414684,0.348,0.168,1.0845304909877e-13,"20","ZMYM2"
5.81132367025413e-18,1.07612731080668,0.377,0.188,1.14442397038315e-13,"20","NASP"
7.15008193890934e-18,0.530302537764396,0.853,0.748,1.40806563622942e-13,"20","MYL12B"
8.22815503154127e-18,0.885261516987518,0.514,0.3,1.62037057036142e-13,"20","KDELR1"
9.97988820351991e-18,1.19997009315851,0.307,0.14,1.96533938391918e-13,"20","NMT1"
1.00711134224795e-17,1.04963979119935,0.339,0.159,1.9833043662889e-13,"20","AKR7A2"
1.04197504368882e-17,1.13556862706871,0.307,0.137,2.05196145353639e-13,"20","CLASRP"
1.05257584849222e-17,1.05094093874087,0.364,0.176,2.07283761843572e-13,"20","HEXB"
1.37287443310454e-17,0.969091080503543,0.454,0.249,2.70360162111277e-13,"20","TMEM179B"
1.45811474156601e-17,0.810691504092042,0.607,0.393,2.87146536056594e-13,"20","DPP7"
1.50981934889454e-17,0.897910609337694,0.425,0.221,2.97328724377802e-13,"20","ATP2A3"
1.51254024746491e-17,1.03584225810706,0.361,0.176,2.97864550933264e-13,"20","SCNM1"
1.52976976611145e-17,0.925530250479927,0.454,0.245,3.01257560040328e-13,"20","SERINC3"
1.63948130256249e-17,0.932926383318044,0.479,0.269,3.2286305291363e-13,"20","PCM1"
1.84470896323862e-17,0.987026819574003,0.371,0.182,3.63278536130581e-13,"20","SNX5"
2.25823711517542e-17,1.06762630288085,0.639,0.464,4.44714635091496e-13,"20","H1FX"
2.44254484708904e-17,0.972946147007958,0.377,0.186,4.81010356737244e-13,"20","ATOX1"
2.74373333650946e-17,1.05589778970228,0.351,0.17,5.40323405958808e-13,"20","TOR1AIP1"
3.06838575812083e-17,1.15171122200531,0.284,0.124,6.04257207346735e-13,"20","UROD"
3.14468184592012e-17,0.730232887985388,0.387,0.19,6.19282195917049e-13,"20","MFSD1"
3.4254784871943e-17,0.816875343246536,0.543,0.331,6.74579478483174e-13,"20","TMEM14B"
6.13801283828682e-17,0.939329437114705,0.39,0.198,1.20875886824382e-12,"20","TMCO1"
6.1695193632685e-17,1.02273894097156,0.358,0.175,1.21496344820846e-12,"20","ETNK1"
8.7617464001603e-17,0.970641532066943,0.406,0.213,1.72545071858357e-12,"20","ARF4"
1.08522521996742e-16,0.847156779135471,0.537,0.327,2.13713402568185e-12,"20","ERGIC3"
1.13962736963575e-16,1.04169189620685,0.364,0.183,2.24426817902368e-12,"20","NDUFS3"
1.19216183287242e-16,0.784215274185308,0.505,0.284,2.34772429747566e-12,"20","DSTN"
1.20288796898342e-16,1.00727861252281,0.316,0.146,2.36884727731905e-12,"20","CHST11"
1.22493376762997e-16,0.737304527644948,0.511,0.291,2.41226206859369e-12,"20","NOP10"
1.24315238070038e-16,0.771474271619293,0.425,0.22,2.44813998331326e-12,"20","MAPRE2"
1.31909073307011e-16,0.711996686556518,0.661,0.462,2.59768538063497e-12,"20","EID1"
1.45151883241671e-16,0.956650767177144,0.358,0.176,2.85847603667823e-12,"20","DR1"
1.53164003015791e-16,0.772659378610542,0.553,0.34,3.01625871138997e-12,"20","MOB1A"
1.54972542235187e-16,0.720968970104024,0.764,0.578,3.05187427423754e-12,"20","DDX17"
1.73374935496426e-16,0.748251238014127,0.652,0.458,3.41427260473111e-12,"20","DAD1"
1.81555145006068e-16,1.05072212415753,0.31,0.144,3.5753654706045e-12,"20","MCTS1"
2.08391477110531e-16,0.928692599905447,0.393,0.204,4.10385335873769e-12,"20","LSM10"
2.12422115255259e-16,1.23642240492836,0.256,0.11,4.18322871572181e-12,"20","SCFD1"
2.33098829794687e-16,1.19104060833374,0.288,0.131,4.59041525514677e-12,"20","TUSC2"
2.34045914391379e-16,1.15264872374985,0.291,0.132,4.60906619210943e-12,"20","KRI1"
2.96857153501771e-16,0.978567713838542,0.399,0.212,5.84600792391038e-12,"20","ACAA1"
3.70979021695949e-16,1.08239598755341,0.323,0.155,7.30568987425833e-12,"20","IAH1"
4.01542434076864e-16,1.15538759697809,0.259,0.112,7.90757515427569e-12,"20","RPRD1A"
4.04558035691992e-16,1.15822205983425,0.268,0.118,7.9669613968824e-12,"20","KDM3B"
4.21742054770119e-16,0.910788144626238,0.252,0.106,8.30536628458796e-12,"20","DAPP1"
4.27173223231006e-16,1.04294880927773,0.31,0.145,8.4123222850882e-12,"20","SMIM19"
4.27287273952336e-16,0.609477001511451,0.617,0.405,8.41456828594336e-12,"20","PRDX6"
4.43337309571195e-16,0.99454881174833,0.342,0.168,8.73064163738555e-12,"20","EMC6"
4.95398808494925e-16,1.14505719110496,0.275,0.123,9.75588873569055e-12,"20","COQ4"
5.20471115520126e-16,0.999144371314899,0.345,0.17,1.02496376779378e-11,"20","AFF1"
5.21417117188355e-16,1.21344589945533,0.252,0.109,1.02682672887903e-11,"20","ATAD2B"
5.31292479079843e-16,0.69962197661069,0.681,0.467,1.04627427905194e-11,"20","KLF6"
5.44321850171946e-16,0.945505961026967,0.409,0.221,1.07193301954361e-11,"20","PLEKHJ1"
5.61831953458756e-16,1.04754248273654,0.323,0.155,1.10641566594633e-11,"20","STOML2"
5.85226556325155e-16,0.822313509038727,0.489,0.283,1.15248665737113e-11,"20","NR3C1"
7.22677412762908e-16,1.01308088379487,0.339,0.167,1.42316862895399e-11,"20","UBR2"
7.23193690261912e-16,1.18227413987233,0.272,0.122,1.42418533423278e-11,"20","MPV17"
8.22426667740975e-16,1.054479915606,0.291,0.133,1.6196048367823e-11,"20","LAMP2"
8.40540845829033e-16,1.07201296311331,0.284,0.129,1.65527708769111e-11,"20","MTG1"
9.84845273985731e-16,0.963275046878854,0.387,0.204,1.9394557980601e-11,"20","SMU1"
1.06470407453702e-15,0.765159325560882,0.591,0.393,2.09672173398576e-11,"20","PSMB3"
1.18696943089301e-15,1.14099700415913,0.319,0.157,2.3374989002576e-11,"20","NDUFA9"
1.25316507250477e-15,0.973974038151648,0.332,0.162,2.46785797728364e-11,"20","DAP"
1.3850594448635e-15,1.05225170917956,0.31,0.148,2.72759756476969e-11,"20","EP400"
1.55000705457709e-15,0.940105908811188,0.355,0.179,3.05242889257867e-11,"20","VKORC1"
1.66264021959034e-15,1.05599565690464,0.288,0.132,3.27423738443926e-11,"20","ZNF580"
1.79807430427047e-15,0.757939638105726,0.45,0.247,3.54094772739984e-11,"20","POLR2G"
2.06603081423738e-15,1.04955299651514,0.3,0.142,4.06863448247768e-11,"20","ITPA"
2.42599616750136e-15,1.02792907940952,0.326,0.16,4.77751425266042e-11,"20","MRPL16"
2.54783509021294e-15,1.04990466162765,0.294,0.137,5.01745164315635e-11,"20","SRSF6"
2.58110757500161e-15,1.04076558300101,0.31,0.149,5.08297514745067e-11,"20","ATP11B"
2.66174200211697e-15,0.821685199173169,0.367,0.186,5.24176852476895e-11,"20","SVIP"
2.75864773306938e-15,0.987247325387683,0.371,0.193,5.43260498073353e-11,"20","CCDC107"
3.10745835230474e-15,1.00077950820628,0.355,0.181,6.11951773319373e-11,"20","TMEM30A"
3.60899783204441e-15,0.786167177599655,0.591,0.4,7.10719943064506e-11,"20","TRA2B"
3.6795165614299e-15,0.687851505029603,0.623,0.414,7.2460719644239e-11,"20","SRSF2"
4.26062207403925e-15,1.0874367594086,0.297,0.141,8.39044305040549e-11,"20","COPB2"
4.31584438155754e-15,0.875729756278848,0.425,0.236,8.49919234060126e-11,"20","COX16"
4.60043153852844e-15,1.04537150776131,0.275,0.125,9.05962982882406e-11,"20","ATP8A1"
4.68601463462269e-15,0.970102827563982,0.348,0.177,9.22816861996246e-11,"20","TIMM17B"
4.71018790582627e-15,1.0224540099839,0.358,0.187,9.27577304294367e-11,"20","BUD23"
4.97093222088334e-15,0.5920234103899,0.783,0.614,9.78925682258556e-11,"20","SLC25A3"
5.21724459601752e-15,1.07989765653528,0.31,0.151,1.02743197829373e-10,"20","PSMD3"
5.34565197501188e-15,1.0611643707848,0.297,0.142,1.05271924343909e-10,"20","HSPB11"
5.68504862529936e-15,1.09444625663163,0.291,0.138,1.1195566257802e-10,"20","PRPF19"
5.75874558832784e-15,0.961120889486639,0.339,0.171,1.1340697687094e-10,"20","RFTN1"
6.23371516716399e-15,0.911653246489182,0.387,0.207,1.2276055278696e-10,"20","SRP19"
6.52310386686285e-15,0.93961104800528,0.304,0.144,1.2845948445013e-10,"20","YLPM1"
6.60344550906419e-15,0.716275747688147,0.62,0.431,1.30041652410001e-10,"20","APBB1IP"
6.66246561884932e-15,1.10934756769637,0.275,0.127,1.31203935432e-10,"20","TBL1XR1"
6.6941713198898e-15,1.07996037013658,0.262,0.117,1.3182831580259e-10,"20","CISD2"
7.78757601457631e-15,1.16081116965878,0.256,0.114,1.53360734455051e-10,"20","LEMD3"
8.70409973700968e-15,1.04165207935916,0.259,0.115,1.71409836120932e-10,"20","JAZF1"
9.32808530756131e-15,0.605637240002136,0.789,0.631,1.83697983961805e-10,"20","PNISR"
9.99838860148646e-15,0.743210590890931,0.466,0.265,1.96898266729073e-10,"20","SUPT4H1"
9.99915732129968e-15,0.95240811774583,0.348,0.178,1.96913405128355e-10,"20","MTMR14"
1.03244567259222e-14,0.958986186089463,0.307,0.148,2.03319526303587e-10,"20","RHEB"
1.14703186682876e-14,1.12060508669009,0.252,0.113,2.25884985534588e-10,"20","CRELD2"
1.1522090350373e-14,0.681073826123244,0.591,0.381,2.26904525269895e-10,"20","ANP32A"
1.85597213931458e-14,1.16176268243746,0.262,0.12,3.65496593395221e-10,"20","CLPTM1L"
1.85906143366098e-14,0.84628478854894,0.364,0.19,3.66104968130857e-10,"20","MAP2K3"
2.09521404109105e-14,1.17879896927972,0.268,0.126,4.12610501112061e-10,"20","MIB2"
2.20314186563354e-14,0.970894645219676,0.396,0.22,4.33864727599214e-10,"20","YTHDF2"
2.27193085459889e-14,1.17972334180449,0.256,0.117,4.4741134319616e-10,"20","CYHR1"
2.27785231534807e-14,1.15805675533211,0.259,0.119,4.48577456461495e-10,"20","SNAP29"
2.35638740481974e-14,0.816158014248803,0.412,0.228,4.64043371631152e-10,"20","CLINT1"
3.00301632047084e-14,1.03998949960079,0.294,0.142,5.91384003990322e-10,"20","CHMP5"
3.01004723944832e-14,0.66404531451679,0.681,0.506,5.92768602864558e-10,"20","ANKRD12"
3.45148845573909e-14,0.636971345748821,0.649,0.458,6.79701621588699e-10,"20","ARF5"
4.26679513034508e-14,1.15633490042152,0.268,0.127,8.40259965018856e-10,"20","SNX29"
4.31692367325861e-14,0.789471951626432,0.428,0.241,8.50131778974817e-10,"20","COX17"
4.80947834640075e-14,0.667319323552585,0.645,0.456,9.47130570756701e-10,"20","NEDD8"
4.84717429686446e-14,0.838229740797503,0.422,0.24,9.54554034281518e-10,"20","FLOT1"
7.29563982988684e-14,0.971025259687297,0.291,0.141,1.43673035169962e-09,"20","RERE"
7.59918246184634e-14,0.824743982063002,0.511,0.323,1.4965070022114e-09,"20","GGNBP2"
7.61383257773113e-14,1.00135091273617,0.3,0.148,1.49939204953259e-09,"20","FPGS"
7.62094872185133e-14,1.03630997916545,0.313,0.16,1.50079343179418e-09,"20","PIGT"
7.91923495829168e-14,0.713216590484667,0.585,0.394,1.55953494033638e-09,"20","GABARAPL2"
8.31206328931416e-14,1.06143652407243,0.278,0.133,1.63689462356464e-09,"20","THUMPD3-AS1"
8.37885315150672e-14,1.06679080422476,0.265,0.125,1.65004755112622e-09,"20","DNM1L"
8.41165768517157e-14,0.737775817290169,0.479,0.282,1.65650774794084e-09,"20","REEP5"
9.36675674043753e-14,0.838134847287427,0.406,0.228,1.84459540489436e-09,"20","GADD45B"
9.84027940683279e-14,1.05669411009735,0.278,0.134,1.93784622358758e-09,"20","ELP2"
1.06294809294065e-13,0.813092904972883,0.492,0.305,2.09326367942802e-09,"20","UBE2L3"
1.25069517192269e-13,0.76365310943483,0.476,0.288,2.46299400206735e-09,"20","BRD2"
1.35628221580732e-13,0.835893699015292,0.38,0.207,2.67092656758935e-09,"20","PHC3"
1.38966821444959e-13,0.840450360406391,0.374,0.202,2.73667361471558e-09,"20","MRPS15"
1.43599769656748e-13,1.0575662799871,0.262,0.123,2.82791026385034e-09,"20","NAPRT"
1.48490217034859e-13,0.996792597966846,0.323,0.168,2.92421784406748e-09,"20","SYNC"
1.63128962111799e-13,0.716793891637814,0.591,0.402,3.21249865086767e-09,"20","PABPN1"
1.84217992671152e-13,0.862938940916214,0.409,0.235,3.627804929673e-09,"20","C18orf32"
2.13105095930052e-13,0.919623424403722,0.383,0.214,4.19667865415052e-09,"20","NUP210"
2.14073544302826e-13,1.02050830059892,0.294,0.146,4.21575030795556e-09,"20","GRHPR"
2.32463769529342e-13,0.961462079975581,0.262,0.122,4.57790901334133e-09,"20","KCTD20"
2.58632985389121e-13,0.822714332663565,0.374,0.202,5.09325938126797e-09,"20","FAM174C"
2.99342137715998e-13,0.648839656051005,0.556,0.366,5.89494471804115e-09,"20","H2AFV"
3.07061080898099e-13,0.548504912247075,0.69,0.49,6.04695386612626e-09,"20","TRAPPC1"
3.14756011124786e-13,0.96738544169574,0.275,0.132,6.1984901270804e-09,"20","PRCP"
3.35967597702826e-13,0.82878684249987,0.399,0.226,6.61620990156174e-09,"20","ATP6AP1"
3.63082262563026e-13,1.07362725473253,0.259,0.123,7.15017899665368e-09,"20","ARSA"
5.13958178326343e-13,0.841570893493357,0.396,0.225,1.01213784057807e-08,"20","PCMTD1"
5.50713691394496e-13,0.965858685142832,0.294,0.147,1.08452047246318e-08,"20","LARP7"
5.92619414795436e-13,1.01853472320113,0.268,0.13,1.16704541355665e-08,"20","HERC2"
6.07672225552909e-13,0.698838227355567,0.428,0.245,1.19668891378134e-08,"20","CRTAP"
6.72116366475183e-13,0.701228679058418,0.47,0.282,1.32359876049958e-08,"20","VPS29"
7.08889887312887e-13,0.901343626399133,0.358,0.195,1.39601685508527e-08,"20","IER3IP1"
7.13171202053883e-13,0.900984107770399,0.374,0.212,1.40444804820471e-08,"20","MRPL51"
7.42275848676096e-13,0.715889132464493,0.466,0.282,1.46176382879784e-08,"20","CLTA"
1.12491044193079e-12,0.636314042079951,0.581,0.387,2.21528613329429e-08,"20","ATP5F1C"
1.12493156197265e-12,0.950682882358253,0.294,0.149,2.21532772499274e-08,"20","BCKDHA"
1.13765553757504e-12,1.03939760671667,0.268,0.132,2.24038505014653e-08,"20","SIRT2"
1.21710460569371e-12,0.9532211632697,0.326,0.173,2.39684409999263e-08,"20","SDF2L1"
1.23283855098821e-12,0.839688394387523,0.256,0.12,2.42782895846108e-08,"20","LEPROT"
1.33501479533042e-12,0.96738544169574,0.272,0.133,2.6290446364442e-08,"20","CASC4"
1.4394421689403e-12,0.596282812136918,0.645,0.466,2.83469346329414e-08,"20","C11orf58"
1.55822822546889e-12,0.893788836126488,0.291,0.147,3.06861884441588e-08,"20","YIF1B"
1.82821421341396e-12,0.587668050513496,0.639,0.45,3.6003022504761e-08,"20","GRB2"
1.86226843725666e-12,0.791305646100804,0.39,0.222,3.66736523348954e-08,"20","ELF2"
1.89694549434134e-12,0.986501764052362,0.291,0.148,3.7356547620064e-08,"20","HDAC3"
1.96214425760445e-12,0.81689613676221,0.345,0.186,3.86405068650045e-08,"20","TRIM38"
1.98191537456667e-12,0.788957886697127,0.396,0.227,3.90298594713414e-08,"20","MRPS6"
2.01967122337115e-12,0.796589063898102,0.403,0.234,3.97733854018481e-08,"20","HEXA"
2.62746458352022e-12,0.731527552816806,0.351,0.189,5.17426600432637e-08,"20","RAB4A"
2.72885628399339e-12,0.914241373342904,0.284,0.143,5.37393668006818e-08,"20","HAGH"
2.74515969772708e-12,0.824303792000672,0.342,0.184,5.40604299273393e-08,"20","RNF13"
2.94948102057923e-12,0.881556570297172,0.323,0.171,5.80841297382668e-08,"20","TCERG1"
3.18395915594461e-12,0.741080065109147,0.508,0.333,6.27017076580173e-08,"20","LMAN2"
3.67080458266096e-12,0.947277592840352,0.304,0.159,7.22891546463423e-08,"20","MED30"
3.71027852422738e-12,1.02506922255817,0.284,0.146,7.30665149776098e-08,"20","RRP7A"
3.90566912143297e-12,0.876389100010939,0.297,0.152,7.69143420083795e-08,"20","IMP4"
4.01989358053574e-12,1.00320689747118,0.256,0.125,7.91637642814904e-08,"20","ZFP91"
4.99505768604183e-12,0.925364705509949,0.288,0.147,9.83676710112218e-08,"20","UBE2K"
5.18831055595462e-12,0.804495590153689,0.556,0.393,1.02173399778414e-07,"20","PNN"
5.58554364020113e-12,1.03320098589866,0.252,0.123,1.09996110906481e-07,"20","DNAJB12"
5.6137116375003e-12,0.820833867226012,0.415,0.249,1.10550823277293e-07,"20","SENP6"
6.29887211500709e-12,0.901261935901057,0.284,0.145,1.24043688560835e-07,"20","ATP2B4"
6.44589326368428e-12,0.753071802915204,0.45,0.279,1.26938976041735e-07,"20","PRPF40A"
6.7969063718504e-12,0.841325628931685,0.304,0.157,1.3385147718085e-07,"20","DCTN4"
7.11915272982813e-12,0.823310426585148,0.364,0.205,1.40197474708505e-07,"20","SDR39U1"
7.6435502222942e-12,0.596265683382418,0.278,0.135,1.5052443452764e-07,"20","CALHM6"
7.9402012302322e-12,0.619263146225113,0.665,0.52,1.56366382826963e-07,"20","ATP5MD"
7.96336661919495e-12,1.00181126610873,0.259,0.128,1.56822578831806e-07,"20","CFAP298"
8.34252509797043e-12,0.690895344298812,0.476,0.301,1.64289346754332e-07,"20","ATRAID"
9.22122670690288e-12,0.608753617937969,0.588,0.404,1.81593617539038e-07,"20","COX7A2L"
1.06549672913297e-11,0.614090575366724,0.514,0.328,2.09828270868156e-07,"20","PRKAR1A"
1.09137513432891e-11,0.876167723867578,0.323,0.175,2.14924505203393e-07,"20","MAP4"
1.20631708250655e-11,0.968549128876812,0.256,0.126,2.37560023058016e-07,"20","WDR74"
1.30225231190571e-11,0.950378588536378,0.281,0.145,2.56452547783592e-07,"20","AFTPH"
1.4621602284196e-11,0.832852710625932,0.345,0.193,2.87943213782673e-07,"20","ESD"
1.47436908777683e-11,0.652783361823361,0.534,0.36,2.90347504455891e-07,"20","SNRPN"
1.47997533343251e-11,0.703413916607892,0.53,0.351,2.91451542412865e-07,"20","VPS13C"
1.49789778172723e-11,0.904509661109565,0.294,0.154,2.94981010155544e-07,"20","SLU7"
1.5070857947652e-11,0.776278986242432,0.393,0.227,2.96790405563112e-07,"20","SMARCA5"
1.54281587819019e-11,0.68306906930622,0.476,0.3,3.03826730891994e-07,"20","TCIRG1"
1.56688461702705e-11,0.92151853904183,0.278,0.143,3.08566587631137e-07,"20","MRPS16"
1.62765895814058e-11,0.923820383131236,0.284,0.148,3.20534878626623e-07,"20","NAA20"
1.833557063086e-11,0.636279628306238,0.562,0.381,3.61082392433525e-07,"20","RBIS"
1.83452539987825e-11,0.77950432636845,0.364,0.208,3.61273086998023e-07,"20","LYPLA1"
2.21490453831024e-11,0.769557535923129,0.422,0.261,4.36181150729436e-07,"20","GTF2A2"
2.2173737190024e-11,0.634277871844013,0.55,0.374,4.36667406483143e-07,"20","ERH"
2.23482227587583e-11,0.835299003989292,0.326,0.178,4.40103550788227e-07,"20","PBRM1"
2.28900271702435e-11,0.585161838645289,0.658,0.507,4.50773305063605e-07,"20","ACTR2"
2.35665903993188e-11,0.731336934458745,0.383,0.221,4.64096864733785e-07,"20","KDM5A"
2.67190678492e-11,0.740728178392781,0.597,0.455,5.26178603154295e-07,"20","CCNL1"
3.05996047957758e-11,0.894088099379165,0.294,0.156,6.02598017243213e-07,"20","PHF14"
3.06279735956872e-11,0.837375001203478,0.284,0.147,6.03156684019869e-07,"20","SREK1IP1"
3.48656363720755e-11,0.82936936779756,0.278,0.143,6.86608977075282e-07,"20","CHST12"
3.68762145080652e-11,0.770727159795786,0.326,0.178,7.26203292307327e-07,"20","SLC38A10"
3.82665568397744e-11,0.837728400823329,0.316,0.173,7.53583303845677e-07,"20","C22orf39"
4.0093251699875e-11,0.843357493491066,0.297,0.158,7.89556405725638e-07,"20","USP7"
4.07082499768327e-11,0.538764087877854,0.719,0.567,8.01667566793767e-07,"20","SRRM2"
4.07388957945587e-11,0.89780720251627,0.272,0.14,8.02271074882244e-07,"20","STAG1"
4.27547725958332e-11,0.678423889065222,0.463,0.285,8.41969736729743e-07,"20","LENG8"
4.29611787754763e-11,0.861413942546713,0.278,0.144,8.46034493625456e-07,"20","USP11"
4.37202988812183e-11,0.863523338943175,0.281,0.146,8.60983845867831e-07,"20","ANKLE2"
4.79023268334097e-11,0.867506834437751,0.284,0.149,9.43340522330337e-07,"20","TXNDC17"
5.07793140891467e-11,0.903234349185742,0.361,0.212,9.99997032357566e-07,"20","NUMA1"
5.8918852643516e-11,0.786270353805861,0.313,0.17,1.16028896510876e-06,"20","VMA21"
5.96812816199724e-11,0.918614536044288,0.252,0.127,1.17530347894212e-06,"20","RING1"
6.15053921931663e-11,0.980750349432079,0.256,0.13,1.21122568846003e-06,"20","SMG7"
6.45536443744405e-11,0.86907387190486,0.294,0.157,1.27125491866586e-06,"20","MRPS12"
7.2600427808435e-11,0.651339457817056,0.508,0.337,1.42972022483151e-06,"20","FNBP4"
7.43290047729928e-11,1.00573798291528,0.252,0.129,1.46376109099455e-06,"20","NSMAF"
7.59452963152892e-11,0.804692362597102,0.387,0.234,1.49559072033699e-06,"20","COPA"
7.68323901553177e-11,1.00109283105275,0.268,0.141,1.51306025932867e-06,"20","WASHC3"
7.85150784859034e-11,0.806190636080961,0.335,0.19,1.5461974406229e-06,"20","CHD4"
7.85690401871185e-11,0.632811352411248,0.54,0.373,1.54726010840492e-06,"20","NUCB1"
8.13901626096947e-11,0.667100002517215,0.581,0.436,1.60281647227272e-06,"20","TRMT112"
8.2523207129047e-11,0.798400104706118,0.342,0.194,1.62512951799232e-06,"20","SPAG7"
8.5844309534506e-11,0.579109650435877,0.626,0.455,1.69053198766303e-06,"20","SFPQ"
9.32074267491005e-11,0.959404216428372,0.275,0.145,1.83553385497004e-06,"20","NARS"
9.57956999525068e-11,0.989690041683409,0.256,0.132,1.88650471916472e-06,"20","PHKG2"
9.91185827972643e-11,0.829305970545368,0.304,0.165,1.95194225102653e-06,"20","XPO1"
1.09075036237507e-10,0.737095380988963,0.387,0.231,2.14801468862523e-06,"20","RNF114"
1.09207327895889e-10,0.506206844967707,0.55,0.366,2.15061990825374e-06,"20","PGLS"
1.15241248770093e-10,0.8961596226527,0.281,0.149,2.26944591202944e-06,"20","MRTFA"
1.27660342664481e-10,0.619505643124127,0.597,0.451,2.51401512809162e-06,"20","TMEM59"
1.44672602024609e-10,0.540106592120419,0.655,0.495,2.84903755167063e-06,"20","SERBP1"
1.45203334002635e-10,0.737316736811099,0.406,0.249,2.85948925651389e-06,"20","TTC17"
1.46617407380444e-10,0.874282975489613,0.259,0.133,2.88733660354308e-06,"20","GTF3C1"
1.47266676186466e-10,0.900118754350838,0.268,0.141,2.90012265414008e-06,"20","UBE2E1"
1.53777771636611e-10,0.666108234098554,0.46,0.296,3.02834565683977e-06,"20","RTN4"
1.65933897040783e-10,0.785079298234282,0.339,0.193,3.26773623442414e-06,"20","UBE2G2"
1.67867378854734e-10,0.721925738761654,0.361,0.209,3.30581229178628e-06,"20","MMADHC"
1.6869432315251e-10,0.891734682347167,0.275,0.146,3.32209730584238e-06,"20","ZNF652"
1.72417803325669e-10,0.650265832481116,0.514,0.356,3.39542380089239e-06,"20","APH1A"
1.79206512320502e-10,0.802703080967111,0.342,0.197,3.52911384712764e-06,"20","SETD2"
1.81189201031552e-10,0.503615850607452,0.732,0.588,3.56815893591436e-06,"20","COX7A2"
1.85757875928227e-10,0.734592281903956,0.367,0.215,3.65812985065457e-06,"20","EIF4G1"
2.06161017296021e-10,0.71608800527349,0.399,0.243,4.05992891361055e-06,"20","DOCK2"
2.11905602135631e-10,0.706466780075683,0.527,0.368,4.17305702285699e-06,"20","SP110"
2.1774551285767e-10,0.857952866680424,0.272,0.143,4.2880623847061e-06,"20","MRPL28"
2.2912055924573e-10,0.692497422672105,0.498,0.333,4.51207117322617e-06,"20","SLC38A1"
2.31128464714407e-10,0.879281534989104,0.326,0.187,4.55161285562081e-06,"20","NUTM2B-AS1"
2.39792287008757e-10,0.715217719700185,0.393,0.239,4.72222950806345e-06,"20","MRPL34"
2.52629591734116e-10,0.639904611127637,0.508,0.348,4.97503455001994e-06,"20","NDUFA2"
2.54095468963404e-10,0.765287533913195,0.355,0.208,5.00390207029632e-06,"20","PSMD9"
2.66142704572075e-10,0.847219245998714,0.297,0.164,5.24114828113788e-06,"20","DDRGK1"
2.68527653402103e-10,0.703810884924704,0.406,0.249,5.28811507844762e-06,"20","SNRPB2"
2.8798464891228e-10,0.551309699997146,0.572,0.4,5.67128169102953e-06,"20","EIF5"
3.52289746415674e-10,0.821636550495864,0.351,0.209,6.93764197616387e-06,"20","GORASP2"
3.52728373346308e-10,0.819621997329854,0.351,0.21,6.94627985630885e-06,"20","LARS"
3.76260127479908e-10,0.866424640359995,0.316,0.179,7.40969069046183e-06,"20","GOLGB1"
4.0305234984633e-10,0.885869238254901,0.31,0.176,7.93730992552377e-06,"20","FBRS"
4.09003628842448e-10,0.642728544782031,0.492,0.325,8.05450846279434e-06,"20","RBBP6"
4.12645136194878e-10,0.80774287237279,0.332,0.192,8.12622066708574e-06,"20","SREK1"
4.19288266032373e-10,0.559607689466405,0.626,0.471,8.25704382297553e-06,"20","JTB"
4.37786803874286e-10,0.960682476750361,0.259,0.137,8.62133552869631e-06,"20","FASTK"
4.68120176717367e-10,0.742836861932678,0.358,0.212,9.2186906400951e-06,"20","CNPPD1"
4.77948551578302e-10,0.712667159647989,0.335,0.192,9.4122408262315e-06,"20","CCAR1"
4.86292168678962e-10,0.823748620340791,0.339,0.199,9.5765516777948e-06,"20","FIP1L1"
4.97857323098048e-10,0.709472603989282,0.39,0.237,9.80430426376986e-06,"20","TMED4"
5.14630910734418e-10,0.556015267439977,0.425,0.264,1.01346265250929e-05,"20","NDUFAF3"
5.3298746513772e-10,0.839968610964278,0.275,0.148,1.04961221509571e-05,"20","RPL7L1"
5.88547632143615e-10,0.577632953044982,0.578,0.416,1.15902685198042e-05,"20","SNU13"
6.2883011975326e-10,0.822250303630692,0.256,0.133,1.2383551548301e-05,"20","SEL1L"
6.30630783580295e-10,0.754410137648965,0.304,0.168,1.24190120210467e-05,"20","SMIM7"
6.48203427605282e-10,0.748104673171233,0.313,0.175,1.27650700998308e-05,"20","POP5"
7.68299921047541e-10,0.817656594158865,0.355,0.217,1.51301303451892e-05,"20","COPZ1"
7.72506849051814e-10,0.715544757193024,0.367,0.219,1.52129773783774e-05,"20","NR1H2"
7.94316667357411e-10,0.646818404181775,0.457,0.3,1.56424781302695e-05,"20","MRPL57"
8.26179383659842e-10,0.679283486814738,0.492,0.342,1.62699506024133e-05,"20","PSMB6"
9.0943335442113e-10,0.845243045505068,0.265,0.142,1.79094710486153e-05,"20","COMMD9"
9.33077948949109e-10,0.512611710157529,0.383,0.232,1.83751040486548e-05,"20","RSU1"
9.6562756568134e-10,0.654968720635803,0.364,0.216,1.90161036509626e-05,"20","GLS"
9.74026322709431e-10,0.677183402932791,0.358,0.211,1.91815003731168e-05,"20","CNOT8"
1.01249889546916e-09,0.81851550129796,0.265,0.141,1.99391407484742e-05,"20","GAK"
1.03218362099142e-09,0.8826894859489,0.252,0.133,2.03267920481841e-05,"20","ZCRB1"
1.07225483698913e-09,0.813907151627505,0.31,0.177,2.1115914504827e-05,"20","TMED5"
1.08181759567886e-09,0.675513841174782,0.367,0.22,2.13042339117038e-05,"20","VDAC3"
1.24242912716441e-09,0.6564928692204,0.399,0.247,2.44671568012488e-05,"20","RER1"
1.365363635655e-09,0.667384640096776,0.441,0.291,2.68881060769538e-05,"20","LSM4"
1.41775470926405e-09,0.877443316382941,0.265,0.144,2.7919843489537e-05,"20","GANAB"
1.43164361236279e-09,0.798242386723758,0.268,0.145,2.81933576582604e-05,"20","DHRS4"
1.4871725076904e-09,0.624273384913247,0.457,0.3,2.9286888193947e-05,"20","NDUFS8"
1.49038199111465e-09,0.744549045885596,0.297,0.166,2.93500925510208e-05,"20","C1D"
1.51088457753394e-09,0.636256107965621,0.364,0.216,2.97538499853759e-05,"20","PSMA4"
1.66933186185529e-09,0.845670970328462,0.313,0.183,3.28741523555163e-05,"20","WBP1"
1.74938574104282e-09,0.545625045375982,0.62,0.481,3.44506533983563e-05,"20","PSMB10"
1.85186531214175e-09,0.540774914049762,0.565,0.399,3.64687835920076e-05,"20","UBXN4"
2.16823169468016e-09,0.588769578698356,0.562,0.406,4.26989867633363e-05,"20","SRSF10"
2.24661800838867e-09,0.76760750324514,0.307,0.175,4.4242648439198e-05,"20","WASHC4"
2.2724996643935e-09,0.917019346967775,0.297,0.17,4.47523358909012e-05,"20","NUFIP2"
2.39418838840474e-09,0.699937534317525,0.393,0.248,4.71487519328545e-05,"20","CCDC12"
2.70927164279065e-09,0.671575689467917,0.371,0.227,5.33536864614763e-05,"20","NEMF"
2.99132080920503e-09,0.550070249814435,0.511,0.352,5.89080806956747e-05,"20","SEM1"
3.02619795051561e-09,0.569446586601413,0.604,0.45,5.95949162395039e-05,"20","USP15"
3.84047010696146e-09,0.591438183780882,0.521,0.373,7.5630377816392e-05,"20","C1QBP"
4.5581984960255e-09,0.762930448382382,0.304,0.176,8.97646029822301e-05,"20","POLR2K"
4.57637675480499e-09,0.847695972988889,0.284,0.162,9.01225874323747e-05,"20","DDX27"
4.65665495105869e-09,0.581298647374031,0.537,0.383,9.17035059511989e-05,"20","LUC7L3"
4.87834029947479e-09,0.587047741729268,0.524,0.373,9.60691555175571e-05,"20","SRSF9"
4.91817059220899e-09,0.530908760359345,0.575,0.423,9.68535334723717e-05,"20","UQCRQ"
5.10504735484212e-09,0.837504571012797,0.259,0.142,0.000100533697558906,"20","PTPN11"
5.18164735818941e-09,0.572584730677303,0.562,0.42,0.000102042181424824,"20","TAF10"
5.2017511486745e-09,0.824335330971798,0.268,0.148,0.000102438085370847,"20","PFDN4"
5.28960980957658e-09,0.721449362741857,0.316,0.185,0.000104168285979992,"20","NCOA3"
5.62501405392727e-09,0.768631077293831,0.342,0.208,0.00011077340176399,"20","SP3"
5.88795544256307e-09,0.65910523834772,0.393,0.249,0.000115951506530395,"20","PIN1"
5.9310150029067e-09,0.557521599819902,0.565,0.407,0.000116799478452242,"20","ARHGAP4"
6.07832205701935e-09,0.582747064649299,0.435,0.28,0.000119700396268882,"20","RBCK1"
6.31198613505566e-09,0.644652015199604,0.377,0.234,0.000124301942957651,"20","PQBP1"
6.56825212635126e-09,0.680682841575532,0.332,0.197,0.000129348589124235,"20","SURF4"
7.03948954571105e-09,0.589776318274617,0.486,0.331,0.000138628667623688,"20","ANAPC5"
7.25691004899702e-09,0.683041638879943,0.377,0.237,0.000142910329594898,"20","SF3B4"
7.460932518793e-09,0.83735975846152,0.252,0.138,0.00014692814409259,"20","ZNF511"
7.93667529114405e-09,0.686444866623871,0.348,0.212,0.0001562969465085,"20","SRM"
8.175804801495e-09,0.780965896445642,0.272,0.152,0.000161006123955841,"20","SPATA13"
8.18245593043444e-09,0.788026562947889,0.252,0.137,0.000161137104638045,"20","IREB2"
8.50167570681416e-09,0.804900739147025,0.288,0.166,0.000167423499694291,"20","CDC123"
1.14361905520708e-08,0.53543585185016,0.457,0.307,0.000225212900541931,"20","DUT"
1.14614398659848e-08,0.52703630541598,0.575,0.432,0.000225710135280838,"20","BCAP31"
1.18220830056383e-08,0.749976710084234,0.281,0.16,0.000232812280630035,"20","USP8"
1.20671424827678e-08,0.575121385591388,0.486,0.335,0.000237638236913147,"20","SNRPG"
1.30120933363269e-08,0.683830533201333,0.355,0.221,0.000256247154072286,"20","RPS6KA3"
1.39032402117469e-08,0.838535517530764,0.252,0.14,0.000273796509489932,"20","NSMCE4A"
1.39255594984786e-08,0.637084348517044,0.47,0.33,0.00027423604320354,"20","TAF15"
1.45428873482559e-08,0.746811537024612,0.281,0.161,0.000286393080549203,"20","TIA1"
1.68961222351891e-08,0.649277220343493,0.387,0.247,0.00033273533517758,"20","TTC14"
1.71824825509769e-08,0.626011498869281,0.383,0.246,0.000338374628876388,"20","ABI1"
1.85460263056761e-08,0.564108750949987,0.572,0.432,0.00036522689603768,"20","RABAC1"
1.92443863613874e-08,0.70257185070443,0.345,0.214,0.000378979700614802,"20","NSMCE1"
1.96774090227859e-08,0.766936250106745,0.272,0.155,0.000387507215885723,"20","NBR1"
1.97688542525e-08,0.682324975253367,0.319,0.191,0.000389308046794483,"20","NAXE"
2.04138079250694e-08,0.707414160513923,0.358,0.227,0.000402009119468391,"20","PSMB2"
2.09814177297073e-08,0.710880572916983,0.297,0.174,0.000413187059351127,"20","TBC1D1"
2.2855025935031e-08,0.651412109408716,0.355,0.219,0.000450084025738565,"20","SMC1A"
2.41328669975685e-08,0.60468154298382,0.313,0.184,0.000475248549783116,"20","MESD"
2.47545573553336e-08,0.645315539063378,0.438,0.299,0.000487491497998585,"20","TAP1"
2.62236616154878e-08,0.577427977938257,0.447,0.299,0.000516422568193802,"20","HNRNPH1"
2.65257978917077e-08,0.647387756987031,0.38,0.243,0.0005223725378814,"20","AFF4"
2.75438030092138e-08,0.734198857716029,0.323,0.196,0.000542420112660447,"20","POLE3"
2.89232181767192e-08,0.645393011375699,0.396,0.259,0.000569584935554131,"20","C1orf43"
2.93186910183999e-08,0.764889494169771,0.268,0.153,0.00057737298222535,"20","OSBPL9"
3.05815439156796e-08,0.793723993992982,0.262,0.149,0.000602242344331479,"20","WDR45"
3.4683725797666e-08,0.69433462269703,0.329,0.202,0.000683026612133436,"20","TMEM248"
3.4805798610518e-08,0.723026247165834,0.294,0.174,0.00068543059203693,"20","AAMP"
3.51732763992323e-08,0.751726914458167,0.3,0.18,0.000692667332130081,"20","WDR43"
3.52879225564111e-08,0.599318073882193,0.361,0.226,0.000694925058903403,"20","DNAJC15"
3.53727193856164e-08,0.516181289147392,0.565,0.423,0.000696594962860943,"20","AKAP13"
3.61251077851798e-08,0.779842375880261,0.272,0.157,0.000711411747613545,"20","AP3D1"
4.19598634660072e-08,0.532340345114865,0.578,0.429,0.00082631559123608,"20","EWSR1"
5.40074227786277e-08,0.560883312516669,0.428,0.288,0.00106356817677951,"20","DYNC1H1"
5.55083469599153e-08,0.763409859757264,0.256,0.145,0.00109312587668161,"20","MRPL55"
7.17524954763635e-08,0.648708459077149,0.396,0.266,0.00141302189341603,"20","UBE3A"
7.94108822313965e-08,0.554186681830159,0.457,0.315,0.00156383850378289,"20","BANF1"
8.53876837350552e-08,0.585856806346668,0.361,0.228,0.00168153965579444,"20","POLR2J3"
8.85965451986082e-08,0.536414143501134,0.521,0.381,0.00174473176459619,"20","BTG2"
8.91158649973264e-08,0.545687560598216,0.428,0.287,0.00175495872939235,"20","NDUFAB1"
8.92974152173865e-08,0.5142493005563,0.46,0.312,0.00175853399787599,"20","TWF2"
9.33772255933836e-08,0.698951825681227,0.367,0.244,0.0018388777036105,"20","PRMT1"
9.41743385722594e-08,0.651665080207111,0.399,0.27,0.0018545752495035,"20","SMARCE1"
9.67296953027806e-08,0.596591164498494,0.294,0.174,0.00190489788959766,"20","PPP3R1"
1.17042220465109e-07,0.788690715700584,0.252,0.145,0.00230491244761939,"20","PARP4"
1.17579116397129e-07,0.62432555249773,0.339,0.212,0.00231548553920866,"20","UBTF"
1.19097372179082e-07,0.54980702710762,0.415,0.276,0.00234538455032267,"20","PRKCSH"
1.21302712538346e-07,0.71849009671182,0.281,0.167,0.00238881431801764,"20","YIPF3"
1.30303409467315e-07,0.603982835440457,0.409,0.276,0.00256606504263984,"20","SSNA1"
1.31673767054038e-07,0.748925783449094,0.284,0.171,0.00259305149459518,"20","FOXN2"
1.33062166200936e-07,0.557137583374097,0.543,0.422,0.00262039323899504,"20","NDUFB4"
1.36957955281735e-07,0.66110228905222,0.294,0.177,0.00269711301336321,"20","MRPL14"
1.37404028307934e-07,0.655125706166367,0.371,0.247,0.00270589752946814,"20","ATXN2L"
1.42167415215352e-07,0.740488987260527,0.262,0.153,0.00279970290783593,"20","TBCC"
1.45430202283392e-07,0.688881078419947,0.284,0.17,0.00286395697356684,"20","NADSYN1"
1.49206389174467e-07,0.829749630433041,0.268,0.16,0.00293832142201278,"20","TARDBP"
1.76524969339661e-07,0.672056934092535,0.316,0.196,0.00347630622120595,"20","TOX4"
1.8585269427134e-07,0.809414930490083,0.294,0.183,0.00365999710828551,"20","ANKRD10"
1.88809344931678e-07,0.658989915103995,0.281,0.167,0.00371822242973953,"20","RBM42"
2.02713936184617e-07,0.533196968220511,0.46,0.322,0.00399204554528366,"20","PSMD8"
2.13874577392361e-07,0.627305904563589,0.31,0.191,0.00421183205258776,"20","PSMB7"
2.1457307713476e-07,0.687670919613112,0.316,0.198,0.00422558760801482,"20","QARS"
2.34013409161566e-07,0.51374238038605,0.508,0.371,0.00460842606661872,"20","VCP"
2.35080465539665e-07,0.602184977173945,0.371,0.242,0.00462943960787262,"20","PFKL"
2.44618784570501e-07,0.555578498981538,0.419,0.285,0.00481727772454687,"20","TMEM256"
2.4534955089875e-07,0.660888106523536,0.31,0.193,0.00483166870584908,"20","SSRP1"
2.45917908889922e-07,0.727159692818892,0.278,0.168,0.00484286137976923,"20","MRPL4"
2.64728746123902e-07,0.564354024730403,0.403,0.271,0.00521330319741801,"20","SASH3"
2.68073696404599e-07,0.686918948709539,0.3,0.186,0.00527917530329576,"20","SNF8"
2.88098217218244e-07,0.67561527053827,0.297,0.183,0.00567351819167887,"20","TXNDC12"
2.95489224277835e-07,0.573731773092141,0.351,0.226,0.00581906929370341,"20","RTF1"
3.01597268343255e-07,0.662486053823707,0.288,0.175,0.00593935500548373,"20","ZBTB8OS"
3.1220459652549e-07,0.593301443504815,0.348,0.223,0.00614824511937648,"20","MYO9B"
3.19014022631708e-07,0.529735253842215,0.521,0.397,0.00628234314768623,"20","SF3B5"
3.3291078182186e-07,0.738040259717524,0.262,0.156,0.0065560120264179,"20","RNF145"
3.34652830870126e-07,0.667539538631072,0.332,0.215,0.0065903181983254,"20","ARL5A"
3.43100842564258e-07,0.659835626991312,0.304,0.187,0.00675668489261794,"20","RBM5"
3.7696068233301e-07,0.670555417205757,0.252,0.147,0.00742348671718396,"20","ERAP1"
3.80215755803823e-07,0.610175416448976,0.294,0.179,0.00748758887904468,"20","CHCHD5"
3.92135775108389e-07,0.651857324199785,0.281,0.17,0.00772232981920951,"20","DCTN1"
3.92330952679886e-07,0.613404877492485,0.304,0.187,0.00772617345112499,"20","SMC3"
3.94576972959687e-07,0.701904708477102,0.256,0.151,0.00777040432849511,"20","UBE2V2"
3.95116379070417e-07,0.661970308986284,0.313,0.198,0.00778102685303372,"20","TMEM147"
4.09871208856504e-07,0.658630019700593,0.262,0.155,0.00807159371601114,"20","PCBP1-AS1"
4.5090198286726e-07,0.524855148279326,0.399,0.268,0.00887961274860496,"20","ENY2"
4.55961088265204e-07,0.617408434390329,0.345,0.224,0.00897924171120666,"20","RBBP7"
4.58441097987437e-07,0.571529024064964,0.387,0.258,0.0090280805426666,"20","SDHC"
4.84934834633841e-07,0.766417098697096,0.259,0.156,0.00954982169844423,"20","ELAVL1"
5.31557770734772e-07,0.595355829219808,0.339,0.218,0.0104679671790799,"20","TXN2"
5.33375429006479e-07,0.561216415286237,0.364,0.239,0.0105037623234246,"20","DENR"
5.37066278412978e-07,0.529195692948981,0.444,0.309,0.0105764462207868,"20","TMEM230"
5.53852237330797e-07,0.672709261345678,0.265,0.159,0.0109070121097554,"20","KRR1"
5.54454649580863e-07,0.524140715613334,0.425,0.292,0.0109188754141959,"20","NDUFS6"
6.19020779936751e-07,0.504321200542322,0.444,0.314,0.0121903762192944,"20","POLR2E"
6.70073944524717e-07,0.68750637731245,0.351,0.235,0.0131957661895253,"20","PIK3CD"
6.88197601487968e-07,0.652464646894879,0.268,0.162,0.0135526753661026,"20","DEDD2"
7.03548934220136e-07,0.557740470674808,0.3,0.186,0.0138549891615971,"20","ADK"
7.46661800216916e-07,0.6985798801552,0.252,0.15,0.0147040108316717,"20","NXT1"
8.61659777651233e-07,0.601808873769513,0.307,0.193,0.0169686660012857,"20","ELMO1"
8.61947086464236e-07,0.642410127756534,0.265,0.16,0.0169743239737402,"20","CEBPZOS"
8.94411387536439e-07,0.683015492916553,0.268,0.164,0.0176136434547551,"20","CTDNEP1"
9.0805920848261e-07,0.616657421858591,0.281,0.172,0.017882409992648,"20","GET3"
9.15848293563554e-07,0.507303849554827,0.377,0.253,0.0180358004451471,"20","ARPC5L"
9.3252541360069e-07,0.614654663899693,0.3,0.188,0.0183642229700384,"20","ATG12"
9.87860144601731e-07,0.621744410113682,0.31,0.198,0.0194539298276419,"20","FRYL"
1.00157005843734e-06,0.675931733048757,0.262,0.159,0.0197239191608066,"20","MMGT1"
1.03976523734473e-06,0.562560342496202,0.31,0.195,0.0204760968190297,"20","SNX1"
1.05161086990109e-06,0.603383500149611,0.281,0.173,0.0207093728609622,"20","LMF2"
1.12479888842978e-06,0.566846693851564,0.371,0.25,0.0221506645098476,"20","TUT4"
1.13522994726196e-06,0.624993661190313,0.265,0.161,0.0223560833514299,"20","PCF11"
1.20407215283699e-06,0.562351148554707,0.38,0.259,0.0237117929058189,"20","LSM5"
1.22036298964482e-06,0.687836480799775,0.252,0.152,0.0240326083550753,"20","CUL5"
1.22466261673432e-06,0.546447836560773,0.361,0.238,0.024117280911349,"20","SNRPA1"
1.25641793774717e-06,0.626748477484097,0.339,0.224,0.024742638448055,"20","DCTN2"
1.30877675061715e-06,0.521896312088052,0.342,0.222,0.0257737405499035,"20","IDH3G"
1.42984831295529e-06,0.596078965070314,0.339,0.222,0.0281580028270285,"20","PPHLN1"
1.44770774898094e-06,0.642267995595864,0.361,0.248,0.0285097087006817,"20","ZNF800"
1.47362004527972e-06,0.689961982173955,0.256,0.155,0.0290199995516935,"20","TMEM50B"
1.62145399534523e-06,0.642092469234861,0.252,0.152,0.0319312935303337,"20","ERLEC1"
1.62605828749228e-06,0.510271068130326,0.399,0.273,0.0320219658555855,"20","NOP58"
1.6454352576951e-06,0.501029941013352,0.358,0.238,0.0324035565297896,"20","RAB8A"
1.75000287424283e-06,0.630268941618504,0.275,0.17,0.0344628066024641,"20","ARPC1A"
1.81583522663351e-06,0.522873669812859,0.256,0.154,0.0357592431180937,"20","PTPRJ"
2.06776695088246e-06,0.605147298381427,0.313,0.203,0.0407205345637282,"20","LASP1"
2.21004804377877e-06,0.568209363128672,0.387,0.27,0.0435224761261354,"20","MRPL41"
2.21151945744954e-06,0.716441814781665,0.265,0.165,0.0435514526755537,"20","USP48"
2.21618685967046e-06,0.603810216602571,0.307,0.199,0.0436433678274904,"20","HOOK3"
2.27043868420629e-06,0.59862708682684,0.339,0.225,0.0447117490080745,"20","THOC2"
2.48765981459606e-06,0.621572128590943,0.278,0.174,0.0489894847288402,"20","AKAP17A"
2.55750577106927e-06,0.604991470602614,0.38,0.266,0.050364961149667,"20","PREX1"
2.62689760940965e-06,0.629071828465659,0.297,0.191,0.0517314946221042,"20","AP3B1"
2.66168824597556e-06,0.532138196649098,0.543,0.424,0.0524166266279967,"20","RBM25"
2.6834289328597e-06,0.639669960478447,0.272,0.17,0.0528447659748061,"20","MICU2"
2.71088845253823e-06,0.590278153774686,0.374,0.259,0.0533855262958355,"20","PRRC2A"
2.89924675040465e-06,0.531696557461895,0.367,0.25,0.0570948662557187,"20","NAA10"
3.20025280720174e-06,0.58271336282536,0.335,0.225,0.0630225785322239,"20","CPSF6"
3.5085590568507e-06,0.589929280473662,0.387,0.275,0.0690940535065607,"20","YME1L1"
3.58711592080942e-06,0.521580654770426,0.252,0.152,0.0706410738285,"20","JARID2"
3.73803678972309e-06,0.560942740154142,0.326,0.215,0.0736131585000169,"20","AP1M1"
3.92678432163831e-06,0.557860686230827,0.3,0.194,0.0773301636460233,"20","CNTRL"
3.95208397965904e-06,0.528335496804795,0.329,0.217,0.0778283898114255,"20","LY9"
3.96947585933007e-06,0.629675667202457,0.284,0.183,0.0781708880977871,"20","PTOV1"
4.3575485473309e-06,0.620386367049742,0.332,0.226,0.0858132035425875,"20","PSMB4"
4.44106213078878e-06,0.679263323718434,0.256,0.159,0.0874578365416234,"20","TMEM35B"
4.59629669516697e-06,0.568977481302141,0.326,0.217,0.0905148708179232,"20","CSNK1G2"
5.04598239373084e-06,0.563298044625096,0.332,0.221,0.0993705312797414,"20","HECTD1"
5.30415990947003e-06,0.562375449160582,0.332,0.222,0.104454821097193,"20","SH3GLB1"
5.40675853335627e-06,0.585442082719874,0.275,0.174,0.106475295797385,"20","USP33"
5.7730606435722e-06,0.573977109170227,0.307,0.2,0.113688883253867,"20","DHX9"
5.78023252077541e-06,0.535746951735508,0.3,0.195,0.11383011903163,"20","GTF3C6"
5.89095348768304e-06,0.607928810143196,0.291,0.189,0.116010547032942,"20","PIH1D1"
5.93183102284429e-06,0.620220910883394,0.291,0.188,0.116815548332873,"20","COPB1"
5.98751992142119e-06,0.547182867337412,0.348,0.239,0.117912229812547,"20","SNRPE"
6.08314261780874e-06,0.608887456686392,0.31,0.206,0.119795327572508,"20","ORMDL1"
6.7534412934194e-06,0.517592195675269,0.262,0.163,0.132995519391308,"20","CAMTA1"
6.94636597149703e-06,0.533829836781366,0.326,0.218,0.136794785076691,"20","MIEN1"
7.19335760912884e-06,0.556734387267196,0.31,0.204,0.141658791396574,"20","SUMF2"
7.28547047735415e-06,0.658956340398076,0.256,0.162,0.143472770110535,"20","RPAIN"
7.83000741165433e-06,0.595693463616509,0.313,0.209,0.154196335957709,"20","SUPT16H"
7.90121094816154e-06,0.513979546905997,0.399,0.286,0.155598547202145,"20","ILF2"
7.94109912697823e-06,0.594441518507957,0.275,0.176,0.156384065107582,"20","CHCHD3"
8.54766598074519e-06,0.506854651359339,0.304,0.198,0.168329186158815,"20","EPN1"
9.24608958177307e-06,0.677254524417063,0.262,0.168,0.182083242133857,"20","UFL1"
9.42729529962386e-06,0.51605587092042,0.281,0.181,0.185651726335493,"20","HIST1H1C"
9.57091677330456e-06,0.515704930727228,0.329,0.222,0.188480064016687,"20","POLR2I"
9.93353160377397e-06,0.527685619391613,0.278,0.179,0.195621037873121,"20","EMC3"
9.94628361634698e-06,0.584760235392239,0.259,0.164,0.195872163256721,"20","UPF2"
1.00779173460097e-05,0.623076485591102,0.281,0.184,0.198464426294969,"20","MAT2A"
1.08098219847692e-05,0.672280738063056,0.262,0.169,0.21287782434606,"20","ARCN1"
1.10049953675382e-05,0.552249655042167,0.275,0.177,0.21672137377293,"20","NUDT3"
1.1253004801764e-05,0.542580685516466,0.335,0.228,0.221605423561139,"20","ETFB"
1.15028708505197e-05,0.567043455608837,0.252,0.158,0.226526035659284,"20","GTPBP6"
1.15910061546412e-05,0.544858972186848,0.339,0.234,0.22826168420335,"20","NDUFB3"
1.16346028726032e-05,0.510338184591029,0.387,0.275,0.229120234370175,"20","PTPN1"
1.2328499028681e-05,0.552751986378496,0.281,0.183,0.242785131371816,"20","TBC1D5"
1.30925301812236e-05,0.60445491793766,0.252,0.16,0.257831196858836,"20","ARID5A"
1.32965001102499e-05,0.568898388347384,0.319,0.216,0.261847976671151,"20","NDUFS2"
1.4697409029234e-05,0.501954941314865,0.355,0.245,0.289436076012704,"20","BAG6"
1.57238151254771e-05,0.556221732303474,0.252,0.159,0.30964909126602,"20","RBM26"
1.63522572495706e-05,0.795051464680024,0.256,0.167,0.322025002015793,"20","EIF2AK2"
1.63843765648677e-05,0.519174055094633,0.374,0.266,0.322657527691939,"20","REST"
1.756113402718e-05,0.521712235395466,0.329,0.226,0.345831412397256,"20","ELOC"
1.81170061313313e-05,0.506517825956197,0.342,0.236,0.356778201744306,"20","CCT2"
1.87591499566247e-05,0.637356082707362,0.256,0.166,0.36942394009581,"20","NOLC1"
1.9409691241127e-05,0.61999074256113,0.256,0.164,0.382235049611514,"20","ZKSCAN1"
2.07956958507034e-05,0.602169412329653,0.256,0.165,0.409529638387902,"20","FDPS"
2.08402241124421e-05,0.638974109727717,0.278,0.185,0.410406533446322,"20","FYTTD1"
2.5370295343262e-05,0.620566232233642,0.259,0.168,0.499617226194859,"20","EXOC4"
2.5643452999972e-05,0.545543311213001,0.262,0.169,0.504996519928449,"20","SCAMP3"
2.66950998522492e-05,0.577246974857346,0.265,0.173,0.525706601390344,"20","XPA"
2.69933259736396e-05,0.591508881650348,0.252,0.163,0.531579568398885,"20","GNG10"
2.73106455162593e-05,0.627885241654053,0.252,0.164,0.537828542151695,"20","CS"
2.7830406540324e-05,0.510054046265728,0.278,0.182,0.548064195998601,"20","HUWE1"
2.83170143354697e-05,0.501448706811393,0.316,0.216,0.557646963308406,"20","BDP1"
3.040435634441e-05,0.532471408761929,0.297,0.201,0.598752989490466,"20","ALYREF"
3.44138735652266e-05,0.679114599936962,0.252,0.166,0.677712412120007,"20","U2AF1L4"
3.59492018106958e-05,0.557270477693015,0.281,0.188,0.707947631258032,"20","NT5C"
4.07282375417794e-05,0.611385831921361,0.252,0.165,0.802061181910261,"20","NPEPPS"
4.1125144608908e-05,0.530023101911816,0.335,0.236,0.809877472783224,"20","CLTB"
4.70848606175356e-05,0.528067737466403,0.342,0.24,0.927242160141128,"20","PRKDC"
5.72315026913444e-05,0.512643205040113,0.406,0.304,1,"20","STAT1"
6.23306118235425e-05,0.510482555800647,0.3,0.208,1,"20","NUTM2A-AS1"
7.0340964635066e-05,0.523593386414903,0.272,0.182,1,"20","SCAF4"
7.83419202910068e-05,0.523519315400224,0.262,0.175,1,"20","WASHC2C"
7.93703868238533e-05,0.504357556608232,0.262,0.174,1,"20","HADHB"
9.22531559771115e-05,0.546671201133719,0.275,0.187,1,"20","SMIM10L1"
0.000105646437740412,0.525959416726607,0.252,0.167,1,"20","TRIP12"
0.000119690962069184,0.613345200232766,0.288,0.201,1,"20","DCAF7"
0.000132787711038648,0.505163474832885,0.272,0.186,1,"20","HERC1"
0.000141388855107394,0.521946793257833,0.294,0.203,1,"20","RALBP1"
0.000183441962382062,0.562038345076913,0.297,0.212,1,"20","KDM2A"
0.000203897719571556,0.565587196214912,0.3,0.215,1,"20","METAP2"
0.000219529263547508,0.555709930321151,0.281,0.197,1,"20","POLR2B"
0.000481692110122936,0.500779474197354,0.275,0.196,1,"20","PSMC3"
0.00104014999590684,0.504805668132533,0.259,0.187,1,"20","SDHB"
0.00208144222286399,0.509649561776953,0.265,0.196,1,"20","MRPS7"
0.00321947062278242,0.513783621042923,0.256,0.188,1,"20","CTSH"
0.00400089080155925,0.571831783573338,0.265,0.2,1,"20","GABPB1-AS1"
3.19055556485305e-188,1.75103990407159,1,0.997,6.28316107386511e-184,"21","RPL41"
3.17754586693514e-145,1.30719673378662,1,0.983,6.25754107575536e-141,"21","RPS29"
3.8201058775896e-141,0.967089789981585,1,0.997,7.5229345047372e-137,"21","RPS21"
4.75852513794457e-129,0.942165166543647,1,0.998,9.37096355415425e-125,"21","RPS27"
6.23579260686214e-110,0.700777460622091,1,0.998,1.22801463806936e-105,"21","RPS28"
5.71938412865363e-108,0.74552060994387,1,0.999,1.12631831645576e-103,"21","EEF1A1"
6.40544441836581e-107,0.720002424458577,1,0.998,1.26142416930878e-102,"21","RPL39"
4.29205593805325e-106,0.730179735568409,1,0.998,8.45234575880826e-102,"21","RPL30"
2.77861120209315e-104,0.75214996896631,1,0.998,5.47191904028203e-100,"21","RPL35A"
1.06421495772344e-103,0.726332983891417,1,0.998,2.09575851624477e-99,"21","RPL11"
2.8209853579314e-103,0.713425112923986,1,0.999,5.55536646537431e-99,"21","RPL10"
1.87086371767649e-102,0.736649595954386,1,0.998,3.68429191922031e-98,"21","RPS14"
1.94446801160485e-100,0.771443251443157,1,0.997,3.82924085525344e-96,"21","RPL36"
9.11383112579357e-100,0.697393164040317,1,0.998,1.79478676360253e-95,"21","RPL34"
2.88007826984204e-99,0.62288156002163,1,0.998,5.67173813679993e-95,"21","RPL28"
7.73163094942219e-99,0.742948730280615,1,0.997,1.52259008286971e-94,"21","RPL12"
1.15322289888404e-98,0.834903403620219,1,0.992,2.27104185477234e-94,"21","RPL22"
3.00048025265265e-97,0.751088532486953,1,0.999,5.90884576154887e-93,"21","RPS12"
1.35013309995892e-96,0.696529372021717,1,0.998,2.6588171137491e-92,"21","RPS13"
2.39191327622232e-93,0.685537432340762,1,0.998,4.71039481486461e-89,"21","RPL32"
9.86339686736761e-93,0.805967957481868,1,0.993,1.9423987450907e-88,"21","RPL9"
5.38427677163037e-92,0.668122880648903,1,0.998,1.06032562463717e-87,"21","RPS15A"
6.96771553401347e-92,0.64322291019821,1,0.998,1.37215222011327e-87,"21","RPL19"
2.11585464810173e-89,0.650765099369098,1,0.998,4.16675255850675e-85,"21","RPL37"
5.78026162834575e-88,1.33958736255835,0.967,0.678,1.13830692247013e-83,"21","PCBP2"
1.65582111831429e-86,0.818240556882387,1,0.993,3.26080852829633e-82,"21","RPL21"
4.5026012982135e-86,0.674434209616391,1,0.998,8.86697273657184e-82,"21","RPS3"
1.45622174230287e-83,0.749200060626755,1,0.994,2.86773747711703e-79,"21","RPL5"
3.27148316821787e-83,0.680331352110447,1,0.998,6.44253180317144e-79,"21","RPL8"
6.62399037804774e-80,0.66942765645039,1,0.998,1.30446242514894e-75,"21","RPS3A"
6.55820031757885e-78,0.562231978731709,1,0.998,1.2915063885408e-73,"21","FAU"
9.84100467390259e-76,0.593738594223964,1,0.998,1.93798905043164e-71,"21","RPL7A"
1.37007652349913e-75,0.61085051020964,1,0.998,2.69809169772684e-71,"21","RPL18"
1.61224400308609e-75,1.03715743955051,1,0.94,3.17499211527743e-71,"21","MT-ATP8"
2.25371573719435e-75,0.673147946526885,1,0.996,4.43824240125683e-71,"21","RPS25"
3.5380811073119e-74,0.957843445776418,1,0.989,6.96754312462932e-70,"21","MT-ND3"
3.62553533852055e-72,0.587813212050406,1,0.998,7.13976674214852e-68,"21","RPS23"
1.41076812434359e-71,0.611028108724108,1,0.997,2.77822566726983e-67,"21","RPL14"
2.10744129409619e-71,0.572233447814724,1,0.998,4.15018414046362e-67,"21","RPL29"
1.97392276930466e-70,1.02722692764938,0.987,0.828,3.88724610959166e-66,"21","SNHG29"
2.12236209413223e-69,0.516969260425153,1,0.998,4.1795676719746e-65,"21","RPS15"
9.62703858561651e-69,0.619107646185514,1,0.998,1.89585270866546e-64,"21","RPS4X"
3.42128915266537e-68,0.688939108545492,1,0.993,6.73754472834391e-64,"21","RPLP0"
8.14221528108287e-66,0.545364297464693,1,0.998,1.60344645530365e-61,"21","RPS27A"
2.63584697367379e-65,0.770778670773987,1,0.963,5.1907734452558e-61,"21","EEF1B2"
6.56569297575072e-61,0.545604186850167,1,0.998,1.29298191771459e-56,"21","RPS8"
7.11211321713621e-61,0.536192388772921,1,0.999,1.40058845585063e-56,"21","RPLP1"
7.16563807267227e-61,0.611199979627,1,0.994,1.41112910565135e-56,"21","RPL23A"
8.46773034043451e-61,0.788742495230606,1,0.985,1.66755013594177e-56,"21","MT-ND4L"
1.1737790236963e-60,0.543194415027489,1,0.998,2.31152303136513e-56,"21","RPL18A"
2.6726824107543e-54,0.518864785028189,1,0.998,5.26331347149844e-50,"21","RPS19"
3.74010471510024e-53,0.610246640887,1,0.981,7.3653882154469e-49,"21","RPSA"
5.53398586546454e-53,0.653820269171165,1,0.97,1.08980783648593e-48,"21","EEF1G"
6.3044810476239e-53,0.540001985926814,1,0.993,1.24154145270858e-48,"21","RPL24"
5.55758423884362e-52,0.654038020353351,1,0.989,1.09445506415547e-47,"21","RPL36A"
7.59679286642061e-52,0.547342001340146,1,0.994,1.49603641918421e-47,"21","RPS16"
1.16430338683661e-51,1.90856217908251,0.408,0.125,2.29286265969733e-47,"21","AC026979.2"
1.493303081829e-50,0.612899391544774,1,1,2.94076175904584e-46,"21","MT-CO2"
3.98310732568155e-46,0.594163391678112,0.997,0.983,7.84393325646469e-42,"21","EEF1D"
1.56499759139056e-45,1.33694616473181,0.712,0.381,3.08194975672542e-41,"21","LINC01138"
1.60723961523903e-45,1.10211032034209,0.699,0.311,3.16513697429023e-41,"21","MAL"
3.48741299464367e-45,0.592106969784014,1,0.983,6.86776241035178e-41,"21","RPS5"
6.76740867867394e-45,0.684976597086097,0.987,0.924,1.33270579109126e-40,"21","TOMM7"
1.78415111876865e-40,1.52249505692237,0.399,0.135,3.5135287981911e-36,"21","FHIT"
3.79706944898472e-40,0.876613081210817,0.915,0.653,7.4775688658856e-36,"21","C12orf57"
1.06103111356095e-39,0.78322267977478,0.938,0.735,2.08948857193558e-35,"21","LDHB"
1.77847161481997e-39,0.940409550076864,0.859,0.549,3.50234415106498e-35,"21","NOSIP"
5.85391004799596e-36,0.52486980670332,0.997,0.97,1.15281050575184e-31,"21","RPL38"
7.00107609824261e-35,0.879410365221991,0.837,0.58,1.37872191602692e-30,"21","NSA2"
1.84657194246357e-34,1.7590838872718,0.281,0.085,3.63645412629352e-30,"21","ADTRP"
2.07170886471965e-33,0.655825697278834,0.987,0.881,4.0798162672924e-29,"21","NPM1"
4.48766087893122e-30,0.774340452845838,0.902,0.643,8.83755056887925e-26,"21","PCED1B-AS1"
1.55576390949667e-29,0.636618526448867,0.974,0.71,3.06376586697179e-25,"21","CD3E"
3.25268167715309e-29,0.534759531938328,0.993,0.9,6.40550602681758e-25,"21","SARAF"
6.16636853453219e-29,0.542738946090999,0.977,0.93,1.21434295550542e-24,"21","RPL36AL"
4.98654657532024e-28,0.900440670132581,0.703,0.403,9.82000617077814e-24,"21","FLT3LG"
8.12200871965859e-25,0.972606054118097,0.598,0.341,1.59946717716237e-20,"21","PPA1"
6.24901871827222e-22,0.718072166204286,0.693,0.412,1.23061925618935e-17,"21","PIK3IP1"
3.62382768756101e-21,1.16462688094612,0.376,0.173,7.1364038651139e-17,"21","SELENOM"
3.94793215084629e-21,0.632142608819661,0.886,0.711,7.77466278466159e-17,"21","EIF3E"
8.06586781775686e-21,0.611595387505724,0.833,0.543,1.58841134935086e-16,"21","CD3D"
1.20024242694957e-20,1.12927476469748,0.408,0.199,2.36363741139179e-16,"21","RPS10-NUDT3"
1.08795293377153e-19,0.711023582271483,0.673,0.402,2.14250571247627e-15,"21","LINC00861"
1.8563547265368e-19,0.734053233414913,0.729,0.505,3.65571936296892e-15,"21","GYPC"
8.8871222398903e-19,0.712896236991501,0.699,0.465,1.7501409827016e-14,"21","SNHG8"
1.53581789304692e-18,0.728024001302737,0.716,0.521,3.0244861767773e-14,"21","ST13"
2.37273033890536e-18,0.532318893188642,0.931,0.857,4.67261785640633e-14,"21","UQCRB"
1.39583296674829e-17,0.530260000540528,0.856,0.695,2.74881386141741e-13,"21","GAS5"
2.36064483376816e-17,0.83929985405007,0.565,0.344,4.64881787113964e-13,"21","PRKCQ-AS1"
4.44941294955945e-17,0.648600786621474,0.739,0.558,8.76222892156743e-13,"21","ANAPC16"
7.81613194295798e-17,0.803190603817437,0.546,0.332,1.53923086352672e-12,"21","PLSCR3"
1.29750687381142e-16,0.86767730754741,0.575,0.368,2.55518028659683e-12,"21","ALKBH7"
1.35098061900271e-16,0.892440387127902,0.5,0.294,2.66048613300205e-12,"21","OCIAD2"
1.85894647107583e-16,0.818182566250192,0.582,0.367,3.66082328548964e-12,"21","PIM1"
2.2641356102925e-16,0.722963455360461,0.565,0.337,4.45876225734902e-12,"21","CD27"
2.58915405678637e-16,0.621376605667481,0.768,0.608,5.0988210840294e-12,"21","SMDT1"
2.83687164956609e-16,0.881349909808527,0.497,0.291,5.5866513394905e-12,"21","AC243960.1"
4.58024019467003e-16,0.532260435093718,0.853,0.666,9.01986701536369e-12,"21","SNHG6"
1.90956466258878e-15,0.695099402228556,0.569,0.344,3.76050569003608e-11,"21","CD6"
2.34100784755055e-14,0.879986553425346,0.405,0.222,4.6101467541813e-10,"21","MYC"
4.16551550222718e-14,0.606965261414188,0.745,0.558,8.20314967853599e-10,"21","SOD1"
6.56202651614618e-14,0.557694356642237,0.794,0.655,1.29225988182467e-09,"21","ZFAS1"
1.39165045660018e-13,0.502507035783527,0.735,0.52,2.74057724418273e-09,"21","LEPROTL1"
1.50702849777429e-13,0.740237969629117,0.438,0.251,2.9677912206669e-09,"21","LDLRAP1"
1.86737574964131e-13,0.689990874842112,0.673,0.492,3.67742306376862e-09,"21","NDFIP1"
1.41080739563415e-12,0.830288320556468,0.471,0.296,2.77830300422233e-08,"21","TMEM243"
1.6613465067743e-12,0.518168865365714,0.507,0.3,3.27168967579063e-08,"21","CCR7"
3.01845840975494e-12,0.894942584307725,0.389,0.227,5.9442501463304e-08,"21","EPB41L4A-AS1"
3.88580022640859e-12,0.982232142620852,0.317,0.169,7.65230638586643e-08,"21","ILF3-DT"
6.06888753593617e-12,0.549973881252915,0.523,0.319,1.19514602245191e-07,"21","RCAN3"
9.55501646577572e-12,0.958483539848243,0.307,0.163,1.88166939260521e-07,"21","STMN3"
1.68482544221236e-11,0.544657801941337,0.618,0.424,3.3179267433488e-07,"21","DNAJB1"
2.59784789507666e-11,0.62874992924347,0.605,0.432,5.11594185977446e-07,"21","PEBP1"
5.72833426733749e-11,0.523538696947613,0.549,0.356,1.12808086726677e-06,"21","CAMK4"
7.98836351226489e-10,0.744288497576803,0.471,0.327,1.57314842647032e-05,"21","ABHD14B"
8.46503167420341e-10,0.546387435816172,0.412,0.249,1.66701868760088e-05,"21","INPP4B"
1.27174554325314e-09,0.78268959342011,0.428,0.28,2.5044484983284e-05,"21","CCDC18-AS1"
1.66491211981426e-09,0.562617817569989,0.441,0.28,3.27871143755023e-05,"21","CD5"
2.10548081571538e-09,0.81818947440565,0.291,0.162,4.14632337038829e-05,"21","BEX2"
4.64028240644929e-09,0.528240838029073,0.595,0.441,9.13810814302058e-05,"21","ACAP1"
7.26129001676592e-09,0.714296345049303,0.418,0.276,0.000142996584300171,"21","CDC25B"
1.93923991590407e-08,0.633940682050489,0.261,0.144,0.000381894516638989,"21","SLC40A1"
3.17938405315913e-08,0.538232682420519,0.408,0.265,0.000626116101588627,"21","PCED1B"
3.82703334792272e-08,0.76829411363216,0.369,0.242,0.000753657677206421,"21","SNHG3"
4.2920509908706e-08,0.784445954731962,0.281,0.164,0.000845233601632147,"21","SH3YL1"
5.8578169600273e-08,0.519970495504074,0.595,0.457,0.00115357989393818,"21","RSL24D1"
7.23611143854798e-08,0.599208646778688,0.477,0.336,0.00142500742559325,"21","HSPB1"
8.6749601623457e-08,0.525036163576257,0.503,0.36,0.00170835990477074,"21","SNRPN"
9.54997727471944e-08,0.550164073853744,0.477,0.337,0.0018806770247105,"21","GIMAP1"
9.97123097197615e-08,0.513258124568829,0.552,0.403,0.00196363451531126,"21","FBL"
1.55261850373158e-07,0.593314823537236,0.392,0.257,0.0030575716193986,"21","ARID5B"
4.69595705510967e-07,0.631397173406732,0.376,0.256,0.00924774822862748,"21","SNHG16"
5.24672698833694e-07,0.661987449869003,0.356,0.237,0.0103323794581319,"21","MAD1L1"
1.91527525705485e-06,0.552030470520182,0.415,0.297,0.0377175156371812,"21","SBDS"
2.07280520407676e-06,0.631441356947789,0.291,0.184,0.0408197528838836,"21","SCML4"
2.24258158178247e-06,0.653587163814196,0.32,0.211,0.0441631590900421,"21","SNHG1"
3.53473983671433e-06,0.713964768116181,0.261,0.164,0.0696096316044152,"21","DDX50"
6.41301075358771e-06,0.55480323767085,0.32,0.212,0.126291420770403,"21","TRABD2A"
6.54511036135189e-06,0.698921207558897,0.291,0.193,0.128892858346103,"21","LETMD1"
1.19159193709702e-05,0.568785098589386,0.31,0.209,0.234660200172517,"21","THEM4"
1.22257837431558e-05,0.500610123322975,0.252,0.157,0.240762359253968,"21","SESN3"
1.32522772104906e-05,0.54848998558531,0.327,0.222,0.260977095106192,"21","POLR2I"
1.36911153871018e-05,0.625060910958776,0.268,0.173,0.269619135318196,"21","ZFAND1"
1.54947373944279e-05,0.536984461305859,0.382,0.273,0.305137863508468,"21","SHFL"
1.63812779356998e-05,0.6072619466564,0.33,0.228,0.322596506387736,"21","CLPP"
3.18158906919922e-05,0.571309905097872,0.291,0.196,0.626550335397402,"21","PFDN1"
3.56869403265607e-05,0.655859559575533,0.278,0.188,0.702782915850959,"21","ATP6V0E2"
7.53057120934747e-05,0.535815774149421,0.284,0.195,1,"21","SOCS3"
0.000101360713583384,0.540202327052249,0.343,0.251,1,"21","NBDY"
0.000103557609560088,0.578470596021899,0.275,0.187,1,"21","OXLD1"
0.000373772354333287,0.580868512594309,0.252,0.176,1,"21","THYN1"
0.000538545918471883,0.538594722439485,0.261,0.187,1,"21","SVIP"
0,4.27726607198303,1,0.057,0,"22","TRBV20-1"
0,3.63293093462419,0.783,0.073,0,"22","LINC02446"
8.59674223763769e-322,3.04573421917598,0.992,0.155,1.69295644885799e-317,"22","CD8B"
6.8607949275525e-193,2.05778956766296,0.907,0.176,1.35109634508291e-188,"22","CD8A"
4.63812228245689e-135,3.56243441333326,0.256,0.023,9.13385421084234e-131,"22","CD248"
5.51733277635343e-88,1.56111548169516,0.767,0.221,1.08652834364728e-83,"22","KLRK1"
4.03506686430508e-81,2.3038343496905,0.419,0.085,7.94625717587599e-77,"22","KLRC4"
4.56022008887882e-80,1.87751408438041,0.682,0.209,8.98044142102906e-76,"22","NELL2"
2.18561796407902e-60,1.26473192922628,0.899,0.391,4.30413745666081e-56,"22","LEF1"
2.3823718924536e-58,2.45921052778011,0.283,0.054,4.69160496780887e-54,"22","NT5E"
2.85681401441943e-58,0.640757461491837,1,0.999,5.62592383859618e-54,"22","RPS12"
8.13076963704651e-58,0.603304896800569,1,0.998,1.60119246462357e-53,"22","RPL32"
1.14440631758173e-57,0.630898546589285,1,0.998,2.25367936121369e-53,"22","RPS3A"
7.03306362200555e-54,0.705644746687488,1,0.983,1.38502121908155e-49,"22","RPS5"
1.66716574360807e-51,2.12515039639599,0.295,0.063,3.28314949888737e-47,"22","LRRN3"
1.46511188727144e-50,1.29234276549666,0.736,0.299,2.88524483960365e-46,"22","CCR7"
6.68290798608403e-50,1.67798575879837,0.523,0.177,1.31606506969953e-45,"22","THEMIS"
4.07439398066869e-49,0.525985898638587,1,0.998,8.02370406613085e-45,"22","RPL13"
3.75115441191718e-48,0.533773221301416,1,0.998,7.3871483833885e-44,"22","RPS13"
9.08423816941444e-48,0.544924663730989,1,0.998,1.78895902270279e-43,"22","RPS4X"
9.47922195998454e-48,0.583449465864981,1,0.998,1.86674318057976e-43,"22","RPS18"
1.8224778925017e-47,0.521851569188554,1,0.998,3.5890057137036e-43,"22","RPS23"
3.68102176957278e-46,0.540433424090309,1,0.997,7.24903617081967e-42,"22","RPL14"
1.54346812507433e-45,0.559054390147051,1,0.997,3.03955177870888e-41,"22","RPS6"
8.67521386012553e-45,0.515998663604784,1,0.998,1.70840986547452e-40,"22","RPS8"
2.21003295538556e-42,0.670629935308741,0.996,0.963,4.35221789904078e-38,"22","EEF1B2"
6.6453192631437e-42,1.3379643792325,0.659,0.29,1.30866272249089e-37,"22","OXNAD1"
1.01644149003057e-39,1.18370379961625,0.729,0.344,2.00167822631719e-35,"22","PRKCQ-AS1"
6.7516878353773e-38,0.546133468893441,1,0.988,1.32960988542085e-33,"22","RPL10A"
4.58370940916813e-37,0.513806567112075,1,0.996,9.02669893947479e-33,"22","RPS25"
3.14277927183499e-36,0.857860689039406,0.911,0.496,6.18907522002464e-32,"22","TCF7"
5.29087528058837e-36,0.702402586835207,1,0.881,1.04193206900627e-31,"22","NPM1"
1.26306630873365e-35,0.502912248031981,1,0.994,2.48735648178918e-31,"22","RPL3"
6.072608916793e-35,1.40302141254626,0.523,0.211,1.19587887398404e-30,"22","TRABD2A"
1.15207495443343e-34,1.00953378917739,0.783,0.412,2.26878120776576e-30,"22","PIK3IP1"
8.56329986160975e-34,0.728626480986363,0.984,0.71,1.68637064174681e-29,"22","CD3E"
5.93810358148274e-33,0.787640664616822,0.934,0.695,1.1693907383014e-28,"22","GAS5"
1.57305135524721e-32,1.13540375728607,0.678,0.337,3.09781003388834e-28,"22","CD27"
2.06361852884595e-32,0.744999132829063,0.973,0.736,4.06388396885633e-28,"22","LDHB"
3.03924765696248e-32,0.928264986839196,0.872,0.549,5.98519041085622e-28,"22","NOSIP"
2.42120995653775e-31,0.508515026485561,1,0.981,4.76808876740979e-27,"22","RPSA"
5.49580515036175e-31,0.867955205925934,0.86,0.504,1.08228890826074e-26,"22","GYPC"
6.85688754067386e-31,1.21323180090959,0.574,0.263,1.3503268633849e-26,"22","NUCB2"
9.77283612477166e-31,1.20909831799004,0.562,0.253,1.92456461805128e-26,"22","PDE3B"
3.49621237342103e-30,1.57558120905646,0.364,0.127,6.88509102697804e-26,"22","PASK"
1.18173303172249e-29,0.574558195098294,0.996,0.9,2.3271868593711e-25,"22","SARAF"
1.53622892853422e-29,0.857534500422064,0.849,0.528,3.02529562896244e-25,"22","PRMT2"
1.01013806652963e-28,1.1714733134956,0.57,0.265,1.98926489441679e-24,"22","PCED1B"
7.57967023146287e-28,1.29611703378153,0.434,0.173,1.49266445868198e-23,"22","ARMH1"
1.46803079369584e-27,0.651656878861927,0.981,0.829,2.89099304202523e-23,"22","SNHG29"
2.4389851801244e-26,0.724664343638192,0.926,0.643,4.80309351521899e-22,"22","PCED1B-AS1"
3.60250767525576e-25,0.61071442442858,0.891,0.576,7.09441836488116e-21,"22","CD7"
8.81227131461075e-25,0.790257413382315,0.826,0.52,1.7354005899863e-20,"22","LEPROTL1"
1.06091175183797e-24,0.968149004073878,0.5,0.225,2.08925351289452e-20,"22","ACTN1"
1.06611296370722e-24,0.597638992644495,0.798,0.477,2.09949625942864e-20,"22","RGS10"
2.00884330026435e-24,1.56516459311112,0.298,0.104,3.95601511121058e-20,"22","APBA2"
2.37161207240091e-24,0.864251248309882,0.729,0.403,4.67041565417912e-20,"22","FLT3LG"
3.77182845392291e-24,0.778356478649648,0.771,0.423,7.42786177431039e-20,"22","CD3G"
4.85625571329729e-24,1.20867935737306,0.43,0.183,9.56342437619636e-20,"22","SCML4"
4.62911551545885e-23,0.668025350551997,0.88,0.543,9.11611718459311e-19,"22","CD3D"
6.30221658145732e-23,0.704350221572033,0.849,0.504,1.24109551138639e-18,"22","LCK"
1.26823944603387e-22,0.906113922709571,0.671,0.382,2.49754394107449e-18,"22","LINC01138"
2.68148928950104e-22,1.05004563714496,0.543,0.278,5.28065685781439e-18,"22","SATB1"
3.31461864012532e-22,1.0125970276309,0.516,0.251,6.5274784879988e-18,"22","LDLRAP1"
5.95234255116657e-22,0.842692868402783,0.62,0.319,1.17219481860123e-17,"22","RCAN3"
8.7825259337491e-22,0.770755188415567,0.671,0.356,1.72954283213321e-17,"22","CAMK4"
7.29350132729028e-21,0.728199636661779,0.783,0.492,1.43630921638328e-16,"22","NDFIP1"
5.24064951967058e-20,0.9439110385017,0.57,0.309,1.03204110990873e-15,"22","ABLIM1"
1.40025171512945e-19,1.54453512382419,0.275,0.104,2.75751570260443e-15,"22","CARS"
2.11146470944118e-19,0.514986107358259,0.981,0.974,4.15810745230252e-15,"22","RPS26"
2.87593200175535e-19,1.4109080096838,0.252,0.09,5.66357289105682e-15,"22","PLEKHB1"
5.08920422421334e-19,1.20352073325695,0.376,0.168,1.00221698787433e-14,"22","TSPAN32"
6.12276308524573e-19,0.61114488808057,0.903,0.653,1.20575573437744e-14,"22","C12orf57"
2.50519288495381e-18,0.70405216055302,0.597,0.311,4.93347634833954e-14,"22","MAL"
3.28809699188716e-18,0.85969411733115,0.593,0.336,6.47524940612339e-14,"22","HSPB1"
3.43649018874031e-18,0.817907368228235,0.628,0.366,6.76748012868629e-14,"22","LBH"
1.5834558465232e-17,1.13295774724443,0.349,0.153,3.11829959855814e-13,"22","A1BG"
2.23565540791762e-17,1.02234580302903,0.426,0.209,4.40267619481218e-13,"22","THEM4"
2.4823173799535e-17,0.565256634585226,0.88,0.655,4.88842761634243e-13,"22","SELL"
3.35771103373844e-17,0.768317876938931,0.709,0.465,6.6123403387411e-13,"22","SNHG8"
5.62480060084989e-17,0.549368347623113,0.907,0.711,1.10769198232537e-12,"22","EIF3E"
5.71710699264034e-17,1.43368863903685,0.26,0.102,1.12586988006066e-12,"22","RETREG1"
1.39876174758591e-16,1.23841894124154,0.314,0.137,2.75458150952093e-12,"22","SIRPG"
5.78139335529497e-16,0.611870761483363,0.791,0.511,1.13852979345824e-11,"22","FOXP1"
1.0547990520267e-15,0.582435787494956,0.864,0.708,2.07721577315618e-11,"22","EIF4B"
1.11949056648359e-15,0.845065020223212,0.578,0.36,2.20461277257614e-11,"22","SNRPN"
1.44104720930728e-15,0.81455588820409,0.504,0.274,2.83785426928884e-11,"22","BCL2"
2.62201380427015e-15,0.83716123972073,0.434,0.222,5.16353178474922e-11,"22","MYC"
2.95435904521773e-15,0.515873170209106,0.919,0.8,5.81801926774727e-11,"22","HSP90AB1"
2.98357500852922e-15,1.03654685714781,0.38,0.187,5.87555426429658e-11,"22","ATP6V0E2"
6.73956905259153e-15,0.717565144437207,0.539,0.298,1.32722333352685e-10,"22","DGKA"
7.34085843431649e-15,0.639071495040278,0.659,0.403,1.44563525146995e-10,"22","LINC00861"
1.08878827369008e-14,1.02793257080486,0.384,0.193,2.14415074737787e-10,"22","ATF7IP2"
1.74603409785995e-14,0.928755031113243,0.337,0.158,3.43846494891559e-10,"22","BACH2"
2.04108945391603e-14,0.776085483486072,0.531,0.309,4.01951746159684e-10,"22","ITK"
2.46934322799903e-14,0.87347111918282,0.442,0.236,4.86287761889849e-10,"22","IMPDH2"
3.69457322229331e-14,1.20881123004499,0.264,0.113,7.27572304666222e-10,"22","EPHX2"
5.72730232424819e-14,1.23096595762281,0.333,0.164,1.1278776467142e-09,"22","SH3YL1"
6.05564697313264e-14,0.636679529233696,0.752,0.535,1.19253855841901e-09,"22","TMEM123"
1.25554805145991e-13,0.775813371974859,0.508,0.296,2.47255077773999e-09,"22","BCL11B"
1.47140118035971e-13,0.719178598686837,0.643,0.42,2.89763034448237e-09,"22","ATM"
2.31770196212674e-13,0.751097156690096,0.508,0.291,4.5642504740162e-09,"22","AC243960.1"
3.19597787225555e-13,0.685993563327168,0.632,0.403,6.29383922383286e-09,"22","FBL"
3.40490920506528e-13,1.03891138118028,0.341,0.17,6.70528769753506e-09,"22","ANXA2R"
5.08094047471206e-13,1.01856593703889,0.329,0.163,1.00058960768505e-08,"22","STMN3"
8.08631176645164e-13,0.702436783019899,0.512,0.299,1.59243737616732e-08,"22","CD96"
9.0861547101212e-13,0.728240031503539,0.578,0.369,1.78933644706417e-08,"22","ALKBH7"
9.09128067204976e-13,0.726475995329769,0.55,0.332,1.79034590274676e-08,"22","STK17A"
1.09125514273936e-12,1.01481756207306,0.291,0.136,2.14900875259662e-08,"22","CHRM3-AS2"
1.68944991608135e-12,0.856367781005936,0.399,0.216,3.32703371973901e-08,"22","LY9"
1.70194626883741e-12,1.25228538594932,0.252,0.114,3.35164278722151e-08,"22","SUPT3H"
1.74250928421092e-12,0.751890328632069,0.578,0.376,3.43152353339657e-08,"22","MGAT4A"
3.444758698088e-12,1.10588680966114,0.287,0.138,6.7837633041447e-08,"22","SMPD1"
3.59703716439898e-12,1.01908164450662,0.326,0.166,7.08364528785091e-08,"22","U2AF1L4"
4.11340042219099e-12,0.829343000201413,0.407,0.224,8.10051945142072e-08,"22","SFXN1"
5.47130310844461e-12,0.549196147408385,0.74,0.521,1.077463721146e-07,"22","ST13"
5.7600345810509e-12,0.683495487349178,0.488,0.285,1.13432361004635e-07,"22","SLFN5"
5.77754157872576e-12,0.754854653904862,0.395,0.214,1.13777126309846e-07,"22","SPINT2"
6.51172147680154e-12,0.736843053402401,0.566,0.372,1.28235331042653e-07,"22","C1QBP"
9.19529317080939e-12,0.684843084763034,0.461,0.267,1.81082908412749e-07,"22","NCK2"
9.95452012915063e-12,0.591670347329075,0.756,0.564,1.96034364903363e-07,"22","UXT"
1.04161873191029e-11,0.835992769129184,0.364,0.193,2.05125976875092e-07,"22","TXK"
1.30978108341938e-11,1.10920202867657,0.267,0.127,2.57935188757778e-07,"22","NAA16"
1.32024071421239e-11,0.553902029270993,0.663,0.434,2.59995003849847e-07,"22","SEPTIN1"
1.52979669160924e-11,0.671671885649229,0.543,0.337,3.01262862478607e-07,"22","GIMAP1"
1.60593222812773e-11,0.764205273905477,0.519,0.327,3.16256233685194e-07,"22","CCT3"
1.68045028623931e-11,0.944505477966386,0.372,0.205,3.30931074869106e-07,"22","TOB1"
2.12044745282556e-11,0.658438239780265,0.426,0.235,4.17579716884937e-07,"22","MAML2"
2.2396783550813e-11,1.09188464406585,0.298,0.152,4.41059858466161e-07,"22","TMEM238"
2.48222053239561e-11,0.581854790593211,0.628,0.41,4.88823689444667e-07,"22","RBL2"
3.01644945223672e-11,0.55401866947191,0.589,0.367,5.94029390628977e-07,"22","PIM1"
4.44425548550925e-11,0.637258832439841,0.543,0.343,8.75207232761336e-07,"22","NAP1L4"
5.77193460480556e-11,0.778377073279936,0.438,0.259,1.13666708172436e-06,"22","PABPC4"
5.99095112027687e-11,0.837533182156462,0.357,0.192,1.17979800411612e-06,"22","GRAMD1A"
6.16234548884531e-11,1.01034566611582,0.256,0.121,1.21355069711831e-06,"22","TMIGD2"
6.65090449063076e-11,0.646593958401517,0.554,0.354,1.30976262133992e-06,"22","GCC2"
7.67254390414219e-11,0.547086832937966,0.632,0.408,1.51095407104272e-06,"22","LAT"
9.2573655164317e-11,0.981813905574495,0.302,0.156,1.82305299115089e-06,"22","TMEM106B"
1.30514464064454e-10,1.00661864985496,0.252,0.12,2.5702213408213e-06,"22","TMEM204"
1.32991469570781e-10,0.749104841358272,0.388,0.217,2.61900101025739e-06,"22","SERINC5"
1.68100444747047e-10,0.936461873920041,0.275,0.136,3.3104020584036e-06,"22","APBB1"
2.19432940727411e-10,0.972295795675101,0.302,0.159,4.32129290174491e-06,"22","ANTKMT"
3.17471601553614e-10,0.535600083845789,0.632,0.413,6.25196824939532e-06,"22","CYFIP2"
3.17870477744395e-10,0.529167622406082,0.609,0.41,6.25982331822037e-06,"22","CD55"
3.60822498195996e-10,0.691044585666087,0.492,0.309,7.10567745697374e-06,"22","HSPD1"
3.62419363769423e-10,0.749230446782575,0.357,0.195,7.13712453071124e-06,"22","GABPB1-IT1"
5.66022287216864e-10,0.548508783179902,0.539,0.338,1.11466769021617e-05,"22","GIMAP5"
6.54196228112938e-10,0.521884053772429,0.651,0.441,1.28830863202281e-05,"22","ACAP1"
1.22471645198717e-09,0.632076722979082,0.438,0.259,2.41183410889833e-05,"22","DENND2D"
1.38093986695414e-09,1.00878478782089,0.271,0.14,2.71948487999278e-05,"22","ORMDL3"
2.99105727916398e-09,0.921377504475452,0.26,0.133,5.89028909985763e-05,"22","CITED4"
3.37399914557697e-09,0.8066994954005,0.329,0.184,6.64441651738473e-05,"22","CCDC91"
3.59706751946586e-09,0.578509011818962,0.636,0.45,7.08370506608411e-05,"22","RESF1"
3.76382425876327e-09,0.513432734401071,0.764,0.588,7.41209911278251e-05,"22","RPS10"
4.56867375712375e-09,0.6459820590334,0.457,0.282,8.9970892299038e-05,"22","CLEC2D"
4.69854707850165e-09,0.621338528329577,0.465,0.294,9.2528487616933e-05,"22","OCIAD2"
5.24472308844638e-09,0.576952626800537,0.5,0.322,0.000103284331780775,"22","APEX1"
5.34638871929907e-09,0.721388073672527,0.403,0.247,0.000105286433049157,"22","TTC14"
5.36312906508022e-09,0.729633098639794,0.368,0.216,0.000105616100678625,"22","CRLF3"
7.13682286142425e-09,0.646680309284484,0.508,0.341,0.000140545452610028,"22","PPA1"
8.83084383980437e-09,0.943248324309133,0.252,0.131,0.000173905807737267,"22","ZMYND11"
1.13505253521794e-08,0.5631448727951,0.477,0.303,0.000223525895760468,"22","MZT2A"
1.23244946806078e-08,0.945019286131575,0.267,0.144,0.00024270627374521,"22","USP11"
1.30035187154684e-08,0.843019328533751,0.302,0.169,0.00025607829406372,"22","ILF3-DT"
1.37259172371238e-08,0.612722649408677,0.353,0.203,0.000270304488150679,"22","TRAC"
1.51723848684923e-08,0.685596651254514,0.411,0.253,0.000298789775215219,"22","TESPA1"
1.84124406721183e-08,0.755698859782523,0.322,0.184,0.000362596194156026,"22","CHMP7"
2.22866884546049e-08,0.826336696343236,0.283,0.155,0.000438891755736534,"22","ATXN7"
2.43396322274019e-08,0.530309385490666,0.543,0.369,0.000479320377454226,"22","RHOH"
2.59236244980047e-08,1.053639768604,0.283,0.16,0.000510513937239207,"22","AC008105.3"
3.47418564648537e-08,0.705464252785489,0.295,0.162,0.000684171379362364,"22","ITGA6"
3.47771003690883e-08,0.547972667563692,0.574,0.392,0.000684865437568455,"22","ZC3HAV1"
3.7396617556881e-08,0.795190803443136,0.295,0.166,0.000736451589547657,"22","FAM102A"
5.98714885137239e-08,0.591315427293191,0.415,0.26,0.00117904922330076,"22","STAG2"
7.58593937718553e-08,0.522729326790721,0.442,0.28,0.00149389904154915,"22","CCDC18-AS1"
7.70951859352585e-08,0.514191123082914,0.481,0.315,0.00151823549662305,"22","SEMA4D"
9.05386065070284e-08,0.693693932190237,0.345,0.207,0.00178297677794291,"22","ADSL"
9.4901264952261e-08,0.711885418653237,0.349,0.211,0.00186889061070488,"22","SNHG1"
9.61322442197479e-08,0.696581288578547,0.345,0.207,0.0018931322854195,"22","SLC2A4RG"
1.15300835618721e-07,0.82682496303198,0.26,0.143,0.00227061935583947,"22","ARL2"
1.23581246985046e-07,0.630797836996774,0.395,0.25,0.0024336854968765,"22","ST3GAL1"
1.34493229224471e-07,0.730292108005586,0.349,0.212,0.00264857516311751,"22","UBTF"
1.47730949539457e-07,0.654746900843253,0.368,0.228,0.00290926558928053,"22","SRSF8"
1.51246842761709e-07,0.51256644255006,0.574,0.401,0.00297850407450634,"22","PA2G4"
2.14364078766832e-07,0.736828774261499,0.31,0.183,0.00422147180315523,"22","SUCLG2"
3.12149802104868e-07,0.848393637057804,0.26,0.147,0.00614716605285116,"22","CCDC57"
3.34956389043568e-07,0.51367250612434,0.496,0.34,0.00659629616943499,"22","VPS51"
3.91904661517927e-07,0.63595642179949,0.372,0.236,0.00771777849927254,"22","TRAPPC6A"
4.24469308460316e-07,0.653159008287419,0.36,0.228,0.008359074091509,"22","EPB41L4A-AS1"
4.58053140032088e-07,0.783157825316972,0.283,0.165,0.00902044048665192,"22","PLCG1"
5.7860350315671e-07,0.648436644325996,0.395,0.259,0.0113944387876651,"22","LSM5"
6.26534841698e-07,0.556129718102689,0.419,0.277,0.0123383506375587,"22","DOCK10"
6.90560416303807e-07,0.7995100093796,0.264,0.152,0.0135992062782709,"22","SGTB"
8.13839858708656e-07,0.58022492998558,0.38,0.242,0.0160269483375496,"22","AC119396.1"
8.74084281330917e-07,0.646790390431352,0.388,0.254,0.0172133417522497,"22","PRKACB"
9.12620521876742e-07,0.779887166287845,0.306,0.189,0.0179722359373187,"22","GIMAP2"
1.09296630965235e-06,0.524975502995418,0.411,0.267,0.0215237855359837,"22","PIM2"
1.21982136346622e-06,0.653179757383728,0.295,0.176,0.0240219421107402,"22","TACC3"
1.39356741076952e-06,0.716885460773235,0.326,0.206,0.0274435230202842,"22","MAPKAPK5-AS1"
1.42064339777731e-06,0.571990980838353,0.353,0.222,0.0279767304324285,"22","TPP2"
1.61766890638234e-06,0.629676197019949,0.341,0.214,0.0318567537733874,"22","FAM162A"
1.64495644429255e-06,0.532806609909302,0.484,0.341,0.0323941272574532,"22","TGFBR2"
1.69727448541311e-06,0.641810205723498,0.306,0.187,0.0334244264412404,"22","HDDC2"
2.00932759823084e-06,0.663788149895929,0.349,0.228,0.03956968839196,"22","NFKB1"
2.20111075441816e-06,0.54286415926797,0.422,0.285,0.0433464740867569,"22","CLNS1A"
2.25759150013946e-06,0.645777871311566,0.349,0.224,0.0444587494122463,"22","PDE7A"
2.38879417831106e-06,0.647295854509351,0.353,0.23,0.0470425237534797,"22","PHB"
2.71235282599248e-06,0.581050692376221,0.457,0.323,0.05341436420227,"22","GGNBP2"
3.53337371258732e-06,0.589615013099261,0.353,0.232,0.0695827285219822,"22","SLC25A39"
3.86175010736444e-06,0.725603091791795,0.256,0.151,0.0760494448643279,"22","HBS1L"
4.09560426584525e-06,0.591016749315398,0.329,0.209,0.0806547348072905,"22","DNAJC19"
4.91495420079704e-06,0.547645739360755,0.453,0.322,0.0967901930762961,"22","TTC3"
6.0677287727587e-06,0.740196773260454,0.364,0.249,0.119491782721937,"22","SNRK"
6.15044672741304e-06,0.632249824017208,0.329,0.214,0.121120747402945,"22","NSMCE1"
6.36659256885969e-06,0.800394070055127,0.264,0.163,0.125377307458554,"22","BEX2"
7.70053337756179e-06,0.569916918586992,0.36,0.241,0.151646603804324,"22","JAK3"
8.30373514381033e-06,0.738662533187608,0.271,0.169,0.163525456187057,"22","DNPH1"
8.38644930646365e-06,0.714118318998709,0.295,0.189,0.165154346192189,"22","ITPKB"
8.69819070647636e-06,0.731198312705275,0.306,0.197,0.171293469582639,"22","RNF138"
1.13801240296372e-05,0.580468778274421,0.38,0.262,0.224108782515644,"22","SNHG32"
1.28169973623894e-05,0.597916428567737,0.306,0.195,0.252405129057534,"22","MRPS7"
1.2906542748692e-05,0.631603279857085,0.287,0.18,0.254168546349992,"22","WDR43"
1.31918233780335e-05,0.599970473265407,0.31,0.199,0.259786577783615,"22","AKR1B1"
1.33535054559099e-05,0.518528573931232,0.314,0.2,0.262970582943234,"22","GABPB1-AS1"
1.43641308444907e-05,0.673614113852748,0.287,0.183,0.282872828720556,"22","PTOV1"
1.81845742193418e-05,0.649928386020423,0.279,0.176,0.358108820101499,"22","ZFAND2B"
1.95033559834004e-05,0.546917667331392,0.341,0.227,0.384079589381105,"22","DANCR"
1.99845528018627e-05,0.561729493827902,0.36,0.247,0.393555798327082,"22","PMPCB"
2.01746935900352e-05,0.709111603001967,0.275,0.176,0.397300240868563,"22","THYN1"
2.1707497182727e-05,0.51754627444863,0.422,0.299,0.427485742019443,"22","EIF2A"
2.5194818778364e-05,0.614070321320714,0.275,0.173,0.496161566202323,"22","SELENOM"
3.48446306869599e-05,0.505794809645889,0.318,0.208,0.686195312118301,"22","WDR33"
4.15239253046823e-05,0.506162517625667,0.36,0.248,0.817730661025109,"22","ESYT1"
4.26230915605838e-05,0.571609852108859,0.364,0.256,0.839376542102577,"22","DAP3"
4.33413687693828e-05,0.617051413857792,0.318,0.214,0.853521575175456,"22","MHENCR"
4.65468394713608e-05,0.682773071156558,0.271,0.176,0.916646909709508,"22","POP5"
4.76119499216203e-05,0.527987531204029,0.403,0.287,0.937622129806468,"22","DCXR"
5.00070653958825e-05,0.536807009191933,0.314,0.209,0.984789138841115,"22","RAPGEF6"
5.9652296648047e-05,0.605516319010513,0.306,0.205,1,"22","SDR39U1"
6.0923427358929e-05,0.703984452232421,0.256,0.164,1,"22","ATIC"
8.41254641466417e-05,0.525748929635261,0.376,0.267,1,"22","ERAP2"
9.83864009939479e-05,0.575073254706104,0.283,0.187,1,"22","FOXO1"
9.83977707151243e-05,0.658836243422015,0.256,0.166,1,"22","NOLC1"
0.000100233669644434,0.696978188395889,0.252,0.164,1,"22","ZKSCAN1"
0.000117719286830012,0.570573403666442,0.337,0.236,1,"22","CCT2"
0.000125185950313776,0.582232636704589,0.345,0.244,1,"22","UGP2"
0.000151524414463522,0.501066697128547,0.314,0.213,1,"22","SRM"
0.000154870245681221,0.507895810951916,0.287,0.19,1,"22","RBM27"
0.000161312095658407,0.593267359727379,0.252,0.164,1,"22","MTERF4"
0.000210952119241583,0.572296949438935,0.302,0.209,1,"22","GORASP2"
0.000282041484703652,0.581772123905079,0.275,0.188,1,"22","OXLD1"
0.000284108524208528,0.624353362839873,0.256,0.17,1,"22","RRP1B"
0.00030787040906144,0.537509869511026,0.31,0.218,1,"22","JPX"
0.000363064510393048,0.584366146437522,0.252,0.168,1,"22","MRPS18B"
0.000385550279107022,0.596549291963356,0.252,0.169,1,"22","VPS26B"
0.000407911100375753,0.553096707593993,0.279,0.193,1,"22","EGLN2"
0.000414881786935818,0.539404836907893,0.295,0.205,1,"22","SUMF2"
0.000461894680687004,0.537117014413876,0.271,0.185,1,"22","RPA2"
0.000598947567719347,0.501892171577352,0.275,0.19,1,"22","AC079781.5"
0.0006264949132696,0.50283380508375,0.287,0.2,1,"22","NDUFAF8"
0.000629334431648754,0.566578989840417,0.267,0.186,1,"22","KAT6B"
0.000661760140963237,0.518576727524858,0.314,0.225,1,"22","SRSF1"
0.000914973861533546,0.549465709262848,0.256,0.176,1,"22","TMEM14C"
0.00118896009109873,0.539460292927424,0.291,0.212,1,"22","ESYT2"
0.00152062944344261,0.514388171453404,0.252,0.177,1,"22","FBRS"
0,11.4431459293023,0.955,0.024,0,"23","HBA2"
0,11.1729508725049,0.933,0.032,0,"23","HBA1"
0,11.5232569852269,0.83,0.002,0,"23","ALAS2"
0,11.5130938829391,0.991,0.166,0,"23","HBB"
0,5.61048498223087,0.879,0.109,0,"23","SLC25A37"
0,5.42222007462524,0.804,0.044,0,"23","SNCA"
0,11.3794808408792,0.754,0.001,0,"23","AHSP"
0,11.101325286884,0.746,0.003,0,"23","HBD"
0,11.6109936982007,0.723,0.001,0,"23","HBM"
0,4.55807869904434,0.754,0.039,0,"23","TRIM58"
0,11.8070108366802,0.692,0.002,0,"23","CA1"
0,11.2452094458564,0.67,0.001,0,"23","SLC4A1"
0,5.09178548046096,0.737,0.069,0,"23","DCAF12"
0,11.1949546750767,0.652,0,0,"23","SELENBP1"
0,5.40593800395403,0.612,0.033,0,"23","FECH"
0,3.59193978837678,0.473,0.028,0,"23","GMPR"
0,5.05419633879931,0.402,0.015,0,"23","HEMGN"
0,11.3011540789087,0.357,0,0,"23","EPB42"
0,5.17641872363931,0.357,0.014,0,"23","NFIX"
0,8.19495467507674,0.312,0.001,0,"23","PHOSPHO1"
0,10.5641884847425,0.308,0,0,"23","GYPB"
0,8.21055153012776,0.299,0.001,0,"23","TMOD1"
0,12.1867341682718,0.29,0,0,"23","IFIT1B"
0,8.6658454090891,0.25,0.001,0,"23","MYL4"
0,5.1972106490171,0.254,0.006,0,"23","HBQ1"
1.58002193540031e-320,4.91877098624387,0.558,0.043,3.11153719738382e-316,"23","BPGM"
7.48161437764688e-300,4.19925481251036,0.728,0.079,1.47335431939e-295,"23","FAM210B"
2.31198027639573e-272,4.18919958296634,0.674,0.075,4.55298275830611e-268,"23","STRADB"
3.51669637783266e-260,4.36154821378248,0.308,0.015,6.92543017686586e-256,"23","ANK1"
1.43672575209121e-225,3.77150322055367,0.705,0.097,2.82934402359323e-221,"23","BCL2L1"
7.12282447863238e-190,3.90833344892533,0.335,0.025,1.40269782457708e-185,"23","YOD1"
3.6012620165238e-182,3.103846361158,0.513,0.058,7.09196528914033e-178,"23","DMTN"
5.48929803602483e-175,4.16828672461466,0.25,0.015,1.08100746223437e-170,"23","SLC14A1"
2.89433883726051e-158,4.00540201302815,0.821,0.231,5.69982147221712e-154,"23","SLC25A39"
4.40384818438074e-155,2.47651245820346,0.71,0.129,8.67249822950099e-151,"23","MPP1"
3.41618621249755e-137,3.32503040582217,0.705,0.157,6.72749550827142e-133,"23","YBX3"
4.79020900933104e-137,3.52989246464343,0.812,0.244,9.43335860207561e-133,"23","BNIP3L"
1.09865878590665e-132,3.67085091259484,0.665,0.148,2.16358874708597e-128,"23","GLRX5"
2.46182529181052e-120,3.32989626206258,0.674,0.159,4.84807254716247e-116,"23","BLVRB"
2.06544490937408e-112,2.8257682577879,0.768,0.229,4.06748066003038e-108,"23","ADIPOR1"
3.09732091426015e-90,2.85052448891719,0.951,0.712,6.09955407645251e-86,"23","UBB"
2.67851887627747e-86,2.77600748651195,0.746,0.282,5.27480722305323e-82,"23","MKRN1"
9.31461876045491e-84,2.56802888125189,0.58,0.144,1.83432787249638e-79,"23","TENT5C"
8.11692364474638e-80,2.87114193584443,0.429,0.085,1.5984657733599e-75,"23","MARCH8"
3.94187422357418e-75,2.38408157177026,0.701,0.265,7.76273290848464e-71,"23","FBXO7"
4.57835466204524e-75,2.73552305643944,0.433,0.09,9.0161538359657e-71,"23","CDC34"
2.11716604599111e-73,2.34326706545787,0.661,0.225,4.16933509437028e-69,"23","RNF10"
1.89402711336022e-61,2.51956320951594,0.688,0.291,3.72990759434029e-57,"23","RBM38"
7.20429484017259e-60,2.41757200588607,0.576,0.189,1.41874178287519e-55,"23","MAP2K3"
1.11775360258837e-59,2.22937773873334,0.496,0.136,2.20119216957728e-55,"23","MXI1"
3.92782348829916e-58,2.06552985366193,0.625,0.213,7.73506279550754e-54,"23","LGALS3"
3.36083702364555e-56,2.79896159415458,0.277,0.049,6.61849635066519e-52,"23","TSPAN5"
2.39952123390445e-55,2.21823682231185,0.491,0.142,4.72537716592804e-51,"23","HAGH"
2.94171087913689e-54,2.3130199627649,0.746,0.394,5.79311123428428e-50,"23","BSG"
1.59758231156836e-51,1.83915063523955,0.688,0.322,3.14611884617157e-47,"23","NCOA4"
6.38607529739485e-50,1.72241070589612,0.821,0.505,1.25760980831597e-45,"23","GYPC"
7.42835061809912e-49,2.01918930907287,0.629,0.255,1.46286508722226e-44,"23","RIOK3"
2.10894079815528e-47,1.91283397356307,0.272,0.053,4.15313711380719e-43,"23","NFE2"
3.01193636224224e-46,2.34159480860469,0.536,0.195,5.93140627816365e-42,"23","PITHD1"
5.99484827987591e-46,2.06908961841113,0.464,0.144,1.18056547175596e-41,"23","UBE2H"
2.11246621264492e-45,1.5214085923317,0.795,0.512,4.16007971256164e-41,"23","FKBP8"
1.22905294947326e-41,2.19003199650769,0.379,0.107,2.42037397339769e-37,"23","FOXO3"
1.58309900574395e-41,2.58402449002904,0.25,0.051,3.11759687201156e-37,"23","SLC1A5"
2.69914721764034e-40,1.8949303013618,0.58,0.249,5.31543061569912e-36,"23","GSPT1"
9.54915605999938e-40,2.36776364142518,0.29,0.069,1.88051530289568e-35,"23","UBE2O"
3.46614519083055e-39,2.40224290303293,0.362,0.105,6.8258797243026e-35,"23","PNP"
2.08359108051812e-37,2.16413708308695,0.429,0.145,4.10321591486433e-33,"23","NUDT4"
2.31163080222435e-36,2.13454315838091,0.29,0.072,4.55229453882042e-32,"23","DCUN1D1"
7.7342080965663e-32,1.72898021057267,0.388,0.128,1.5230976004568e-27,"23","TCP11L2"
1.08246946032452e-31,1.26783379934217,0.795,0.559,2.13170710821708e-27,"23","GUK1"
6.96243896730509e-31,1.34091596173395,0.438,0.158,1.37111310583139e-26,"23","RNF11"
9.69562683880075e-29,1.57592149826589,0.482,0.199,1.90935979336503e-24,"23","GLUL"
1.03536019230972e-27,1.70957107407662,0.433,0.172,2.03893482671552e-23,"23","ISCA1"
1.56369282639667e-27,1.81435067286177,0.344,0.115,3.07938028302296e-23,"23","JAZF1"
1.6036516120991e-27,1.63588999452125,0.518,0.244,3.15807111970676e-23,"23","CCNDBP1"
1.45838604078599e-26,1.82388498600202,0.348,0.122,2.87199963011986e-22,"23","SIAH2"
4.01741138075474e-26,1.69896494486637,0.308,0.097,7.91148823212031e-22,"23","TESC"
1.4765940838578e-25,1.66575840707735,0.268,0.078,2.90785672934117e-21,"23","LYL1"
5.40085596632321e-25,1.38256806593145,0.433,0.173,1.06359056544803e-20,"23","STOM"
1.22683231423062e-24,1.89237953462779,0.442,0.198,2.41600087641436e-20,"23","CAT"
9.02066344566131e-24,1.71304285293122,0.603,0.383,1.77643925235408e-19,"23","PRDX2"
1.53847687517963e-23,1.96481647507668,0.308,0.108,3.02972251029125e-19,"23","DPM2"
7.99133284799553e-23,1.67866157108974,0.326,0.117,1.57373317775576e-18,"23","CISD2"
2.11254479475441e-22,1.26925367017981,0.473,0.223,4.16023446430986e-18,"23","EIF2AK1"
8.41614609526341e-21,1.83763727409213,0.254,0.083,1.65739165054022e-16,"23","TANGO2"
2.37869219835523e-20,1.50219200754098,0.446,0.21,4.68435854622095e-16,"23","BAG1"
4.75437816945518e-19,1.45813936947162,0.335,0.134,9.36279692910809e-15,"23","ASCC2"
6.49632742085901e-18,1.6304562769153,0.254,0.09,1.27932175898976e-13,"23","USP12"
8.84118638461569e-18,1.6616682091279,0.295,0.115,1.74109483472237e-13,"23","TFDP1"
1.11958977299118e-16,1.11190308370075,0.504,0.276,2.20480813995153e-12,"23","WNK1"
4.04822128372909e-16,1.51223013258272,0.277,0.109,7.9721621740477e-12,"23","TRAK2"
7.33789335840378e-16,1.53713459087343,0.263,0.103,1.44505133907046e-11,"23","FAM104A"
2.39356769452549e-15,1.11381466821908,0.496,0.279,4.71365286082905e-11,"23","PIP4K2A"
8.22843316915835e-15,1.06842784250839,0.585,0.395,1.62042534400235e-10,"23","GABARAPL2"
1.1666321253068e-14,1.0927042719373,0.513,0.302,2.29744864436667e-10,"23","PSMF1"
1.5758211454633e-14,1.27418500205609,0.353,0.166,3.10326458176088e-10,"23","RPIA"
1.60330390692677e-13,0.982768865312386,0.625,0.447,3.15738638391088e-09,"23","C9orf78"
1.09290696952745e-12,0.952251259422825,0.589,0.395,2.1522616950904e-08,"23","EPB41"
1.25822687509227e-11,1.09864497131549,0.348,0.179,2.47782618511921e-07,"23","EMC3"
5.91276837092555e-11,0.99796944716793,0.554,0.389,1.16440147528637e-06,"23","RAD23A"
8.94565013113317e-11,1.13992452514774,0.281,0.134,1.76166688032406e-06,"23","RGCC"
1.51110195549489e-09,0.979791008640327,0.531,0.368,2.97581308095608e-05,"23","PIM1"
2.1444555381828e-09,0.857286319200468,0.504,0.345,4.22307629134339e-05,"23","R3HDM4"
3.51959565770007e-08,0.809092274435276,0.451,0.294,0.000693113972870874,"23","EIF1B"
1.34919914248571e-07,0.769713180961467,0.29,0.157,0.0026569778712971,"23","SESN3"
3.91908917088262e-07,0.593250999689339,0.594,0.462,0.00771786230421914,"23","YPEL3"
5.08681900625048e-07,0.908346693469091,0.259,0.142,0.0100174726690091,"23","AP2A1"
5.46167182669161e-07,1.02450246915537,0.33,0.205,0.0107556703283038,"23","TOP1"
2.03227580338198e-06,0.778122355370106,0.317,0.192,0.0400216073960013,"23","HDGF"
3.41273775757556e-06,0.62692820197219,0.522,0.406,0.0672070446599354,"23","PRDX6"
9.86345864423805e-06,0.695108787993531,0.317,0.198,0.19424109108098,"23","VTI1B"
2.12237348134929e-05,0.72205795712638,0.429,0.315,0.417959009682116,"23","ACP1"
2.17074914357292e-05,0.752011179228008,0.295,0.186,0.427485628843815,"23","FBXO9"
3.54605092088831e-05,0.83289960890052,0.464,0.37,0.698323807850535,"23","TERF2IP"
0.000190659735734992,0.644635418231483,0.362,0.257,1,"23","FGFR1OP2"
0.000243756603872875,0.579977194370298,0.366,0.263,1,"23","PCGF5"
0.00113017222722328,0.716894090912112,0.277,0.196,1,"23","FAM117A"
0.00124746577496189,0.603440185616016,0.339,0.25,1,"23","GRINA"
0.0027449207843488,0.51180966179887,0.406,0.328,1,"23","STMP1"
0,8.17118386190525,0.641,0.005,0,"24","PRSS57"
0,6.0368170687574,0.641,0.031,0,"24","GIHCG"
0,12.3514053855225,0.536,0,0,"24","CD34"
0,4.99399701125359,0.541,0.023,0,"24","FAM30A"
0,8.93327339592405,0.508,0.001,0,"24","CYTL1"
0,6.24706872570778,0.514,0.009,0,"24","EGFL7"
0,5.11930139282032,0.503,0.026,0,"24","LAPTM4B"
0,7.53009052162007,0.464,0.003,0,"24","GATA2"
0,9.46388011478093,0.453,0.001,0,"24","SMIM24"
0,5.36732098187235,0.409,0.015,0,"24","MYB"
0,10.1033213211547,0.354,0,0,"24","NPR3"
0,9.93512471939304,0.354,0.001,0,"24","CRHBP"
0,6.22385898635076,0.304,0.005,0,"24","MAP7"
0,12.3982262422755,0.298,0,0,"24","MYCN"
0,8.57616482140288,0.293,0.001,0,"24","CPXM1"
0,9.56230216802114,0.293,0.001,0,"24","EMID1"
0,4.85571022289845,0.298,0.008,0,"24","TFPI"
0,8.29541543669174,0.293,0.003,0,"24","TNFRSF17"
0,5.1892998885395,0.298,0.009,0,"24","FSCN1"
0,5.67898004355102,0.282,0.004,0,"24","MSRB3"
0,4.9325408081322,0.276,0.007,0,"24","DIPK1B"
0,11.6998056917711,0.265,0,0,"24","LINC02573"
8.55030006692861e-320,7.09281688471992,0.453,0.023,1.68381059218025e-315,"24","MZB1"
5.45777635755656e-284,5.94817218526457,0.387,0.019,1.07479989809361e-279,"24","SPINK2"
1.72141125997794e-283,5.00924363548279,0.669,0.059,3.38997519427455e-279,"24","SOX4"
6.54856497975867e-281,4.53453099646335,0.331,0.014,1.28960890146388e-276,"24","IL1B"
5.75498878976975e-270,4.49116488321282,0.381,0.019,1.13332994236936e-265,"24","MEST"
1.68683294735316e-267,6.34578798742838,0.309,0.013,3.32188012322258e-263,"24","DERL3"
4.97129143725615e-234,9.04167004171272,0.276,0.011,9.78996422738854e-230,"24","IGHA1"
1.77208940908715e-233,4.37195762533989,0.387,0.022,3.48977567331532e-229,"24","NREP"
2.47392436339277e-230,4.63603304336814,0.735,0.087,4.87189924882938e-226,"24","ITM2C"
5.79676739581597e-230,4.14298035082122,0.619,0.059,1.14155740325804e-225,"24","ANKRD28"
4.37135850830786e-227,4.33799331252273,0.387,0.023,8.60851631041067e-223,"24","ZNRF1"
4.20596769658483e-210,6.68436642038522,0.58,0.057,8.28281218488451e-206,"24","TXNDC5"
3.40979955445156e-209,4.49760285728636,0.337,0.019,6.71491826258146e-205,"24","ST8SIA6"
1.79301831773627e-208,5.01402363822864,0.293,0.014,3.53099097311804e-204,"24","EREG"
5.95676461274675e-207,4.82499506715647,0.37,0.023,1.17306565518822e-202,"24","ATP8B4"
1.27497690711328e-187,4.3000604759878,0.282,0.015,2.51081202317818e-183,"24","SERPING1"
2.5301995145353e-181,4.06187970535833,0.26,0.013,4.98272190397436e-177,"24","FCER1A"
2.24350196634378e-170,3.98556017410495,0.387,0.03,4.41812842232081e-166,"24","ALDH1A1"
6.24509022505113e-159,3.90965633851328,0.32,0.022,1.22984561801932e-154,"24","RAB13"
1.34419267077512e-148,3.67776820388221,0.376,0.032,2.64711862655744e-144,"24","IL18"
1.31321158999438e-143,3.94423000401664,0.492,0.057,2.58610758417593e-139,"24","CD38"
3.39321952623959e-136,2.12084133090558,0.459,0.049,6.68226721302363e-132,"24","TSC22D1"
1.52606942210988e-132,3.6099826067863,0.32,0.026,3.00528851296099e-128,"24","MYL6B"
2.58366669935076e-132,3.21157680882634,0.459,0.052,5.08801483103144e-128,"24","NFE2"
1.02312743307784e-130,3.9539446594678,0.403,0.042,2.01484485396019e-126,"24","H1F0"
4.96407576762004e-130,3.24470428457052,0.597,0.092,9.77575440917414e-126,"24","DDAH2"
4.27348002892802e-127,3.46978525606544,0.409,0.043,8.41576422096795e-123,"24","PTMS"
1.57396809212896e-122,3.72145882675512,0.718,0.158,3.09961536382955e-118,"24","CDK6"
4.87256628231078e-117,3.14710259409086,0.47,0.061,9.59554477975462e-113,"24","FABP5"
5.43115830512678e-114,3.19874790454524,0.669,0.137,1.06955800502862e-109,"24","STMN1"
4.76220281907907e-106,2.84690161223154,0.403,0.049,9.37820601161241e-102,"24","TCF4"
1.5332069269877e-105,2.98369514878811,0.641,0.13,3.01934440131687e-101,"24","EBPL"
3.31215149121542e-103,3.63551201497491,0.271,0.024,6.52261993165053e-99,"24","CKS2"
3.42839882543195e-102,3.49580866310941,0.315,0.032,6.75154580692314e-98,"24","PLAGL1"
1.48946042418185e-101,3.49154832375751,0.271,0.024,2.93319441334132e-97,"24","UBR5-AS1"
1.47819430254693e-100,3.5264979563251,0.403,0.053,2.91100804000568e-96,"24","CLEC11A"
5.72612227748313e-100,8.08742502169294,0.326,0.037,1.12764526010475e-95,"24","JCHAIN"
1.18016345793446e-95,4.04835530084084,0.26,0.024,2.32409589771034e-91,"24","MINPP1"
3.07001091380226e-93,3.30186271862179,0.365,0.046,6.04577249255079e-89,"24","REC8"
7.73683738760149e-91,2.73446802469698,0.475,0.076,1.52361538674036e-86,"24","IGFBP7"
7.68066100723107e-87,2.96951786812983,0.459,0.075,1.51255257215401e-82,"24","CD59"
1.9689657294707e-86,2.86709909824619,0.464,0.078,3.87748421104665e-82,"24","LYL1"
2.48785569532228e-86,2.87452202185151,0.376,0.051,4.89933422079816e-82,"24","P2RX1"
8.12398259674727e-86,2.75250082771664,0.497,0.088,1.59985589277744e-81,"24","KDM5B"
3.90846991823946e-83,3.01602967532297,0.42,0.066,7.69694980998896e-79,"24","ETS2"
8.99664529645217e-77,3.24453255461551,0.436,0.077,1.77170935823033e-72,"24","MAN1A1"
4.78441701404046e-76,2.66236433305438,0.315,0.04,9.42195242574987e-72,"24","AKR1C3"
1.28933672055534e-75,2.73873199203066,0.481,0.093,2.53909080378963e-71,"24","SLC39A3"
1.42948695278704e-75,3.52415090602721,0.282,0.034,2.81508865612351e-71,"24","CSF2RB"
2.00098296363486e-74,3.61597877942544,0.276,0.033,3.94053575028613e-70,"24","POU2AF1"
2.21188968016414e-73,3.18788627172898,0.309,0.041,4.35587434714724e-69,"24","TSPAN2"
9.21778544378127e-72,2.82875994111612,0.381,0.061,1.81525848744385e-67,"24","ATP2C1"
2.54708559659714e-70,2.62832662158972,0.459,0.088,5.01597566537874e-66,"24","TM7SF3"
4.45733994399941e-66,1.31538167114994,0.304,0.041,8.77783955171804e-62,"24","TRIM58"
1.85407380188984e-65,2.69217676321281,0.337,0.052,3.65122753806166e-61,"24","DAPK1"
2.87603973845475e-63,2.66501782040653,0.459,0.097,5.66378505693894e-59,"24","MSI2"
1.41583114303071e-62,2.55902530743245,0.359,0.061,2.78819626997038e-58,"24","SCCPDH"
3.01033205238093e-61,3.14879176537403,0.282,0.04,5.92824691075377e-57,"24","MIR181A1HG"
3.26010089719663e-61,2.43371782260962,0.597,0.169,6.42011669684932e-57,"24","ETV6"
3.29178077806757e-60,2.58531744756754,0.409,0.081,6.48250388624847e-56,"24","FHL1"
2.00448335324329e-57,2.4914644988831,0.68,0.252,3.94742906754201e-53,"24","HMGA1"
3.01766563145361e-57,2.71619324452524,0.464,0.109,5.9426889280216e-53,"24","MBOAT7"
3.68567566089017e-57,2.75637302618378,0.26,0.036,7.25820107899101e-53,"24","PKIG"
6.54162680407041e-57,1.70117068555952,0.453,0.096,1.28824256652559e-52,"24","PDLIM1"
2.33981016513957e-55,2.18824350980456,0.536,0.14,4.60778815820936e-51,"24","HSH2D"
3.27700932774957e-55,2.61572848732488,0.298,0.048,6.45341446913723e-51,"24","GNA15"
5.19520230325487e-55,2.22033836009326,0.519,0.132,1.02309118957998e-50,"24","MLEC"
1.52878624880691e-54,2.91231119207431,0.409,0.09,3.01063875977544e-50,"24","STT3A"
5.9419524016636e-54,2.52973768334432,0.381,0.077,1.17014868645961e-49,"24","LMO2"
1.58715810653742e-53,1.90871834599673,0.343,0.062,3.12559045920414e-49,"24","MTURN"
4.26577054090951e-52,1.92141509853886,0.746,0.314,8.4005819262131e-48,"24","TXN"
1.46506614920292e-51,3.11902232982503,0.387,0.087,2.88515476762531e-47,"24","PDZD8"
1.58323659364278e-51,1.89745281519417,0.735,0.285,3.11786782386073e-47,"24","SPN"
1.93291978698489e-51,2.02015666265868,0.713,0.274,3.80649893650934e-47,"24","OSTC"
1.14367317210487e-50,3.09301948326679,0.459,0.122,2.25223557782612e-46,"24","NRIP1"
1.64691578583669e-50,1.85527944270743,0.707,0.263,3.2432712570482e-46,"24","NUCB2"
6.5018669963526e-50,2.33045773865195,0.635,0.236,1.28041266759172e-45,"24","IMPDH2"
9.86643072610348e-50,2.56005641480022,0.354,0.072,1.94299620289156e-45,"24","ISYNA1"
5.9561360293361e-49,2.64026808615208,0.32,0.06,1.17294186825716e-44,"24","CASP3"
8.85633872049414e-49,2.51419958881984,0.304,0.054,1.74407878422691e-44,"24","SOCS2"
1.32325337858328e-48,2.60135352937953,0.586,0.198,2.60588287844405e-44,"24","CAT"
1.84134103557069e-47,2.35908208782415,0.669,0.281,3.62615290134936e-43,"24","SNHG7"
3.05134712569159e-47,2.28807626638388,0.486,0.137,6.00901789462444e-43,"24","NME4"
4.60309780192345e-47,2.69256616642191,0.558,0.195,9.06488050132784e-43,"24","FAM117A"
1.01896792918834e-46,2.5930317075808,0.293,0.053,2.00665354295059e-42,"24","RCN1"
2.43681287325573e-46,2.53557031063914,0.32,0.063,4.79881559130251e-42,"24","GSE1"
1.1997534202256e-44,1.85269861815178,0.453,0.114,2.36267441045027e-40,"24","CXXC5"
1.96971051830574e-44,2.48324614033373,0.436,0.118,3.8789509236995e-40,"24","SSBP2"
7.2383269923522e-44,2.14475727807468,0.431,0.111,1.42544373460392e-39,"24","AHCY"
1.09322998711407e-43,2.69268670581156,0.37,0.086,2.15289781362374e-39,"24","PRDX4"
1.57286657233317e-43,1.73131388675501,0.718,0.309,3.09744614089571e-39,"24","HSPD1"
9.69452836049461e-43,2.64479789838777,0.298,0.059,1.9091434700322e-38,"24","TP53INP1"
2.32884326478132e-42,2.82615247297694,0.282,0.054,4.58619104133386e-38,"24","TFRC"
4.23214500986826e-42,2.14712669206392,0.365,0.084,8.33436316793356e-38,"24","CDK2AP1"
1.0864947970904e-41,2.24554125596119,0.309,0.063,2.13963420391012e-37,"24","CKAP2"
4.53217718942708e-41,2.28090501702757,0.304,0.062,8.92521653913874e-37,"24","SIL1"
5.14872515208854e-41,2.21753207931522,0.343,0.077,1.0139384442008e-36,"24","SEPTIN11"
7.15679508251644e-41,2.01422951693622,0.68,0.32,1.40938765559996e-36,"24","H2AFY"
8.65952231463216e-41,1.69841831864326,0.619,0.226,1.70531972942051e-36,"24","YWHAE"
8.58570994515988e-40,1.86238894136238,0.508,0.158,1.69078385950034e-35,"24","YBX3"
8.59342533501258e-40,1.88234200456116,0.586,0.216,1.69230325122403e-35,"24","SYPL1"
1.57134784770506e-39,2.5057585284217,0.464,0.144,3.09445531648557e-35,"24","SLC40A1"
3.51458998516164e-39,0.915925086321958,0.95,0.994,6.92128205777881e-35,"24","RPLP0"
1.33832637631328e-38,2.29080481026058,0.32,0.071,2.63556613287375e-34,"24","MAGED1"
1.43864543914583e-38,2.54186231871792,0.271,0.054,2.83312446330988e-34,"24","HIST3H2A"
3.23028578326999e-38,2.06763459514355,0.845,0.829,6.36140179299359e-34,"24","SNHG29"
5.98165068206017e-38,2.59766333402731,0.398,0.111,1.17796646881811e-33,"24","RRBP1"
9.71154653364579e-38,2.23431777321368,0.298,0.064,1.91249485887087e-33,"24","RNF24"
1.86319145200376e-37,1.2196290893438,0.906,0.71,3.669182926431e-33,"24","NME2"
1.9914362086839e-37,2.58552287610112,0.26,0.051,3.9217353257612e-33,"24","ELL2"
3.45545615583077e-37,2.21232635103296,0.254,0.049,6.80482980767753e-33,"24","FRMD4B"
4.37872808083526e-37,2.32840829056448,0.309,0.07,8.62302920958888e-33,"24","SRPRB"
8.06639365048801e-37,2.0043053940225,0.503,0.172,1.5885149015906e-32,"24","CD82"
8.216883799482e-37,2.63878459497674,0.669,0.409,1.61815092663199e-32,"24","SERPINB1"
1.34997668428679e-36,2.51081192688953,0.26,0.052,2.65850908436597e-32,"24","SLC25A29"
4.34947926998623e-36,1.46658073126758,0.481,0.142,8.56542952638388e-32,"24","MEF2C"
8.72626039179323e-36,2.34678973398835,0.282,0.06,1.71846245895584e-31,"24","C19orf48"
1.19444604996397e-35,2.37056276152418,0.254,0.05,2.35222260619405e-31,"24","MGST2"
1.92526599396338e-35,2.31386229829215,0.282,0.061,3.79142632191208e-31,"24","PALM2-AKAP2"
7.97427335455372e-35,2.36254594312772,0.315,0.075,1.57037365171226e-30,"24","SLC39A8"
8.72962641210564e-35,1.92694131028145,0.254,0.05,1.71912532933596e-30,"24","ADAM28"
1.29692184116142e-34,1.43596415866487,0.436,0.13,2.55402818179918e-30,"24","MPP1"
2.71022858308111e-34,2.64232157297217,0.26,0.055,5.33725314866162e-30,"24","SEMA4A"
3.13678505143541e-34,2.17909554464138,0.304,0.071,6.17727080179175e-30,"24","SMC4"
1.11478300451565e-33,2.18006270090496,0.343,0.09,2.19534217079266e-29,"24","MPST"
2.19409279177082e-33,1.73164004813045,0.691,0.358,4.32082693483428e-29,"24","PRDX1"
3.50838836608519e-33,1.77512990226255,0.348,0.089,6.90906920933157e-29,"24","MIR4435-2HG"
5.20750406853355e-33,1.57901582550241,0.459,0.143,1.02551377621631e-28,"24","CHST12"
6.7311118603244e-33,0.951793235434848,0.956,0.646,1.32555785865368e-28,"24","CLIC1"
6.9524841441948e-33,2.28363868524469,0.63,0.288,1.36915270251628e-28,"24","PDIA6"
8.19121334155349e-33,1.60342964728179,0.459,0.148,1.61309564335213e-28,"24","BEX3"
1.01224348388432e-32,2.25924070570541,0.315,0.078,1.99341109281339e-28,"24","EAF2"
2.31700019165882e-32,1.65577622364774,0.558,0.214,4.56286847743372e-28,"24","SPINT2"
2.76556638241225e-32,2.24837990914884,0.309,0.077,5.44622987688444e-28,"24","PAICS"
3.8451635154231e-32,2.00221984208289,0.37,0.104,7.57228051092272e-28,"24","ZMIZ1"
6.12281707758496e-32,1.74970886904156,0.398,0.116,1.20576636708881e-27,"24","CREG1"
1.15403119122198e-31,1.91069370252222,0.392,0.116,2.27263362487344e-27,"24","BZW2"
2.05530518311774e-31,2.17922793234883,0.271,0.061,4.04751249711377e-27,"24","FUT8"
2.39078224090663e-30,1.50384767782658,0.597,0.248,4.70816746701743e-26,"24","PARP1"
3.16587807192897e-30,1.84771992610541,0.392,0.12,6.23456368704973e-26,"24","LEPROT"
5.99659450855868e-30,1.87445116557218,0.348,0.097,1.18090935657046e-25,"24","YWHAG"
1.69253705450164e-29,2.38051172799217,0.481,0.189,3.33311322143007e-25,"24","LMAN1"
2.93375315351315e-29,1.68144473112486,0.729,0.406,5.77744008521345e-25,"24","CANX"
3.77579056055261e-29,2.14647756715131,0.58,0.263,7.43566435089625e-25,"24","SSR3"
3.90252787919347e-29,1.80951160669325,0.37,0.11,7.6852481524957e-25,"24","TSPAN3"
4.23557789209248e-29,1.78107823116976,0.53,0.214,8.34112354289773e-25,"24","AMD1"
5.29046122821458e-29,1.40268350839356,0.89,0.801,1.0418505296723e-24,"24","HSP90AB1"
6.02488274543665e-29,1.42943431430082,0.276,0.066,1.18648015905884e-24,"24","TPM1"
9.62172383717114e-29,1.76366377097338,0.403,0.129,1.89480607525411e-24,"24","TFDP2"
2.49448750208757e-28,1.34562847524819,0.569,0.227,4.91239423786105e-24,"24","RTN3"
3.40521726467e-28,1.6247147751897,0.486,0.178,6.70589435931462e-24,"24","GOLGB1"
5.29760889919357e-28,0.872661208620655,0.928,0.943,1.04325812051819e-23,"24","GAPDH"
1.28281285816666e-27,1.67294061864084,0.552,0.241,2.52624336158761e-23,"24","RNF130"
1.29548233317385e-27,1.66235294496002,0.403,0.131,2.55119335871927e-23,"24","CYTOR"
1.48243124827814e-27,2.87501090634792,0.337,0.105,2.91935185723414e-23,"24","TXNDC11"
1.50745765529389e-27,1.76851245199156,0.448,0.16,2.96863636057026e-23,"24","MRPL16"
2.41103248528552e-27,1.32956581056129,0.652,0.3,4.74804627327278e-23,"24","KDELR1"
2.71759568198579e-27,1.80880561969708,0.536,0.227,5.35176117653461e-23,"24","MYADM"
2.89553644943181e-27,1.61799559957893,0.702,0.375,5.70217992986607e-23,"24","DDOST"
3.56983988706252e-27,1.71989241103361,0.84,0.555,7.03008568959221e-23,"24","CALR"
3.99064930750114e-27,1.74401958456916,0.359,0.109,7.858785681262e-23,"24","ORAI2"
1.15170933612185e-26,1.66395765404795,0.436,0.157,2.26806119562477e-22,"24","ZNF22"
1.15300551516418e-26,2.1587289994337,0.315,0.091,2.27061376101282e-22,"24","ATP6V0A2"
1.25545232471982e-26,1.93302011766126,0.282,0.073,2.47236226307074e-22,"24","TCEAL4"
2.23580061153736e-26,1.43588448477056,0.597,0.285,4.40296214430053e-22,"24","ILF2"
4.09162243068898e-26,2.16585028759093,0.276,0.073,8.05763205275581e-22,"24","METTL7A"
5.60882394431002e-26,1.26093486690547,0.691,0.355,1.10454569935297e-21,"24","RPL22L1"
7.57292096526937e-26,1.68241912751779,0.309,0.086,1.4913353256905e-21,"24","BTK"
1.06024377581122e-25,1.10315687464659,0.873,0.881,2.08793806770504e-21,"24","NPM1"
1.19328565964061e-25,1.91073788311115,0.32,0.094,2.34993744953025e-21,"24","ACSS1"
1.51401283612897e-25,1.71365347069969,0.646,0.327,2.98154547818877e-21,"24","RPN1"
1.93740501602005e-25,1.6481721144507,0.481,0.189,3.81533169804828e-21,"24","HDLBP"
2.24170743297072e-25,1.39809255894833,0.564,0.243,4.41459444774924e-21,"24","LAPTM4A"
3.24638595323945e-25,2.02531914620654,0.265,0.069,6.39310785771445e-21,"24","PCBD1"
3.30739651378299e-25,2.03410919866299,0.37,0.124,6.51325595459285e-21,"24","UROD"
3.41503401710136e-25,1.41033587419889,0.547,0.231,6.72522648987771e-21,"24","IDH2"
8.90466661364025e-25,1.48227426587822,0.519,0.219,1.75359599622418e-20,"24","GTF2I"
1.39305593122242e-24,1.83398651809152,0.315,0.094,2.74334504535631e-20,"24","PAPSS1"
2.19122576599537e-24,2.0204885074079,0.26,0.068,4.31518090097467e-20,"24","KEAP1"
2.19545853222518e-24,1.84307524365074,0.337,0.106,4.32351648751104e-20,"24","NME1"
2.23369594646585e-24,1.9757866748902,0.265,0.071,4.39881742737521e-20,"24","NIPSNAP3A"
3.42825107598372e-24,4.3402052971951,0.254,0.066,6.75125484393474e-20,"24","IGHM"
3.46816200059814e-24,1.97230555789432,0.26,0.069,6.82985142777792e-20,"24","SLC44A1"
4.39043472963448e-24,1.21421167033097,0.751,0.432,8.64608311306918e-20,"24","PEBP1"
4.47482762921289e-24,1.23694877120762,0.641,0.327,8.81227805020894e-20,"24","ERGIC3"
4.66870718720218e-24,1.52421237104345,0.597,0.322,9.19408506375725e-20,"24","APEX1"
5.85904978881392e-24,1.80912774150825,0.343,0.109,1.15382267491113e-19,"24","SLC12A6"
7.79758177900547e-24,1.93138503395391,0.254,0.066,1.53557777973955e-19,"24","HIBCH"
9.61582215527072e-24,1.58845060209093,0.735,0.655,1.89364385703746e-19,"24","ZFAS1"
9.67638781021434e-24,1.5137967592055,0.403,0.144,1.90557105146551e-19,"24","RAB37"
1.38716713370814e-23,1.99701338135968,0.293,0.086,2.73174823641143e-19,"24","HADH"
1.81942223359396e-23,1.87508088535162,0.354,0.119,3.58298820461658e-19,"24","CDK4"
2.1111621968573e-23,3.1335773789725,0.796,0.559,4.15751171427108e-19,"24","HSP90B1"
2.38664193880369e-23,1.38892246395068,0.453,0.172,4.70001397008611e-19,"24","COMMD3"
2.49360010849611e-23,1.42865525074621,0.735,0.696,4.9106466936614e-19,"24","GAS5"
3.2529697722485e-23,0.897943392017277,0.867,0.641,6.40607337248897e-19,"24","UQCRH"
3.33162477297189e-23,1.60582229064914,0.398,0.147,6.56096866541354e-19,"24","PPP1R14B"
4.11050149193672e-23,0.79373269437622,0.536,0.206,8.09481058807099e-19,"24","HLA-DMA"
4.14366163598322e-23,1.44653950183923,0.503,0.215,8.16011285974176e-19,"24","LSM2"
4.39320921542936e-23,1.83827562956243,0.32,0.102,8.65154690794503e-19,"24","RUVBL2"
5.40189369766636e-23,2.28214360363684,0.348,0.123,1.06379492588144e-18,"24","DNAJB11"
8.76485439672524e-23,1.33298262869506,0.503,0.211,1.7260627763471e-18,"24","COMT"
8.80981359254974e-23,1.69396816558433,0.47,0.199,1.73491659078082e-18,"24","GLUL"
9.64723979191511e-23,1.70124884001369,0.348,0.116,1.89983093222184e-18,"24","PHACTR4"
9.73649796503247e-23,0.999905185809224,0.89,0.954,1.91740854425384e-18,"24","HNRNPA1"
1.03109324543201e-22,1.94881962728993,0.254,0.069,2.03053192822925e-18,"24","SPPL2B"
2.13869913671093e-22,1.15596830164684,0.652,0.33,4.21174020992483e-18,"24","CCT8"
2.44482620464609e-22,1.30682819465301,0.768,0.469,4.81459624480955e-18,"24","ITGA4"
4.00604432353519e-22,1.94045232490484,0.425,0.176,7.88910308633785e-18,"24","TMEM14C"
6.77335379481242e-22,1.72580680757764,0.298,0.091,1.33387656281241e-17,"24","CD79A"
6.94849124253555e-22,2.36008072658432,0.287,0.089,1.36836638039253e-17,"24","HYOU1"
8.51222971986003e-22,1.86343340209037,0.271,0.078,1.67631339873204e-17,"24","NPDC1"
1.14432141591048e-21,1.10297841040149,0.735,0.458,2.25351216435251e-17,"24","DAD1"
1.30797903613957e-21,0.737855710674156,0.961,0.988,2.57580311586966e-17,"24","EEF2"
3.09030521120975e-21,1.47533499008416,0.436,0.175,6.08573805243535e-17,"24","TIMM13"
7.000373770847e-21,1.391138105828,0.514,0.236,1.3785836066929e-16,"24","CCT2"
1.40579590368997e-20,1.02711342269662,0.685,0.411,2.76843387313666e-16,"24","TALDO1"
2.2673192893182e-20,1.09643692030521,0.58,0.283,4.46503187645433e-16,"24","DYNLL1"
2.43340673402664e-20,1.77031058086282,0.63,0.377,4.79210788131865e-16,"24","XBP1"
2.43944242827928e-20,1.48915331172643,0.436,0.179,4.80399397401038e-16,"24","FKBP2"
2.65999880811046e-20,1.87590028328033,0.298,0.099,5.23833565281193e-16,"24","FKBP4"
2.67006734825955e-20,1.5795491446863,0.359,0.13,5.25816362892754e-16,"24","HERC2"
4.14542655381777e-20,1.70841076342995,0.304,0.1,8.16358851243334e-16,"24","CPT1A"
4.50019110105525e-20,1.28178039939252,0.508,0.234,8.8622263353081e-16,"24","OLA1"
5.00641525896584e-20,1.63538424296654,0.298,0.096,9.85913356948143e-16,"24","MRPL45"
6.61114107177904e-20,1.37230042061427,0.403,0.156,1.30193201126545e-15,"24","STOML2"
1.2547425600727e-19,0.647241400574879,0.928,0.996,2.47096452355116e-15,"24","RACK1"
1.6374234967724e-19,1.28512853641037,0.486,0.213,3.2245780921939e-15,"24","AKR1A1"
1.77551599954496e-19,1.30854833019025,0.547,0.263,3.49652365790388e-15,"24","SND1"
1.91721040914996e-19,1.68112821254248,0.354,0.132,3.77556245873901e-15,"24","STAT5A"
2.09204047805477e-19,1.26795300335465,0.652,0.386,4.11985531343326e-15,"24","CD164"
2.86014089397956e-19,1.59398016055715,0.331,0.117,5.63247546251394e-15,"24","CISD2"
3.09590725260601e-19,1.61110631357841,0.359,0.135,6.09677015255701e-15,"24","TMED3"
4.48932694458346e-19,1.37338071708261,0.365,0.135,8.84083155196821e-15,"24","LAT2"
4.49130088626401e-19,1.6924084905888,0.287,0.094,8.84471883531972e-15,"24","HSD17B12"
5.59150984774857e-19,1.71942806528377,0.287,0.094,1.10113603431713e-14,"24","PSMB5"
7.01796765069284e-19,1.60083087623013,0.315,0.11,1.38204836945094e-14,"24","HEBP1"
7.9374226871935e-19,0.930625606967221,0.773,0.555,1.56311664978902e-14,"24","ATP5F1B"
8.28546544472434e-19,1.4709434422999,0.392,0.157,1.63165671002957e-14,"24","PRDX3"
9.05553750762482e-19,1.27619367417428,0.464,0.201,1.78330700137656e-14,"24","SMARCB1"
9.0846146117216e-19,1.11667858629023,0.669,0.426,1.78903315548634e-14,"24","TUBB"
9.32163935599269e-19,1.3484234975492,0.403,0.162,1.83571043837564e-14,"24","MAGED2"
1.02002814664924e-18,1.45009963480137,0.309,0.105,2.00874142919634e-14,"24","MCTP2"
1.09382500170729e-18,0.962250527709804,0.735,0.454,2.15406957586216e-14,"24","PHB2"
1.16387480647696e-18,2.34267658179187,0.497,0.268,2.29201865639507e-14,"24","MYDGF"
1.54395537276905e-18,1.39862254472945,0.436,0.191,3.04051131559409e-14,"24","NENF"
1.61669637109255e-18,1.52861151570608,0.298,0.1,3.18376016359257e-14,"24","ARMCX3"
2.18801038782769e-18,1.74518526424084,0.287,0.097,4.30884885674908e-14,"24","CCNB1IP1"
2.37238272694028e-18,0.997112325145662,0.707,0.431,4.67193330416349e-14,"24","COX5A"
2.51164966479636e-18,3.13667228148539,0.398,0.193,4.94619168488347e-14,"24","PDIA4"
3.23252976494913e-18,1.52773244117024,0.403,0.171,6.36582086611433e-14,"24","HDAC2"
4.27602084412102e-18,1.30704190996956,0.448,0.193,8.42076784832753e-14,"24","MED13L"
5.27190841011933e-18,1.66449548840731,0.425,0.193,1.0381969232048e-13,"24","ELMO1"
6.08321587150995e-18,1.16510809496543,0.558,0.285,1.19796770157646e-13,"24","CLNS1A"
6.13906044083656e-18,0.589257732026801,0.95,0.998,1.20896517261394e-13,"24","RPS4X"
9.49758664880465e-18,1.63738014345662,0.608,0.362,1.8703597387491e-13,"24","RPN2"
1.08247060607669e-17,1.64370115236574,0.309,0.111,2.13170936454682e-13,"24","WRNIP1"
1.24740367662935e-17,1.54042987106861,0.309,0.11,2.45651206038618e-13,"24","TPD52"
1.43450231161545e-17,1.65178690100001,0.348,0.139,2.82496540226431e-13,"24","GNAQ"
1.67701193600653e-17,0.833712284257583,0.696,0.425,3.30253960557766e-13,"24","TKT"
2.00967760842744e-17,0.885895850653279,0.757,0.498,3.95765811427616e-13,"24","ATP5F1A"
2.14131757862357e-17,0.824116813100383,0.884,0.87,4.21689670758339e-13,"24","HINT1"
2.3435364489611e-17,0.698721098577598,0.293,0.097,4.61512632893909e-13,"24","PARVB"
2.35659755250239e-17,0.778532771948356,0.895,0.836,4.64084756014295e-13,"24","HMGB1"
2.82094777875308e-17,1.11115814736193,0.541,0.271,5.55529246069845e-13,"24","SRP72"
3.50587399537312e-17,0.641997988834784,0.917,0.998,6.90411765908828e-13,"24","RPS24"
4.25124899956267e-17,1.16999950042175,0.464,0.209,8.37198465483876e-13,"24","MMADHC"
4.50970068189825e-17,1.68539507541124,0.276,0.094,8.88095355286222e-13,"24","VAT1"
6.8755041424086e-17,2.1340098154376,0.459,0.239,1.35399303076453e-12,"24","UBE2J1"
1.22366485735865e-16,0.95870226696793,0.663,0.383,2.40976320359639e-12,"24","LUC7L3"
1.24690338370143e-16,1.42626908098599,0.304,0.11,2.45552683352323e-12,"24","NCF4"
2.18761384497421e-16,1.60167958847483,0.309,0.116,4.30806794490771e-12,"24","LRRC59"
3.85272066415288e-16,1.3876565932858,0.409,0.184,7.58716280391626e-12,"24","MAT2A"
4.60404636774207e-16,1.17934639480658,0.475,0.227,9.06674851199446e-12,"24","DANCR"
5.82697922514717e-16,1.8756071157866,0.282,0.103,1.14750701880823e-11,"24","SYVN1"
6.44924225687916e-16,1.34762953402188,0.525,0.286,1.27004927764721e-11,"24","TMED9"
7.80717606155373e-16,1.75647242591089,0.508,0.288,1.53746718180178e-11,"24","HM13"
1.20819948154883e-15,1.4285153541471,0.37,0.159,2.37930723901412e-11,"24","SHMT2"
1.22566537482684e-15,0.734088200092208,0.834,0.661,2.41370282264649e-11,"24","EIF4A1"
1.37962411376444e-15,1.29825059504747,0.309,0.116,2.7168937672363e-11,"24","CCDC88A"
1.50624962113141e-15,1.13486159960724,0.619,0.393,2.96625737889408e-11,"24","PNN"
1.96258083565284e-15,2.37216394568931,0.282,0.11,3.86491043965114e-11,"24","SEL1L3"
2.66414088244365e-15,1.50438418859469,0.387,0.174,5.24649263979628e-11,"24","HNRNPAB"
2.88563441701762e-15,1.34847532705101,0.376,0.164,5.68267985743281e-11,"24","ZKSCAN1"
3.9378020580814e-15,1.08537773256116,0.547,0.284,7.75471359297971e-11,"24","STT3B"
4.10214524059904e-15,1.57648434606975,0.276,0.102,8.0783546223117e-11,"24","ALG5"
4.46089590104537e-15,1.81030172835959,0.348,0.152,8.78484229792865e-11,"24","ERLEC1"
5.7402660348609e-15,0.896744528973453,0.707,0.456,1.13043059024516e-10,"24","LSM7"
7.17603672580197e-15,1.47247441588754,0.298,0.115,1.41317691241218e-10,"24","POLD2"
8.94379248969333e-15,1.58220510323846,0.265,0.096,1.76130105499531e-10,"24","PAFAH1B3"
1.06258683725989e-14,1.88272671209007,0.348,0.157,2.09255225861589e-10,"24","SELENOS"
1.08294455930336e-14,1.40080088915746,0.381,0.173,2.1326427206361e-10,"24","ARMH1"
1.55849698398213e-14,1.19776346652745,0.42,0.198,3.06914811055601e-10,"24","QARS"
1.66111996218552e-14,0.995112223715353,0.591,0.349,3.27124354153194e-10,"24","CCT4"
1.81576561341126e-14,0.870634883754432,0.646,0.387,3.5757872224908e-10,"24","ATP5F1C"
2.0572659308773e-14,1.61237183455989,0.265,0.098,4.05137379767667e-10,"24","ZMYND8"
3.76334192896673e-14,1.32129005461445,0.403,0.194,7.41114926071417e-10,"24","SERPINB6"
4.61047293897124e-14,1.34214625749153,0.298,0.117,9.07940435871606e-10,"24","QTRT1"
4.71588104750429e-14,1.03444016292261,0.657,0.466,9.2869845468502e-10,"24","SNHG8"
6.2480848721426e-14,0.853266631140441,0.768,0.64,1.23043535387104e-09,"24","ANP32B"
6.43715168928207e-14,1.65305615141449,0.304,0.126,1.26766828217032e-09,"24","ITPR2"
7.65528749044428e-14,0.78047900070857,0.663,0.399,1.50755576549319e-09,"24","UBXN4"
9.54303508429411e-14,1.09435704042901,0.453,0.227,1.87930989915004e-09,"24","NDUFB6"
9.54764777842893e-14,1.26955501594242,0.37,0.168,1.88021827700601e-09,"24","DNPH1"
1.09734976459788e-13,2.42804846008996,0.834,0.722,2.16101089142261e-09,"24","PPIB"
1.12089895397562e-13,1.34423308771203,0.282,0.109,2.20738631006419e-09,"24","PLIN3"
1.17415168597984e-13,0.631771710257632,0.862,0.963,2.3122569152001e-09,"24","BTF3"
1.41373431731877e-13,0.783023080746269,0.807,0.708,2.78406699109585e-09,"24","EIF3L"
1.42667790260406e-13,1.22437247827343,0.403,0.192,2.80955679359817e-09,"24","SLC38A2"
1.52882381757692e-13,0.913380236726165,0.724,0.667,3.01071274395423e-09,"24","SNHG6"
1.81775068011673e-13,1.39568842424028,0.387,0.188,3.57969641435388e-09,"24","NASP"
1.83639004227949e-13,0.552287000681603,0.967,0.997,3.616402910261e-09,"24","RPS2"
1.88537807955561e-13,1.37081694856648,0.343,0.151,3.71287505206886e-09,"24","DNAJC1"
1.96151854949614e-13,0.996014242601723,0.459,0.228,3.86281847952274e-09,"24","CLINT1"
2.28331337544261e-13,1.48104066593911,0.276,0.108,4.49652903025914e-09,"24","CCDC47"
2.31983824024461e-13,1.02617951050627,0.519,0.279,4.56845744651372e-09,"24","TM9SF2"
2.58058501141599e-13,1.24086075698676,0.514,0.299,5.0819460629815e-09,"24","NAA38"
2.85582282273764e-13,1.2199985336815,0.475,0.253,5.62397188481723e-09,"24","IQGAP2"
4.19907138942881e-13,1.33971543123677,0.287,0.115,8.26923128720216e-09,"24","GNL3"
4.42266312085771e-13,1.37756454598937,0.387,0.193,8.7095504839051e-09,"24","ESD"
8.96361500022897e-13,1.23125675901055,0.309,0.129,1.76520470199509e-08,"24","SRP54"
1.06323354191874e-12,0.826507810149469,0.597,0.349,2.09382581410058e-08,"24","RBBP4"
1.10090015105268e-12,1.15686262845777,0.343,0.151,2.16800266746803e-08,"24","HBS1L"
1.19796637017026e-12,1.03620763625438,0.536,0.303,2.35915517277628e-08,"24","OS9"
1.32344890156054e-12,1.15141599969138,0.265,0.103,2.60626792184318e-08,"24","PLPP5"
1.38006300543786e-12,0.836274474628853,0.707,0.503,2.71775807660878e-08,"24","ATP5MC3"
1.4659129156897e-12,0.923301906899812,0.519,0.28,2.88682230486772e-08,"24","CCDC18-AS1"
1.52610871379062e-12,0.799354491610357,0.646,0.399,3.00536589006787e-08,"24","TUFM"
1.5699260627661e-12,1.03079908058863,0.58,0.363,3.09165539540529e-08,"24","EIF3A"
1.85352652325996e-12,0.935222656749977,0.575,0.361,3.65014978225584e-08,"24","HIST1H4C"
1.86752747617245e-12,0.966582964652235,0.602,0.369,3.67772185882641e-08,"24","HMGN3"
2.6449183334063e-12,1.17327101472436,0.337,0.151,5.20863767397702e-08,"24","MRPL37"
2.64688786078603e-12,0.978919422224362,0.442,0.224,5.21251626424592e-08,"24","DCTN2"
3.78760207231055e-12,1.11726963111793,0.448,0.244,7.45892476100117e-08,"24","SMARCC1"
3.8670442505413e-12,1.82225374776987,0.276,0.121,7.61537024259099e-08,"24","CLPTM1L"
4.21643808658957e-12,1.10689288792149,0.409,0.207,8.30343152392083e-08,"24","USP22"
4.28335286628538e-12,1.30399787125835,0.315,0.138,8.4352067995758e-08,"24","SPTLC2"
5.26073325636285e-12,1.31824153524154,0.26,0.103,1.03599620017554e-07,"24","AK3"
5.50069793204775e-12,1.22649772099896,0.326,0.145,1.08325244375816e-07,"24","LRRFIP2"
5.92389016418209e-12,1.52718586225069,0.265,0.11,1.16659169003238e-07,"24","MTHFD2"
6.10088714186574e-12,1.76789034311096,0.365,0.189,1.20144770484762e-07,"24","SEC61A1"
6.42296075857105e-12,1.31853313605928,0.271,0.11,1.2648736621854e-07,"24","MRPS27"
6.43522381241141e-12,1.15923255068015,0.326,0.144,1.26728862537818e-07,"24","SEC14L1"
7.43329214742714e-12,1.31322463854145,0.271,0.111,1.46383822259283e-07,"24","IARS"
7.51962097896689e-12,1.3797064942859,0.315,0.143,1.48083895938795e-07,"24","ARL2"
8.06496400976966e-12,1.29627792021761,0.343,0.162,1.58823336244394e-07,"24","BEX2"
8.45148976203032e-12,1.01877956175148,0.464,0.254,1.66435187883663e-07,"24","CNPY2"
9.81470902402798e-12,1.16587821641914,0.331,0.149,1.93281064810183e-07,"24","CHD9"
2.2555288340667e-11,0.779351238663998,0.569,0.327,4.44181293292755e-07,"24","CCT3"
2.37564200041325e-11,1.50486782393083,0.315,0.148,4.67835179141381e-07,"24","DERL1"
2.53174440795602e-11,0.874579951079106,0.536,0.316,4.98576426258779e-07,"24","TAF1D"
2.55412248504211e-11,0.904194971175527,0.492,0.269,5.02983340979343e-07,"24","PCM1"
2.68727758542318e-11,1.55552404473727,0.525,0.354,5.29205574897386e-07,"24","SPCS2"
2.80894202433651e-11,2.35227027359589,0.597,0.428,5.53164952852589e-07,"24","HSPA5"
3.32563278879504e-11,1.07536019697578,0.403,0.208,6.54916865097407e-07,"24","NUTM2A-AS1"
3.42093906598529e-11,0.968377181520531,0.657,0.457,6.73685530264483e-07,"24","MTDH"
3.49617860176762e-11,1.63456218609019,0.254,0.108,6.88502452046097e-07,"24","B4GALT3"
3.69531481564851e-11,1.01218277775145,0.453,0.251,7.2771834664566e-07,"24","CCNG1"
3.94309360420306e-11,1.00697289755918,0.459,0.254,7.76513423475708e-07,"24","PRKACB"
5.03138274601776e-11,1.0528991524055,0.398,0.205,9.90830204173278e-07,"24","TOP1"
5.36002159763488e-11,0.840036242866653,0.552,0.337,1.05554905322224e-06,"24","PSMA2"
5.40545523400662e-11,1.67192528601707,0.26,0.113,1.06449629923292e-06,"24","CRELD2"
5.59416587261844e-11,1.40424118757551,0.365,0.188,1.10165908529475e-06,"24","MPC2"
5.87506444492529e-11,1.12430091340642,0.315,0.143,1.15697644113914e-06,"24","ERGIC1"
6.37729648871155e-11,1.2625703903103,0.26,0.108,1.25588099752197e-06,"24","TRAF7"
6.86405626551408e-11,1.28388139132551,0.265,0.112,1.35173860036769e-06,"24","MAGT1"
8.19847877098396e-11,1.44013786272069,0.276,0.123,1.61452642436987e-06,"24","CTNNBL1"
8.21079375363518e-11,1.28437828680897,0.304,0.14,1.61695161390338e-06,"24","YARS"
8.69220681919001e-11,0.864257098993118,0.53,0.316,1.71175628890309e-06,"24","SMIM26"
9.51555752837901e-11,0.803645605802948,0.613,0.401,1.87389874406368e-06,"24","RTRAF"
1.02756827983051e-10,1.17425284023153,0.282,0.123,2.02359021347023e-06,"24","FAM136A"
1.21709805366857e-10,0.943118747377014,0.475,0.268,2.39683119708951e-06,"24","XIST"
1.29213443985786e-10,1.43043421750158,0.304,0.144,2.54460035241208e-06,"24","GANAB"
1.46768597545652e-10,1.26414838682639,0.304,0.141,2.89031399146652e-06,"24","UBE2E1"
1.78327651375878e-10,1.1119500589179,0.663,0.474,3.51180643854517e-06,"24","SEC61B"
2.05408896405898e-10,1.11359337467296,0.348,0.17,4.04511739692135e-06,"24","AFF1"
2.07435143898405e-10,1.22221605311545,0.254,0.106,4.08502028879129e-06,"24","VAV3"
2.11647794632052e-10,0.970866029104675,0.414,0.22,4.16798001968899e-06,"24","DNAJC4"
2.47221283315433e-10,1.25313179477883,0.365,0.191,4.86852873233082e-06,"24","MARCKSL1"
2.68246553603289e-10,0.748987038846882,0.381,0.189,5.28257938010957e-06,"24","CUX1"
2.96147320403469e-10,0.769478720264629,0.575,0.354,5.83202918070551e-06,"24","PSMA6"
3.25215449700044e-10,0.826973237596865,0.508,0.3,6.40446785094297e-06,"24","MRPL57"
3.25753642409679e-10,0.876358564192406,0.448,0.245,6.4150664799738e-06,"24","SERINC3"
3.54487597307583e-10,0.87060659225098,0.591,0.402,6.98092425377824e-06,"24","PABPN1"
4.13425412654808e-10,1.06976167656657,0.326,0.156,8.14158665141114e-06,"24","PHF14"
4.14867046140553e-10,1.21347049832464,0.276,0.124,8.16997673964592e-06,"24","MTA1"
4.59694885397441e-10,1.09057787318748,0.326,0.157,9.05277137813181e-06,"24","BEX4"
5.4560396730398e-10,1.07358966113208,0.475,0.286,1.07445789281173e-05,"24","SSR1"
5.6334999737609e-10,1.09258895497615,0.392,0.212,1.10940514983273e-05,"24","SRM"
5.69601935338363e-10,0.96694004487764,0.436,0.244,1.12171709126184e-05,"24","PRMT1"
5.72444959578735e-10,1.28689728800637,0.271,0.121,1.1273158588984e-05,"24","RIF1"
5.80209098259956e-10,1.11588547281804,0.304,0.143,1.14260577720333e-05,"24","PPA2"
6.25617650369284e-10,1.07631554109641,0.343,0.173,1.23202883887223e-05,"24","LRBA"
6.53313650198724e-10,1.93897597626766,0.271,0.13,1.28657057133635e-05,"24","MANF"
6.69103502491551e-10,1.08728763125538,0.282,0.131,1.31766552745661e-05,"24","TUBA1C"
7.25165763239509e-10,1.2618699221682,0.293,0.138,1.42806893754756e-05,"24","TPGS2"
7.37410972256108e-10,1.09578663568292,0.392,0.213,1.45218342766395e-05,"24","ARF4"
7.38221300524354e-10,0.674846828178486,0.735,0.547,1.45377920712261e-05,"24","SLC25A5"
7.92192189783131e-10,1.60455520242447,0.387,0.228,1.56006407933992e-05,"24","KDELR2"
8.17713102963189e-10,1.25934705548622,0.271,0.122,1.61032241366541e-05,"24","NBN"
8.49846957599561e-10,1.16766367987197,0.293,0.137,1.67360361360082e-05,"24","PPIP5K2"
8.54993712380907e-10,0.800377126127867,0.514,0.307,1.68373911779172e-05,"24","DUT"
9.67994939195816e-10,1.19996595492538,0.26,0.115,1.90627243375832e-05,"24","SLC50A1"
1.12403222348858e-09,1.15054329232658,0.254,0.11,2.21355665771607e-05,"24","NDUFA8"
1.19739434362567e-09,0.986553750894491,0.448,0.261,2.35802868090203e-05,"24","ELOVL5"
1.20296475044384e-09,1.12377528631216,0.315,0.152,2.36899848304906e-05,"24","NGLY1"
1.24616361268407e-09,0.683050106819046,0.878,0.79,2.45407000245874e-05,"24","MT-ND6"
1.34401687771493e-09,0.647933758789994,0.47,0.258,2.64677243728401e-05,"24","ZEB2"
1.362419251595e-09,0.934230988177137,0.448,0.262,2.68301223216603e-05,"24","SNHG32"
1.37964382799109e-09,1.07549253462081,0.315,0.153,2.71693259046285e-05,"24","OSBPL9"
1.62535412472775e-09,0.907472919818069,0.409,0.223,3.20080987782636e-05,"24","NDUFB5"
1.82279894429396e-09,1.03448887920734,0.304,0.144,3.5896379609981e-05,"24","USP11"
1.88722120875005e-09,0.834993351419653,0.409,0.217,3.71650472639148e-05,"24","PSMA4"
1.88959886080429e-09,1.02228178923095,0.37,0.199,3.7211870365819e-05,"24","PTRHD1"
2.18467574660711e-09,0.649772517866903,0.718,0.551,4.30228194779338e-05,"24","SET"
2.22724838398557e-09,1.05660086552805,0.304,0.146,4.38612024258278e-05,"24","GRHPR"
2.38959144415982e-09,0.660653631436378,0.746,0.712,4.70582243098393e-05,"24","EIF3E"
2.47202838680981e-09,1.08537055153278,0.381,0.209,4.86816550214455e-05,"24","GORASP2"
2.54877378025053e-09,0.661728337536756,0.851,0.804,5.01930020544736e-05,"24","MIF"
2.8180614915435e-09,1.03772204461936,0.326,0.161,5.54960849529662e-05,"24","GUSB"
3.0692833640078e-09,0.972562298731226,0.425,0.248,6.04433972874056e-05,"24","SNRPD1"
3.33240474950023e-09,0.836043454498689,0.425,0.237,6.56250467319081e-05,"24","VDAC1"
3.33833995423274e-09,1.0167023557777,0.359,0.191,6.57419287187053e-05,"24","PSMB7"
3.45266358557153e-09,0.804010583429043,0.702,0.608,6.79933039906601e-05,"24","ENO1"
3.88760789285865e-09,0.932885496950201,0.403,0.223,7.65586622340654e-05,"24","CAPRIN1"
4.00849839447111e-09,1.03911430513503,0.326,0.164,7.89393588823196e-05,"24","ATIC"
4.07706795328546e-09,1.073623105128,0.58,0.401,8.02896992040505e-05,"24","HIST1H1E"
4.21982392195085e-09,1.11940632440081,0.287,0.137,8.31009924949781e-05,"24","HPRT1"
4.23591821701272e-09,0.953816311525816,0.376,0.202,8.34179374476314e-05,"24","MPG"
4.39275721199583e-09,0.687573628982556,0.613,0.402,8.65065677758338e-05,"24","UFC1"
4.91044270090241e-09,0.837201659731229,0.552,0.373,9.67013481088712e-05,"24","C1QBP"
5.17092754728168e-09,1.01082693271538,0.354,0.184,0.000101831076188618,"24","SEC63"
5.57572312259281e-09,0.777408707949751,0.359,0.183,0.00010980271545322,"24","HSBP1"
5.61437688752075e-09,0.76194149256642,0.459,0.263,0.000110563924045946,"24","MLF2"
5.66037089182561e-09,0.98228190853399,0.381,0.212,0.000111469683972722,"24","MRPL51"
5.94518635898201e-09,0.73632755389329,0.674,0.521,0.000117078554967433,"24","ST13"
6.10666101422732e-09,1.14216649050259,0.254,0.115,0.000120258475353179,"24","MORF4L2"
6.97767149883948e-09,0.800770574846,0.58,0.444,0.000137411284826646,"24","TUBA1B"
7.59380660129857e-09,0.846496136367396,0.387,0.208,0.000149544833399373,"24","TXNL1"
7.64461904351281e-09,0.832478813634804,0.503,0.312,0.000150545482823898,"24","CCT6A"
8.71295299809402e-09,1.12133765748848,0.431,0.266,0.000171584183391466,"24","FBXO7"
1.05350797213316e-08,0.838826517922304,0.597,0.432,0.000207467324952183,"24","RABAC1"
1.06146438395581e-08,0.731862090561358,0.514,0.315,0.000209034181132418,"24","SNRPA"
1.22157373805308e-08,1.04847907888913,0.282,0.135,0.000240564516234794,"24","CCPG1"
1.56901549060839e-08,0.960524292797342,0.47,0.302,0.000308986220565511,"24","HSD17B11"
1.5955110392171e-08,0.993068155260007,0.37,0.205,0.000314203988953023,"24","GOLPH3"
1.62665635720814e-08,0.892699981228308,0.348,0.183,0.000320337436425,"24","WBP1"
1.73978005062957e-08,2.02380564274211,0.348,0.213,0.000342614885370481,"24","FKBP11"
1.82919288083004e-08,0.953080754980999,0.409,0.24,0.000360222954021861,"24","TRIM28"
2.3074533224382e-08,1.07768150152629,0.331,0.178,0.000454406782787755,"24","SLC38A10"
2.34561515413621e-08,0.959628243491903,0.309,0.157,0.000461921992304043,"24","ERCC1"
2.45758882548337e-08,0.93706897529921,0.365,0.201,0.00048397296740244,"24","TCP1"
2.63719482689786e-08,1.29748527928786,0.326,0.182,0.000519342777260995,"24","DNAJC3"
2.85336336803446e-08,0.830049930327457,0.685,0.524,0.000561912848067027,"24","TMEM258"
2.9385121961045e-08,0.800876381865235,0.459,0.277,0.000578681206778859,"24","PRKCSH"
3.72353142814978e-08,0.932093391462186,0.365,0.202,0.000733275044145537,"24","SEC13"
4.05767141825793e-08,1.0600881527547,0.298,0.153,0.000799077232397534,"24","REXO2"
4.13849482596709e-08,0.891127278668512,0.392,0.228,0.000814993786077699,"24","EPB41L4A-AS1"
4.20032404037566e-08,1.03867366405987,0.271,0.131,0.000827169813271178,"24","COPG1"
4.55324439443058e-08,0.887881012251337,0.376,0.209,0.000896670418595214,"24","SPTBN1"
4.80642070962989e-08,0.9400402684694,0.293,0.147,0.000946528430347414,"24","YIF1B"
4.9186533861251e-08,1.14081520829805,0.254,0.123,0.000968630411329617,"24","USO1"
5.13477961877328e-08,0.602721872715867,0.575,0.373,0.00101119215032502,"24","SRSF9"
5.66548595433285e-08,1.4303520001002,0.801,0.651,0.00111570414898677,"24","SUB1"
6.22501946834493e-08,0.924721303672899,0.359,0.199,0.00122589308390117,"24","TMCO1"
6.87692123771916e-08,0.746777029771716,0.481,0.299,0.00135427209934403,"24","EIF2A"
7.39781288033356e-08,0.565175459599465,0.724,0.536,0.00145685129052409,"24","KRTCAP2"
7.95296751945226e-08,0.866124943116329,0.381,0.216,0.00156617789360573,"24","ATF4"
8.29090815398286e-08,0.712245590412549,0.387,0.223,0.00163272854276385,"24","EIF2AK1"
9.7976381367535e-08,0.796663063812195,0.414,0.246,0.00192944887827087,"24","ZNF428"
1.04582698337896e-07,0.851958088037341,0.403,0.239,0.00205954707836818,"24","SNRPE"
1.1691084967769e-07,1.08954552590754,0.304,0.162,0.00230232536270276,"24","HDAC7"
1.17016700615804e-07,0.619591466647104,0.674,0.495,0.00230440988522702,"24","SERBP1"
1.30895696487663e-07,0.817264855748291,0.541,0.371,0.00257772895093154,"24","VCP"
1.38455170852439e-07,0.913289304860392,0.315,0.168,0.00272659767959707,"24","SYNC"
1.73886252914046e-07,0.736712963261576,0.53,0.391,0.0034243419786363,"24","BST2"
1.82515369998449e-07,1.79180768255701,0.298,0.174,0.00359427518137946,"24","SDF2L1"
1.87240108065922e-07,0.630013194402744,0.536,0.352,0.0036873194481422,"24","SEM1"
1.90163269450951e-07,0.575576261260474,0.729,0.615,0.00374488526529759,"24","SLC25A3"
2.02977048667864e-07,1.03633750787758,0.586,0.452,0.00399722701941625,"24","P4HB"
2.03261163813743e-07,1.13010828235918,0.265,0.137,0.00400282209898404,"24","NOB1"
2.1606370617758e-07,0.557606357395541,0.74,0.632,0.00425494256575508,"24","PNISR"
2.35648105127845e-07,2.74263344733304,0.331,0.222,0.00464061813428264,"24","SEC11C"
2.40336915277482e-07,1.06835265943652,0.315,0.175,0.00473295487255944,"24","RUNX1"
2.5376297145407e-07,0.872595326668441,0.343,0.192,0.00499735419684499,"24","CCAR1"
2.89491172780682e-07,0.877177959874677,0.282,0.144,0.00570094966556997,"24","MXD4"
2.99558710884336e-07,0.842164811666922,0.365,0.21,0.00589920969344524,"24","LARS"
3.17229571833088e-07,0.517166441649883,0.713,0.558,0.006247201958109,"24","SEPTIN6"
3.66440281234104e-07,0.829076071231413,0.32,0.174,0.00721630845834321,"24","HADHB"
4.28504869150249e-07,0.960067266680072,0.254,0.127,0.00843854638817586,"24","OXR1"
4.2916386308126e-07,1.14995387852626,0.32,0.184,0.00845152395565925,"24","MESD"
4.70262106356986e-07,1.01505912882848,0.304,0.169,0.00926087166048813,"24","NUP98"
4.80072622924402e-07,0.614524976038021,0.691,0.508,0.00945407016325026,"24","LDHA"
5.08652967179549e-07,0.810132735148568,0.42,0.261,0.0100169028826669,"24","MRPL52"
5.28611757070353e-07,0.89205574052318,0.365,0.216,0.0104099513319865,"24","GLS"
5.5780744113015e-07,0.558625584731929,0.293,0.148,0.010984901938176,"24","TBXAS1"
5.90829582311416e-07,0.926876893420826,0.514,0.357,0.0116352069644587,"24","TMED10"
6.02896865240827e-07,0.998439058601423,0.431,0.291,0.0118728479671876,"24","MAZ"
6.69746279701312e-07,0.710932102506265,0.481,0.315,0.0131893134861579,"24","TMED2"
7.30785192270463e-07,0.954551549813814,0.271,0.141,0.0143913527913822,"24","COPB2"
7.57551183715909e-07,0.505617088537508,0.613,0.422,0.0149184554609174,"24","NDUFB4"
8.88488852021655e-07,1.41365087519147,0.265,0.145,0.0174970109628625,"24","TENT5C"
9.43211362675707e-07,0.956656895538665,0.265,0.139,0.0185746613651727,"24","NDUFS4"
1.05719137013853e-06,0.586154811388729,0.552,0.374,0.0208192696521382,"24","ERH"
1.24780013603023e-06,0.553946499607413,0.635,0.462,0.0245729280788432,"24","EID1"
1.24980108286705e-06,0.709230386831578,0.387,0.232,0.0246123327249008,"24","OIP5-AS1"
1.28061442681378e-06,0.756967181646136,0.381,0.233,0.0252191399072437,"24","CNST"
1.38016500247581e-06,0.923149911467779,0.276,0.148,0.027179589393756,"24","FPGS"
1.39495765077323e-06,0.630847876097385,0.459,0.287,0.0274709010166773,"24","ACADVL"
1.61684537537872e-06,0.676043089244055,0.359,0.207,0.0318405359773331,"24","DDB1"
1.69717887657407e-06,0.583252277437846,0.497,0.322,0.0334225436163731,"24","ECH1"
1.69848071494726e-06,0.980787717925488,0.315,0.183,0.0334481807194565,"24","SNX5"
1.74793541790911e-06,0.843769291951915,0.282,0.153,0.0344220921848841,"24","JARID2"
1.78143655529807e-06,0.738084703604396,0.398,0.247,0.0350818300834849,"24","PMPCB"
1.79233932776008e-06,0.859285148179046,0.276,0.148,0.0352965383815793,"24","RPL7L1"
2.00201851080962e-06,0.963679455196135,0.287,0.16,0.0394257505333738,"24","AC008105.3"
2.0852744562671e-06,0.739098258105369,0.304,0.167,0.041065309867268,"24","PTTG1IP"
2.2887327351482e-06,0.756488816949189,0.298,0.164,0.0450720137532736,"24","UPF2"
2.39326750701399e-06,0.646285464858972,0.42,0.262,0.0471306170156265,"24","GADD45GIP1"
2.81415704602064e-06,0.944769109281254,0.304,0.174,0.0554191947072844,"24","MAN1A2"
3.12926766930059e-06,0.764161943550123,0.359,0.217,0.0616246682115365,"24","EPRS"
3.25591431823877e-06,0.601845333571214,0.564,0.417,0.0641187206690761,"24","HADHA"
3.26027207491756e-06,0.958518329577718,0.376,0.243,0.0642045379713515,"24","SNHG3"
4.06273597219424e-06,0.696466475153398,0.37,0.223,0.0800074595004212,"24","DNAJA1"
4.35738502454924e-06,0.66666994539334,0.47,0.321,0.0858099832884483,"24","MACF1"
4.56790590000895e-06,0.526175100773938,0.519,0.352,0.0899557708888763,"24","ZRANB2"
4.91915323328267e-06,0.500783494188498,0.591,0.418,0.0968728846230357,"24","SRSF3"
5.1202054002044e-06,0.700289418874514,0.326,0.188,0.100832204946225,"24","UPF3A"
5.30492150599832e-06,0.724707499281567,0.37,0.229,0.104469819217625,"24","PTDSS1"
5.55601532623977e-06,0.535860093485424,0.597,0.462,0.10941460981964,"24","EIF3D"
5.84989741256671e-06,0.658671334906883,0.376,0.23,0.115202029745676,"24","PHB"
6.28215081953437e-06,0.501982468135948,0.63,0.451,0.12371439608909,"24","TMEM59"
6.29747933320458e-06,0.712344280089428,0.282,0.152,0.124016260508798,"24","SYK"
6.41258784937778e-06,0.870906871411552,0.331,0.203,0.126283092517797,"24","RALBP1"
6.84566643175008e-06,0.626482315255904,0.365,0.22,0.134811709040454,"24","VDAC3"
6.98898781859854e-06,0.883742970378087,0.348,0.215,0.137634137111661,"24","EIF4G1"
7.05167448535495e-06,0.674892820464679,0.448,0.297,0.138868625640095,"24","RTN4"
7.87826592286573e-06,0.64493663210601,0.37,0.227,0.155146690818995,"24","RTF1"
8.34646711859879e-06,0.629361333906674,0.431,0.283,0.164366976966566,"24","CLTA"
8.39599798310756e-06,0.627680259795395,0.464,0.315,0.165342388281337,"24","BANF1"
8.7645742932004e-06,0.801859422024496,0.26,0.142,0.172600761555995,"24","WASHC3"
1.1251892549623e-05,0.935486963674775,0.254,0.142,0.221583519979726,"24","PML"
1.19392455224277e-05,0.753060386987404,0.293,0.168,0.235119562073169,"24","MRPL4"
1.19454950272341e-05,0.642811535632984,0.354,0.214,0.235242633571322,"24","RASSF1"
1.20316795207997e-05,0.745097586399441,0.348,0.215,0.236939864803109,"24","METAP2"
1.22227293440387e-05,0.675522614949699,0.448,0.298,0.240702208972155,"24","SMARCA2"
1.24606435621603e-05,0.840882950526993,0.343,0.213,0.245387453669622,"24","RNASEH2B"
1.51188127433986e-05,0.754815075466771,0.315,0.188,0.297734779355749,"24","NT5C"
1.52709221645707e-05,0.722525768271154,0.287,0.164,0.300730270186892,"24","CS"
1.58799273227912e-05,0.588359046102384,0.37,0.228,0.312723408767727,"24","PSMB2"
1.59718520449188e-05,0.765717135020322,0.287,0.166,0.314533682320587,"24","TMEM165"
1.69486815372125e-05,0.908817277048634,0.265,0.152,0.333770385512325,"24","ECHS1"
1.96052985471423e-05,0.509692134210425,0.591,0.43,0.386087144288872,"24","EWSR1"
2.48087390482801e-05,0.675380705941623,0.326,0.198,0.48855849807778,"24","VPS37B"
2.99090387208429e-05,0.740433299994374,0.42,0.29,0.58899869952956,"24","TAOK3"
3.09817263424982e-05,0.520075518484943,0.425,0.277,0.610123136862816,"24","UQCRC2"
3.34533896415837e-05,0.574381289986653,0.508,0.369,0.658797602211707,"24","HNRNPR"
3.53362763226074e-05,0.54692860159557,0.514,0.359,0.695877289621107,"24","SYNGR2"
3.70688419361023e-05,0.548365234888548,0.453,0.311,0.729996704247662,"24","SSB"
3.78746492735334e-05,0.537793933118652,0.331,0.2,0.745865468143694,"24","MIS18BP1"
5.13234914166139e-05,0.663197046310094,0.26,0.148,1,"24","UBA7"
5.38526478671534e-05,0.589497455681276,0.481,0.349,1,"24","ILF3"
5.54799038881966e-05,1.23101196993008,0.398,0.299,1,"24","SPCS3"
5.82132539775071e-05,0.501454619621317,0.564,0.433,1,"24","ATP5PF"
6.18449467219805e-05,0.580017499956681,0.459,0.322,1,"24","TTC3"
6.31154334050552e-05,0.551413987687339,0.552,0.425,1,"24","RBMX"
6.38886560244765e-05,0.593588552320377,0.32,0.197,1,"24","LGALS9"
6.6518093808225e-05,0.960261777688694,0.337,0.227,1,"24","CITED2"
7.20464625935261e-05,0.526234577517369,0.481,0.332,1,"24","ENSA"
7.48105357957602e-05,0.570671311779467,0.492,0.366,1,"24","H2AFV"
7.74591747847367e-05,0.753658742535316,0.276,0.166,1,"24","AK2"
7.79927684309879e-05,0.57926196269774,0.608,0.512,1,"24","RSL1D1"
8.30663802215048e-05,0.522567396362781,0.459,0.328,1,"24","STMP1"
8.61569082718651e-05,0.718952085391336,0.276,0.165,1,"24","CCNC"
8.80062904972051e-05,0.636591430086673,0.37,0.246,1,"24","EIF5B"
9.35469428582402e-05,0.734511636781991,0.298,0.187,1,"24","NUTM2B-AS1"
9.51138370489138e-05,0.68471218679091,0.282,0.17,1,"24","NADSYN1"
9.5577833684062e-05,0.767067680953748,0.337,0.225,1,"24","TMEM173"
0.00011082549962337,0.692893216016635,0.287,0.176,1,"24","CHCHD3"
0.000111928022483884,0.688826013061291,0.254,0.149,1,"24","PFDN4"
0.000111968368041707,0.668299957459781,0.282,0.171,1,"24","TCERG1"
0.0001142001327643,0.598045353105642,0.304,0.187,1,"24","CCND2"
0.000117891205003128,0.511660904157495,0.464,0.321,1,"24","OGT"
0.000124294725855408,0.754142395152761,0.254,0.151,1,"24","PSMD3"
0.00012654095437878,0.6669910913075,0.359,0.241,1,"24","PRKDC"
0.000134503247246228,0.963062235722245,0.47,0.391,1,"24","TUBA1A"
0.000153325012916124,0.624158867086344,0.392,0.277,1,"24","DNAJB6"
0.000187152595654012,0.560614733321467,0.492,0.373,1,"24","VDAC2"
0.000189619614574925,0.67182475328013,0.304,0.193,1,"24","SSRP1"
0.000199673906126067,0.548446934891245,0.365,0.242,1,"24","SEC31A"
0.00020557684068191,0.777836543628655,0.271,0.17,1,"24","EMC7"
0.000217131442720863,0.707312911600045,0.282,0.177,1,"24","MRPL3"
0.000223083362779606,0.558845660400828,0.431,0.306,1,"24","KPNB1"
0.00022735036726364,0.684473612499626,0.337,0.225,1,"24","CPSF6"
0.000247170885305491,0.538431088104627,0.403,0.28,1,"24","SLTM"
0.000260469385133354,0.669656897120672,0.657,0.568,1,"24","PDIA3"
0.000263458947637432,0.576470848789512,0.326,0.211,1,"24","VPS35"
0.000265589133103226,0.527250379411585,0.425,0.304,1,"24","NHP2"
0.000265614755708333,0.519483090039191,0.459,0.328,1,"24","CCT7"
0.000288090008220105,0.570876000101865,0.37,0.251,1,"24","MFF"
0.000308936493461828,0.694298097304741,0.271,0.17,1,"24","UBL7"
0.000329244996073799,0.697196697286702,0.276,0.176,1,"24","UBE2E3"
0.000354019724748795,0.501569479303786,0.436,0.314,1,"24","SF3A2"
0.000428687227524861,0.695390705972096,0.304,0.201,1,"24","DCAF7"
0.000438569078529884,1.11368062960541,0.724,0.672,1,"24","SSR4"
0.000489435706610074,0.606266570738063,0.365,0.25,1,"24","GSPT1"
0.000489604162018582,0.601598794643939,0.298,0.195,1,"24","APPL1"
0.000492624137061342,0.599983052305993,0.315,0.208,1,"24","LYPLA1"
0.000530524817729578,0.729819671130368,0.26,0.165,1,"24","FDPS"
0.000545325525801762,0.684771210506621,0.271,0.174,1,"24","ZFAND1"
0.000598196648170416,0.640598951823166,0.265,0.168,1,"24","EXOC4"
0.000655228998319062,0.627080441011046,0.293,0.19,1,"24","CHD4"
0.000691311601676285,0.63129989957932,0.265,0.169,1,"24","MRPS35"
0.00071865085401368,0.550597909769635,0.37,0.259,1,"24","PABPC4"
0.000774206522259137,0.723554598023698,0.265,0.171,1,"24","ZBTB20"
0.0010084558429062,0.556364315147813,0.276,0.179,1,"24","ATXN10"
0.00106710430518948,0.590028546942458,0.293,0.196,1,"24","DPM3"
0.00116917319967291,0.533199850592061,0.282,0.184,1,"24","ANKRD10"
0.00117421606277462,0.516618336185178,0.398,0.289,1,"24","SRI"
0.00119803862355327,0.558647621352367,0.293,0.196,1,"24","CCS"
0.00127461348279299,0.529158736567968,0.387,0.283,1,"24","MRPS24"
0.00128708817426985,0.602386900290871,0.331,0.235,1,"24","HEXA"
0.00187419139771126,0.52235285312705,0.265,0.174,1,"24","CUL3"
0.00189381982129716,0.610907058208421,0.265,0.177,1,"24","TAF9"
0.00204136109811634,0.60684319450169,0.254,0.167,1,"24","YIPF3"
0.00207019807850058,0.593645808308655,0.271,0.182,1,"24","HIST1H1C"
0.00212073042838752,0.547423333830879,0.376,0.279,1,"24","HIST1H1D"
0.00212807532849458,0.791849044819684,0.514,0.44,1,"24","SEC61G"
0.00214663182006834,0.538306356848663,0.425,0.336,1,"24","SNRPF"
0.00217193818878638,0.609867437018069,0.254,0.169,1,"24","ZBTB38"
0.00258684597590752,0.75926874542218,0.26,0.177,1,"24","TM9SF3"
0.0028333458681972,0.522489978404303,0.26,0.175,1,"24","PPP3R1"
0.00311058433718389,0.501594788598888,0.282,0.191,1,"24","ARID1B"
0.00327988488959716,0.617616793300922,0.276,0.193,1,"24","SREK1"
0.00337742453798466,0.570572110124853,0.315,0.228,1,"24","PTEN"
0.00363761503782104,0.822802812764974,0.276,0.194,1,"24","ATF7IP2"
0.00387547513314401,0.571238474910691,0.298,0.213,1,"24","ERP44"
0.00419541844587382,0.575520802064009,0.26,0.179,1,"24","TMX1"
0.00468761330321031,0.635619426287242,0.403,0.32,1,"24","SRPRA"
0.0047868354956492,0.549846924786967,0.265,0.183,1,"24","GPAA1"
0.00494351459004068,0.571639137104471,0.282,0.201,1,"24","VPS36"
0.005223541682927,0.53165966144088,0.271,0.189,1,"24","PSMA3"
0.00554424049500464,0.529854600159563,0.282,0.198,1,"24","SYNCRIP"
0.00885566166043354,0.635779450753943,0.331,0.254,1,"24","TESPA1"
0.00907122659181818,0.566983394866048,0.343,0.267,1,"24","ATP5MC1"
0.00947710991323925,0.751758159655921,0.398,0.334,1,"24","LMAN2"
0,8.16473089885079,0.75,0.005,0,"25","PCLAF"
0,8.84738916201914,0.717,0.004,0,"25","MKI67"
0,8.69160614053925,0.694,0.003,0,"25","TYMS"
0,8.8727814734474,0.656,0.004,0,"25","RRM2"
0,5.51392140758669,0.661,0.032,0,"25","PTTG1"
0,6.22441355504736,0.561,0.012,0,"25","CDCA7"
0,5.83577399088571,0.539,0.013,0,"25","CENPM"
0,7.11215305031097,0.483,0.005,0,"25","CDT1"
0,6.80211398246815,0.472,0.009,0,"25","CENPF"
0,9.08611739899882,0.456,0.001,0,"25","BIRC5"
0,7.17144868342668,0.456,0.005,0,"25","TK1"
0,7.27695798009447,0.444,0.006,0,"25","NUSAP1"
0,7.19854027844714,0.439,0.004,0,"25","GINS2"
0,5.4422188710327,0.45,0.017,0,"25","MCM4"
0,5.5265301261217,0.433,0.01,0,"25","CENPU"
0,6.15290308566523,0.428,0.008,0,"25","ZWINT"
0,7.16302292748294,0.422,0.004,0,"25","CLSPN"
0,5.37971755451967,0.428,0.015,0,"25","MCM2"
0,7.78936584686146,0.417,0.005,0,"25","TOP2A"
0,7.71709826012301,0.411,0.003,0,"25","TPX2"
0,6.98936748457053,0.411,0.004,0,"25","MYBL2"
0,6.20708919885887,0.4,0.007,0,"25","ASF1B"
0,5.02983847285565,0.406,0.015,0,"25","CENPW"
0,7.68942153570949,0.389,0.002,0,"25","UHRF1"
0,6.55978625529289,0.383,0.005,0,"25","CDKN3"
0,8.79954862052812,0.372,0.001,0,"25","CCNB2"
0,8.34477336432204,0.333,0.002,0,"25","CCNA2"
0,6.62259260966797,0.339,0.01,0,"25","HIST1H2AJ"
0,6.46435498007472,0.317,0.006,0,"25","KNL1"
0,5.74471029617124,0.317,0.007,0,"25","RAD51AP1"
0,8.4782563697963,0.311,0.001,0,"25","PKMYT1"
0,5.26661956497479,0.311,0.01,0,"25","UBE2T"
0,8.14596776330321,0.289,0.002,0,"25","ASPM"
0,8.19638152442937,0.278,0.002,0,"25","UBE2C"
0,8.82508371263526,0.267,0.001,0,"25","CDC20"
0,7.94636029044804,0.267,0.001,0,"25","KIFC1"
0,6.52120425452408,0.267,0.004,0,"25","KIF11"
0,7.74892254745815,0.261,0.001,0,"25","DTL"
0,9.13435358465167,0.261,0.001,0,"25","DLGAP5"
0,6.54179688277501,0.261,0.003,0,"25","NCAPH"
0,7.55232126491349,0.261,0.003,0,"25","HIST1H3B"
0,6.77961934468107,0.256,0.003,0,"25","NCAPG"
0,6.0558542547266,0.256,0.005,0,"25","CCNB1"
0,8.27438403643065,0.25,0.001,0,"25","CEP55"
0,7.52058323301697,0.25,0.002,0,"25","CDK1"
2.88527015118417e-316,6.36725213004486,0.4,0.018,5.68196250872698e-312,"25","HIST1H1B"
1.043653941832e-304,4.95553796587476,0.45,0.023,2.05526770764976e-300,"25","CKS2"
3.10832748165768e-297,4.50064339497825,0.483,0.027,6.12122930962848e-293,"25","HELLS"
1.85812264206873e-295,5.02893435426013,0.328,0.013,3.65920091902596e-291,"25","FANCI"
1.50933098301989e-259,4.53473060722356,0.439,0.026,2.97232550486108e-255,"25","EZH2"
2.60278934202329e-259,4.3859744746043,0.556,0.042,5.12567305124647e-255,"25","MT1E"
3.64540277351589e-258,4.57832275880013,0.361,0.017,7.17889168188484e-254,"25","WDR34"
5.21759031039736e-257,4.77066606040291,0.328,0.014,1.02750005982655e-252,"25","HMGB3"
6.318605591887e-255,4.6908324845172,0.306,0.013,1.24432299921031e-250,"25","CENPN"
4.18982463760065e-248,5.41344354287022,0.9,0.136,8.25102165882696e-244,"25","STMN1"
7.5946906756381e-246,4.34406530599298,0.644,0.06,1.49562243475341e-241,"25","FABP5"
1.70327730432243e-245,4.56134845906318,0.478,0.033,3.35426399540216e-241,"25","FEN1"
2.63259758296974e-233,4.79847452068382,0.261,0.01,5.18437442014231e-229,"25","GGH"
5.64068296936437e-232,4.62847833374801,0.572,0.051,1.11081969715693e-227,"25","PCNA"
2.24479821542759e-221,4.40389476942705,0.439,0.03,4.42068112564156e-217,"25","DHFR"
1.46847374824938e-212,4.23096175613952,0.65,0.07,2.8918653524275e-208,"25","SMC4"
1.37717160442082e-206,4.0317327761104,0.494,0.041,2.71206404058592e-202,"25","MCM6"
1.11168368080785e-190,3.99366300817785,0.478,0.041,2.18923867261489e-186,"25","SMC2"
6.34092693783947e-178,4.11620592044694,0.333,0.021,1.24871874186873e-173,"25","TIMELESS"
9.86756584413331e-176,4.75959229000136,0.261,0.013,1.94321974168517e-171,"25","FBXO5"
1.83098968937322e-174,5.63939625781347,0.317,0.02,3.60576799528269e-170,"25","HIST1H2AI"
4.33247934957139e-168,3.76726213816108,0.367,0.027,8.53195158311094e-164,"25","ACOT7"
4.37248609509731e-158,3.77403831241777,0.394,0.033,8.61073686707514e-154,"25","MAD2L1"
9.0565677112944e-157,3.81316729053136,0.544,0.065,1.78350987938521e-152,"25","RRM1"
1.95410399378851e-154,3.42299634631038,0.539,0.063,3.84821699496771e-150,"25","PHF19"
1.46887739983625e-150,3.81019479846412,0.533,0.064,2.89266026349753e-146,"25","CXCR3"
5.90467771333667e-150,4.18692119518031,0.267,0.016,1.16280818208739e-145,"25","TCF19"
1.49146520828448e-149,2.865694629624,0.772,0.13,2.93714243467462e-145,"25","CYTOR"
1.86802863939123e-149,3.81448492101645,0.6,0.083,3.67870879955315e-145,"25","LMNB1"
1.77952807969302e-146,4.05494191272951,0.578,0.081,3.50442464733947e-142,"25","MCM7"
2.25754095914259e-145,4.97138660389186,0.25,0.015,4.44577541083951e-141,"25","GPR25"
3.37255837988889e-140,4.17828081259151,0.45,0.049,6.64157921751518e-136,"25","H2AFX"
4.36235089769998e-139,2.98731751422528,0.617,0.089,8.59077762284058e-135,"25","MIR4435-2HG"
5.12566161152773e-136,4.09493213731115,0.267,0.018,1.00939654115816e-131,"25","HIST1H2AM"
4.70314585995395e-134,4.05785862212619,0.261,0.017,9.26190514200732e-130,"25","NCAPG2"
2.06762268462737e-131,3.00937119038575,0.717,0.131,4.07176935283668e-127,"25","CARHSP1"
4.07968795284778e-131,3.67873901017275,0.394,0.039,8.03412948554313e-127,"25","CTLA4"
1.59661560106106e-127,3.65255415298592,0.294,0.023,3.14421510316955e-123,"25","IFI27L1"
5.50093507448401e-126,2.9734653213982,0.967,0.365,1.08329914421814e-121,"25","H2AFV"
1.39848025803531e-125,2.83740860586065,0.861,0.213,2.75402717214894e-121,"25","JPT1"
1.78347423325506e-125,3.10159716109799,0.528,0.071,3.51219580754919e-121,"25","SKA2"
7.76289143180967e-122,3.48204863159798,0.372,0.037,1.52874620966628e-117,"25","RFC4"
5.97581991259366e-120,3.48338869481369,0.589,0.097,1.17681821538707e-115,"25","MCM3"
4.86367593490521e-119,3.63135053912527,0.561,0.09,9.57803701860884e-115,"25","MCM5"
2.97842411826104e-113,3.06818364859678,0.672,0.134,5.86541061609146e-109,"25","RPA3"
2.51571263773673e-111,3.31788001798314,0.356,0.037,4.95419289749495e-107,"25","RNASEH2A"
4.93071483042077e-110,3.79244837417139,0.889,0.328,9.71005671554762e-106,"25","HMGB2"
2.56899042377676e-108,2.71155156216182,0.722,0.156,5.05911284154357e-104,"25","PRDX3"
2.13869883214549e-107,2.96854133658075,0.817,0.231,4.21173961014411e-103,"25","IDH2"
2.53494035442018e-106,3.41821831508655,0.306,0.029,4.99205803995966e-102,"25","WDR76"
4.09826489806344e-104,1.88492285047504,1,0.991,8.07071306375634e-100,"25","PFN1"
6.0913278296667e-104,2.20130363184055,1,0.963,1.19956518949626e-99,"25","ACTG1"
1.25744300295124e-103,3.45844358409973,0.311,0.031,2.47628250571187e-99,"25","RBBP8"
2.44761215592796e-103,2.77464166852668,0.594,0.107,4.82008261866893e-99,"25","CCDC167"
2.73408314191414e-102,3.10031143766645,0.506,0.08,5.38422993137152e-98,"25","TMEM106C"
2.83779024400933e-100,2.1391562582148,1,0.943,5.58846032752758e-96,"25","GAPDH"
5.24950390300422e-98,3.47000330635151,0.378,0.047,1.03378480361862e-93,"25","ATAD2"
5.54859424784284e-98,3.35155189695311,0.289,0.028,1.09268466522769e-93,"25","CHAF1A"
3.12362461051389e-96,3.1746349404655,0.411,0.055,6.15135394548501e-92,"25","NSD2"
3.57950928860842e-96,1.74219121096097,0.994,0.926,7.04912764205657e-92,"25","CORO1A"
3.60785739029609e-96,2.48329359570786,0.683,0.148,7.10495355871009e-92,"25","TXNDC17"
3.28538440123143e-95,2.79495799507564,0.606,0.122,6.46990750134506e-91,"25","NUDT1"
4.75201809440614e-95,2.69708536752709,0.817,0.252,9.35814923331401e-91,"25","HMGA1"
3.576239416527e-94,3.49100369249256,0.394,0.052,7.04268828296663e-90,"25","KPNA2"
2.20930822926665e-92,2.7420757968965,0.794,0.248,4.35079069589482e-88,"25","ANP32E"
2.60325802915942e-92,2.38676372151793,0.778,0.21,5.12659603682364e-88,"25","C12orf75"
3.57506079288091e-92,2.10149492306368,0.972,0.443,7.04036721942038e-88,"25","LIME1"
1.65258774465506e-91,2.80188130848315,0.578,0.114,3.25444104554921e-87,"25","TFDP1"
5.6785027478284e-91,2.28424668637638,0.95,0.546,1.11826754612985e-86,"25","SLC25A5"
8.107366686273e-91,2.99827073560136,0.483,0.08,1.59658372152774e-86,"25","NCAPD2"
2.6954449480408e-90,1.51611999097122,1,0.974,5.30813973617674e-86,"25","CFL1"
4.44042369213088e-90,2.32943071496687,0.894,0.334,8.74452637691335e-86,"25","SNRPG"
2.02839635726939e-89,1.54243100766745,1,0.96,3.9945209463706e-85,"25","PPIA"
7.78572972131019e-89,2.93487882129271,0.95,0.674,1.53324375401762e-84,"25","HMGN2"
1.2597367039802e-88,3.038055708247,0.417,0.061,2.48079949114821e-84,"25","MTHFD1"
3.47745377508876e-87,2.68578295864614,0.6,0.125,6.8481497192823e-83,"25","SIT1"
2.22695572332497e-85,3.66344045801523,0.911,0.426,4.38554390594387e-81,"25","TUBB"
2.81022996294678e-85,3.00132163439154,0.433,0.068,5.53418586603109e-81,"25","DTYMK"
1.52448643847149e-84,1.52244702252401,1,0.999,3.0021711432819e-80,"25","ACTB"
2.46418905771829e-84,2.33757623164893,0.767,0.213,4.85272751136463e-80,"25","CDK2AP2"
5.09805673540859e-84,2.13194685149345,0.972,0.61,1.00396031290401e-79,"25","CNN2"
6.50877771926466e-84,1.85651565301803,0.967,0.556,1.28177359625479e-79,"25","PPP1CA"
1.49475871676395e-82,2.17519652995409,0.85,0.298,2.94362834092324e-78,"25","TAP1"
1.18348139201223e-81,3.54842753623783,0.25,0.025,2.33062990528969e-77,"25","ATAD5"
1.49756749922252e-81,2.94315944515678,0.389,0.057,2.9491596762189e-77,"25","CD38"
2.53972822912094e-81,2.24354374219577,0.867,0.313,5.00148680160787e-77,"25","TXN"
2.68752746393913e-81,3.12514830825104,0.894,0.444,5.29254783473532e-77,"25","H2AFZ"
7.49995159023823e-81,1.62238927641249,0.978,0.692,1.47696546666561e-76,"25","COX6A1"
1.40805296416702e-80,2.83200129685949,0.639,0.165,2.77287870233411e-76,"25","SLBP"
1.01249411759847e-78,2.73830863609232,0.594,0.135,1.99390466578667e-74,"25","SH2D1A"
1.46749663048066e-78,1.98314353279945,0.983,0.836,2.88994111440555e-74,"25","HMGB1"
7.27183158775997e-78,1.93722470483165,0.933,0.431,1.43204179457757e-73,"25","COX5A"
1.08035412934938e-77,2.66527306150318,0.583,0.133,2.12754138692773e-73,"25","USP1"
3.84931896732115e-77,1.81926299335497,0.989,0.651,7.58046384234554e-73,"25","SUB1"
8.10412897958845e-77,2.5242672834107,0.589,0.131,1.59594611995035e-72,"25","GBP1"
2.20316693185609e-76,1.22807642311396,1,0.976,4.33869663890419e-72,"25","ARHGDIB"
1.62344727643417e-74,3.35942014028644,0.328,0.046,3.19705472148181e-70,"25","CKS1B"
3.4576707455002e-74,2.06537624900759,0.922,0.415,6.80919099911355e-70,"25","HNRNPF"
1.39580938946062e-73,2.0361217968447,0.917,0.565,2.7487674306648e-69,"25","RAN"
1.4619345536595e-73,2.09743161857121,0.75,0.226,2.87898771652165e-69,"25","YWHAE"
1.57787196849377e-73,1.94223464144512,0.922,0.491,3.10730326755478e-69,"25","PSMB8"
5.186933894873e-73,1.88200255935001,0.922,0.423,1.02146289191734e-68,"25","SLC9A3R1"
8.36373545850298e-73,2.04121309393024,0.811,0.277,1.64707042384299e-68,"25","PSMA5"
2.63972725793831e-72,1.7390719639981,0.956,0.554,5.19841488905792e-68,"25","ATP5F1B"
3.63596780434784e-71,1.74012532352819,0.978,0.621,7.1603113971022e-67,"25","COTL1"
3.90633083612084e-71,1.62530370350173,0.978,0.652,7.69273731557277e-67,"25","CD99"
5.93581917410132e-71,1.96514289683584,0.844,0.336,1.16894086995577e-66,"25","PSMA2"
7.70997307127945e-71,3.93389057143133,0.839,0.443,1.51832499692706e-66,"25","TUBA1B"
3.39223999761359e-70,3.09753090535885,0.417,0.075,6.68033822730044e-66,"25","CD59"
1.24885481386056e-69,2.2138287878655,0.706,0.216,2.4593697849356e-65,"25","PSMA4"
1.26715196714395e-69,2.15695798577458,0.711,0.211,2.49540236889658e-65,"25","MRPL51"
1.28430240029525e-69,2.16603891004101,0.722,0.227,2.52917671690144e-65,"25","PSMB2"
3.24840595997572e-69,2.12282409919884,0.706,0.205,6.39708585698018e-65,"25","DECR1"
1.05336043882453e-68,1.79757033956511,0.878,0.351,2.07438271217714e-64,"25","SEM1"
1.32301744923929e-68,1.84832779520112,0.928,0.503,2.60541826278693e-64,"25","ATP5MC3"
3.74846424200847e-68,1.85065312509614,0.856,0.321,7.38185063178728e-64,"25","PSMD8"
8.61134159649748e-68,2.16807137214201,0.833,0.357,1.69583150059825e-63,"25","PRDX1"
9.80199351808571e-68,2.6541531009198,0.639,0.188,1.93030658351662e-63,"25","NASP"
1.9859772479707e-67,3.14176640836391,0.267,0.033,3.91098499442871e-63,"25","SHMT1"
8.31831982333225e-67,2.13586963756895,0.672,0.19,1.63812672280882e-62,"25","NUDT21"
2.75891327338464e-66,1.42637673483459,0.989,0.823,5.43312790927638e-62,"25","ARPC2"
3.70353645050534e-66,2.07697870231984,0.744,0.248,7.29337433198017e-62,"25","PARP1"
5.49852704557e-66,1.3404319156086,0.994,0.834,1.0828249310841e-61,"25","RAC2"
8.649423341173e-66,1.583447790978,0.833,0.289,1.7033309385772e-61,"25","TPM4"
1.12385256905196e-65,3.10789039016266,0.478,0.104,2.21320286423402e-61,"25","UBE2S"
1.8380741745225e-65,2.49997670708039,0.461,0.093,3.61971947188715e-61,"25","EBP"
4.75496419247904e-65,1.97959803283836,0.789,0.287,9.36395098424898e-61,"25","PPM1G"
1.17079694762614e-64,1.61739937050598,0.956,0.64,2.30565042896015e-60,"25","ANP32B"
4.59592428622783e-64,1.94707516338327,0.872,0.356,9.05075369686847e-60,"25","ANXA2"
5.69281167661689e-64,1.79900196947122,0.867,0.387,1.12108540347616e-59,"25","ATP5F1C"
6.74036544315122e-64,2.11541871678068,0.839,0.389,1.32738016671977e-59,"25","DEK"
1.2550528096841e-63,1.73228744566,0.928,0.584,2.4715754981109e-59,"25","COX8A"
4.38441785489113e-63,2.37545496486765,0.633,0.186,8.63423408163709e-59,"25","SMC3"
5.99847898498187e-63,2.29165344000861,0.761,0.288,1.18128046651248e-58,"25","PDIA6"
8.31049916535339e-63,2.07178470652442,0.728,0.247,1.63658660063304e-58,"25","SNRPD1"
1.0127601976706e-62,2.16677381554647,0.711,0.237,1.9944286572727e-58,"25","DDX39A"
1.13620778436941e-62,2.18949513884413,0.561,0.138,2.23753398975868e-58,"25","TPGS2"
2.26381029030315e-62,1.6818979586474,0.939,0.568,4.458121604694e-58,"25","PSMB9"
2.8938647166121e-62,2.75579379530025,0.739,0.306,5.6988877864242e-58,"25","DUT"
3.61959469250888e-62,1.97685506057627,0.7,0.212,7.12806782795774e-58,"25","RNASEH2B"
4.67716759042168e-62,1.92896758862091,0.85,0.372,9.21074613581742e-58,"25","YWHAQ"
5.30467695664048e-62,1.33887304028106,0.972,0.727,1.04465003307121e-57,"25","COX6C"
6.77095241292847e-61,1.73227461962133,0.856,0.363,1.333403658678e-56,"25","CBX3"
7.35845485597332e-61,2.04905831342448,0.7,0.233,1.44910051478683e-56,"25","NDUFB3"
1.11021237454218e-60,1.44694446132859,0.961,0.614,2.18634122918592e-56,"25","SLC25A3"
1.13459040291202e-60,2.67753446906588,0.356,0.061,2.23434888045464e-56,"25","SNRNP25"
4.26661359007543e-60,2.43320218596952,0.394,0.074,8.40224214293554e-56,"25","NABP2"
7.60943755695624e-60,1.82924158704998,0.861,0.439,1.49852653809139e-55,"25","PGAM1"
1.57555645131789e-59,1.94439921618371,0.739,0.252,3.10274331958032e-55,"25","CACYBP"
2.33455256748433e-59,2.746920194547,0.333,0.055,4.5974343711469e-55,"25","MSH6"
9.39276954521021e-59,2.20059060166021,0.478,0.106,1.84971810653825e-54,"25","MRPL22"
1.07515182285998e-58,1.64480528624124,0.928,0.548,2.11729648475815e-54,"25","ACTR3"
1.81747106610808e-58,1.36275605406107,0.978,0.899,3.57914577048665e-54,"25","HNRNPA2B1"
7.81600967566197e-58,2.32140865904075,0.45,0.097,1.53920678542811e-53,"25","CENPK"
7.97187769888117e-58,1.50633769075487,0.939,0.53,1.56990187524067e-53,"25","CALM3"
1.09762970174646e-57,2.85388147402812,0.367,0.069,2.16156217164931e-53,"25","TIGIT"
1.1216943463156e-57,2.63197316621351,0.339,0.058,2.20895267619931e-53,"25","RFC2"
3.89916738637467e-57,2.59965041674323,0.317,0.052,7.67863033398764e-53,"25","BCL2L12"
7.99013119149955e-57,2.32685503859992,0.478,0.111,1.57349653554201e-52,"25","CBX5"
8.3767887741093e-57,1.86895491808101,0.678,0.208,1.64964101328534e-52,"25","MMADHC"
2.65893730618776e-56,2.15345731574351,0.622,0.188,5.23624523707556e-52,"25","PSMA3"
3.63026291112778e-56,2.44901297109433,0.65,0.226,7.14907675088393e-52,"25","RANBP1"
4.20860003799448e-56,2.55460213632138,0.328,0.056,8.28799605482254e-52,"25","DPP3"
5.36807611206458e-56,2.35777377200201,0.4,0.08,1.05713522874888e-51,"25","MPDU1"
7.29196065155425e-56,2.09151280770556,0.556,0.148,1.43600581111058e-51,"25","C11orf98"
1.71364559589927e-55,1.85762529481806,0.717,0.249,3.37468227200443e-51,"25","MDH1"
3.49872930839273e-55,1.25952600022476,0.994,0.836,6.89004762701781e-51,"25","HSPA8"
4.05801517455091e-55,1.93333099053833,0.856,0.507,7.99144928324311e-51,"25","LDHA"
4.32135130189784e-55,2.48058370159012,0.472,0.115,8.51003711882742e-51,"25","DNAJC9"
7.36496975962806e-55,1.90302249091185,0.639,0.194,1.45038349476355e-50,"25","GTF3C6"
9.33590137950395e-55,1.62753031613265,0.856,0.369,1.83851905866571e-50,"25","NDUFV2"
1.62627505181734e-54,2.16205494440189,0.672,0.237,3.20262345954389e-50,"25","DNMT1"
1.70065778056918e-54,2.67702293935462,0.317,0.054,3.34910536727488e-50,"25","NCAPD3"
1.8090818895244e-54,2.55746933198854,0.389,0.079,3.5626249650404e-50,"25","FAS"
2.03475736986807e-54,1.55957334175384,0.889,0.462,4.0070476884812e-50,"25","WDR1"
2.53432567619264e-54,1.9193155426745,0.55,0.142,4.99084755412616e-50,"25","UBE2A"
4.75598064133669e-54,2.26522246500738,0.406,0.084,9.36595267698434e-50,"25","TIMM17A"
5.17621800998133e-54,1.6836629376172,0.911,0.537,1.01935261270562e-49,"25","PSME2"
6.5490386715759e-54,1.9215123254054,0.683,0.237,1.28970218559344e-49,"25","VDAC1"
7.8342375114994e-54,2.63819961002791,0.467,0.114,1.54279639313958e-49,"25","GZMK"
8.98569509371318e-54,2.0539216421926,0.572,0.158,1.76955293480494e-49,"25","SHMT2"
1.02180425853319e-53,1.78176917120154,0.8,0.38,2.01223912632942e-49,"25","SNRPB"
1.58539057074426e-53,1.34512187475394,0.939,0.772,3.12210965096666e-49,"25","CHCHD2"
3.3861588495307e-53,2.3381135226283,0.494,0.126,6.6683626223808e-49,"25","CD28"
6.82948128178165e-53,2.22166672565183,0.517,0.137,1.34492974882126e-48,"25","HPRT1"
1.42614841375583e-52,2.12116827740963,0.483,0.118,2.80851407120936e-48,"25","PSMD14"
4.82758379247231e-52,1.69931917718581,0.778,0.323,9.50696076251573e-48,"25","POMP"
5.04098325778024e-52,1.62920392780231,0.767,0.282,9.92720832954662e-48,"25","CLTA"
5.35376127110417e-52,2.28144621716706,0.411,0.089,1.05431620711855e-47,"25","MRPL13"
9.32009276502146e-52,1.94262752140087,0.644,0.215,1.83540586821568e-47,"25","LSM2"
1.00357438039067e-51,1.33380354525799,0.978,0.646,1.97633902730335e-47,"25","CLIC1"
1.41517290300681e-51,2.79839569422204,0.311,0.055,2.78689999789132e-47,"25","KIF20B"
1.49569171771005e-51,2.05941174828132,0.85,0.434,2.9454656996864e-47,"25","MT2A"
2.58154656196338e-51,2.02768278318914,0.517,0.134,5.08383964447449e-47,"25","COPS3"
2.71179592441889e-51,2.53890960006219,0.344,0.066,5.34033971395811e-47,"25","GALM"
2.94212287034651e-51,2.29868514875021,0.4,0.085,5.79392256857339e-47,"25","ADA"
5.18241428030714e-51,1.94672696395078,0.717,0.269,1.02057284422088e-46,"25","LBR"
5.80644016915889e-51,1.98912902383768,0.489,0.12,1.14346226251246e-46,"25","PTPN7"
7.48270352634704e-51,1.46006575631588,0.878,0.493,1.47356880544352e-46,"25","ATP5MF"
1.03078806229036e-50,1.66684724979729,0.95,0.681,2.0299309310684e-46,"25","IL32"
1.33011283099923e-50,2.15887568114763,0.5,0.13,2.61939119808678e-46,"25","TUBA1C"
2.68468665943437e-50,1.88171122627704,0.733,0.275,5.28695343842411e-46,"25","CDC25B"
3.63258250621723e-50,0.762652975091536,0.994,0.999,7.15364472949359e-46,"25","TMSB4X"
5.30719130740661e-50,2.41866609281164,0.511,0.143,1.04514518416758e-45,"25","KIF22"
9.12141861043553e-50,2.32104207953559,0.367,0.075,1.79628096695307e-45,"25","HAUS1"
1.02376236746881e-49,2.40309238831252,0.439,0.106,2.01609523025633e-45,"25","NME1"
1.0393182594213e-49,1.99586171048911,0.528,0.144,2.04672944827837e-45,"25","NUDT5"
1.64072079845221e-49,1.96178538587917,0.539,0.15,3.23107146839194e-45,"25","MRPL37"
1.93724897887469e-49,2.1906139407931,0.511,0.142,3.81502441409793e-45,"25","HSPB11"
2.14314934257396e-49,2.86200946557305,0.261,0.041,4.22050400033089e-45,"25","UNG"
3.58230199389114e-49,1.62401434055652,0.811,0.343,7.05462731656983e-45,"25","ANXA5"
3.64595105400178e-49,1.31121746939733,0.967,0.728,7.17997141064571e-45,"25","LCP1"
6.71452390854922e-49,2.76895784241791,0.261,0.041,1.3222911933106e-44,"25","CDCA4"
7.14265982312186e-49,1.33764201063167,0.944,0.543,1.40660399896739e-44,"25","CD3D"
1.92498761846905e-48,1.19509923917999,0.983,0.868,3.7908781170511e-44,"25","YBX1"
2.319063615406e-48,2.1244196108492,0.661,0.241,4.56693197781905e-44,"25","ITM2A"
2.3330713725152e-48,2.3187781557891,0.339,0.066,4.59451745389418e-44,"25","BAK1"
3.82712565774551e-48,1.97933908864797,0.683,0.265,7.53675855779824e-44,"25","S1PR4"
3.97578197574043e-48,2.59218352664894,0.367,0.079,7.82950744482562e-44,"25","LIG1"
4.96363227000596e-48,2.08316672301922,0.622,0.218,9.77488102932273e-44,"25","SMC1A"
5.92376935076996e-48,2.83564556982467,0.261,0.042,1.16656789824713e-43,"25","SLC43A3"
7.11660376849775e-48,1.43126553718097,0.878,0.435,1.40147278013026e-43,"25","DBI"
9.94106407508121e-48,1.43762393516783,0.856,0.407,1.95769374830574e-43,"25","NDUFC2"
1.05338636456522e-47,1.64416175268787,0.728,0.272,2.0744337677383e-43,"25","DCTN3"
1.25579950709643e-47,1.54852722839423,0.744,0.282,2.473045969325e-43,"25","DYNLL1"
2.18388471627351e-47,2.42142591200024,0.394,0.09,4.30072417175743e-43,"25","DCTPP1"
9.99839410615655e-47,1.06533478045622,0.978,0.789,1.96898375132541e-42,"25","ARPC1B"
1.94914912238229e-46,1.39438037286903,0.883,0.54,3.83845936670744e-42,"25","NDUFB9"
3.10299941033399e-46,1.76722806773775,0.65,0.226,6.11073673877073e-42,"25","NDUFB6"
3.82198182409737e-46,2.21955237270031,0.428,0.105,7.52662880619496e-42,"25","OXCT1"
3.91677471092423e-46,2.4169056349472,0.567,0.201,7.71330443822308e-42,"25","ALYREF"
4.29415023982636e-46,1.16989426129961,0.944,0.681,8.45647006729005e-42,"25","CAPZB"
7.19683449534122e-46,1.60527552950957,0.794,0.369,1.41727261716755e-41,"25","HNRNPR"
7.37863627179584e-46,1.79918285195575,0.617,0.2,1.45307484100475e-41,"25","TCP1"
8.16529570504781e-46,1.73095988248537,0.661,0.234,1.60799168319507e-41,"25","UBE2N"
8.69800409708026e-46,1.85755954470122,0.517,0.143,1.71289794683802e-41,"25","MRPL28"
1.49525892347087e-45,1.87293926327887,0.533,0.154,2.94461339799118e-41,"25","HINT2"
1.54062806848991e-45,2.05480007627788,0.717,0.309,3.03395885527718e-41,"25","HSPD1"
1.77484976704384e-45,2.23465221408379,0.711,0.3,3.49521164623944e-41,"25","TMPO"
3.68054744288614e-45,1.46570728854045,0.861,0.422,7.24810207927568e-41,"25","RALY"
4.76191695916319e-45,1.65120435743367,0.778,0.374,9.37764306768007e-41,"25","ERH"
5.76073441435504e-45,1.58938400168853,0.761,0.313,1.13446142821894e-40,"25","C17orf49"
8.15857310471434e-45,0.871460991813507,0.989,0.912,1.6066678015114e-40,"25","MYL6"
1.18218935830568e-44,2.13115491842346,0.661,0.265,2.32808550331138e-40,"25","CLDND1"
1.36567072495987e-44,1.77531155793345,0.65,0.238,2.68941535866347e-40,"25","SNRPE"
1.40687537257614e-44,1.90114964448115,0.528,0.155,2.77055967121419e-40,"25","STOML2"
1.41903926075543e-44,3.46231287924494,0.75,0.361,2.79451401620567e-40,"25","HIST1H4C"
1.71642570627985e-44,2.51641208314304,0.35,0.077,3.3801571433769e-40,"25","PAICS"
1.76127176933304e-44,1.49220595419771,0.828,0.393,3.46847249534756e-40,"25","PSMB3"
1.77970503164477e-44,2.24416836157951,0.378,0.086,3.50477311881804e-40,"25","GGCT"
1.8767695969755e-44,2.30393168080464,0.533,0.174,3.69592236732385e-40,"25","HNRNPAB"
3.01171455431563e-44,2.02838264053881,0.478,0.132,5.93096947181377e-40,"25","MTCH2"
4.64701009381993e-44,1.95946205851149,0.578,0.193,9.15135697775958e-40,"25","SSRP1"
5.66675093347061e-44,1.86887071219061,0.578,0.192,1.11595326132837e-39,"25","HDGF"
6.77481802824715e-44,1.29644049974475,0.894,0.498,1.33416491430271e-39,"25","ATP5F1A"
8.95283101133531e-44,1.72201034669549,0.706,0.29,1.76308101106226e-39,"25","MAZ"
8.99159530904783e-44,1.78090314778618,0.594,0.194,1.77071486421079e-39,"25","ITGB1BP1"
1.04963422145363e-43,1.77652720675549,0.539,0.16,2.06704467230863e-39,"25","MRPL16"
1.07707365684391e-43,1.50793501454676,0.778,0.342,2.12108115242272e-39,"25","PSMB6"
1.14307621436196e-43,1.70087259998808,0.639,0.224,2.25105998894301e-39,"25","RBBP7"
1.36312009790118e-43,2.35130585021577,0.367,0.083,2.68439240879679e-39,"25","ACAT2"
1.48246398748805e-43,1.31974853187612,0.894,0.542,2.91941633056021e-39,"25","ARPC5"
1.75863213184062e-43,1.52782315335671,0.761,0.32,3.46327425723373e-39,"25","H2AFY"
1.94194262711641e-43,2.35660512467939,0.417,0.108,3.82426761558035e-39,"25","EIF4A3"
2.21517643844468e-43,1.31648085396283,0.906,0.514,4.3623469602291e-39,"25","PSMA7"
2.39964880648081e-43,2.5189569064169,0.306,0.06,4.72562839460266e-39,"25","C19orf48"
2.70941078068731e-43,2.0937361560387,0.456,0.123,5.33564265040752e-39,"25","GLRX3"
2.944461780322e-43,1.60132472856017,0.639,0.22,5.79852858398812e-39,"25","VDAC3"
3.23341863501096e-43,1.29973516476046,0.917,0.504,6.36757131792708e-39,"25","LCK"
3.8123597459374e-43,1.73509252762034,0.706,0.291,7.50768004767452e-39,"25","LSM4"
4.16401232064223e-43,1.31283176179895,0.878,0.423,8.20018946304075e-39,"25","CD3G"
4.2819128905507e-43,1.81033844737447,0.606,0.202,8.43237105536149e-39,"25","TRAC"
1.1478945906077e-42,2.00225728272902,0.461,0.126,2.26054881728373e-38,"25","APOBEC3C"
1.20160616503573e-42,2.5925599964569,0.25,0.043,2.36632302080485e-38,"25","PRIM2"
1.34647174189347e-42,2.19627367147519,0.378,0.088,2.65160680131081e-38,"25","YEATS4"
2.53069971124325e-42,1.49545598376657,0.761,0.322,4.98370694135134e-38,"25","NDUFA6"
3.28130900129888e-42,1.83151482600626,0.517,0.154,6.46188181625788e-38,"25","ATP1B3"
3.5607577714976e-42,1.54593240841358,0.767,0.354,7.01220027941023e-38,"25","PSMA6"
3.61575389899715e-42,1.91896619646341,0.528,0.164,7.12050415329509e-38,"25","FDPS"
4.38937861659466e-42,0.86576778915448,1,0.998,8.64400330965986e-38,"25","TMSB10"
4.96144872552832e-42,1.78957639627271,0.561,0.179,9.77058097518292e-38,"25","MAP4K1"
6.2130474207514e-42,1.90945250144696,0.528,0.167,1.22353542856857e-37,"25","SMS"
6.89514892459188e-42,1.15135335470785,0.906,0.611,1.35786167771988e-37,"25","NDUFA13"
7.14191907414115e-42,1.38049463238086,0.867,0.517,1.40645812327062e-37,"25","PARK7"
9.29941425243231e-42,1.65726888340643,0.95,0.734,1.83133364873149e-37,"25","CRIP1"
1.4379813025464e-41,1.80235563114672,0.767,0.382,2.83181657910462e-37,"25","RAD21"
1.4853959855133e-41,2.33320469209931,0.283,0.054,2.92519031427135e-37,"25","CTPS1"
2.59901858368105e-41,2.29927296101996,0.322,0.068,5.11824729684308e-37,"25","KEAP1"
2.85091641387208e-41,1.67623410347717,0.578,0.188,5.6143096938383e-37,"25","SUCLG1"
3.47584093969629e-41,1.52422599918406,0.794,0.417,6.84497356254389e-37,"25","SRSF3"
6.86370346117899e-41,1.82407037371459,0.528,0.165,1.35166912260998e-36,"25","CDC123"
9.66752135454497e-41,2.00084380310917,0.433,0.116,1.90382498035054e-36,"25","PLGRKT"
1.14144634820045e-40,2.67199918348647,0.533,0.181,2.24785029351114e-36,"25","HIST1H1C"
1.38610449438975e-40,1.45660277777394,0.939,0.725,2.72965558080174e-36,"25","HSP90AA1"
1.64482388285229e-40,1.08765520210199,0.961,0.731,3.23915167250101e-36,"25","SUMO2"
2.11810092535304e-40,1.41333742411457,0.761,0.332,4.17117615229775e-36,"25","PPP4C"
3.57480264439841e-40,0.976776613023306,1,0.9,7.03985884761378e-36,"25","CALM1"
8.76703105980659e-40,1.40009668453015,0.806,0.401,1.72649142660771e-35,"25","RTRAF"
9.0917989157319e-40,2.2011672503475,0.656,0.279,1.79044796047508e-35,"25","HIST1H1D"
1.02078490009692e-39,1.94892997146043,0.622,0.247,2.01023170376087e-35,"25","ESYT1"
1.55669617753257e-39,1.59405115425465,0.678,0.271,3.06560178241489e-35,"25","IFI16"
4.36250795221985e-39,1.8463572230123,0.578,0.209,8.59108691030655e-35,"25","SUPT16H"
6.0297071993792e-39,1.26274823140397,0.878,0.599,1.18743023877375e-34,"25","CAP1"
9.24644244424362e-39,2.00343288098541,0.383,0.096,1.8209019105449e-34,"25","HNRNPLL"
9.31911469731615e-39,2.25552500917933,0.383,0.1,1.83521325734247e-34,"25","TOPBP1"
9.7699939455777e-39,1.30692454302996,0.833,0.442,1.92400490770262e-34,"25","COPE"
1.10150812182545e-38,1.67373075807845,0.644,0.254,2.16919994431085e-34,"25","PDCD5"
1.26010376110552e-38,1.4496470361448,0.783,0.391,2.4815223367451e-34,"25","ABRACL"
1.70072887975094e-38,3.27221645029258,0.3,0.067,3.34924538289353e-34,"25","HIST1H3D"
2.01029299925187e-38,2.16329672171737,0.422,0.119,3.95887000342672e-34,"25","CDK4"
2.10158198892654e-38,2.06558067984215,0.472,0.145,4.13864541079303e-34,"25","SAE1"
2.54267634379007e-38,1.1485565781219,0.983,0.931,5.00729252382578e-34,"25","CD52"
3.36949053090826e-38,1.28297451247495,0.589,0.203,6.63553770251764e-34,"25","YWHAH"
7.55732039291081e-38,2.3765001462032,0.272,0.054,1.48826310497593e-33,"25","TOX"
1.57201859150899e-37,1.99280322783903,0.406,0.109,3.09577621225866e-33,"25","MTHFD2"
1.74381142061703e-37,2.14622966811816,0.322,0.073,3.43408783062112e-33,"25","SLC35B1"
1.77569135020552e-37,1.52671996690636,0.633,0.235,3.49686897595974e-33,"25","ADH5"
2.15212956617116e-37,0.997893095867804,0.989,0.931,4.23818875466086e-33,"25","VIM"
2.40832298582229e-37,2.07814795559145,0.367,0.092,4.74271045597983e-33,"25","GOT2"
2.43771712545606e-37,2.07588884750654,0.389,0.102,4.80059633516063e-33,"25","NIBAN1"
2.7045156825848e-37,1.61693995023514,0.611,0.23,5.32600273371425e-33,"25","PSMG2"
3.46726975471646e-37,1.78886613290288,0.539,0.181,6.82809432796313e-33,"25","APOBEC3G"
3.66737754171449e-37,1.36856535932072,0.694,0.276,7.22216659289835e-33,"25","RAB1B"
4.23599080877245e-37,2.11287385724122,0.367,0.092,8.34193669971559e-33,"25","PMVK"
6.31112458959448e-37,1.77320715356929,0.611,0.239,1.24284976542884e-32,"25","GBP2"
7.20810097573462e-37,1.5702125649391,0.633,0.247,1.41949132515142e-32,"25","LSM3"
7.36589422341436e-37,1.53674792375884,0.7,0.302,1.45056554941699e-32,"25","MZT2A"
8.0272756164243e-37,1.32633078095961,0.833,0.441,1.58081138714244e-32,"25","ATP5PB"
1.06874762860155e-36,1.60474481476001,0.639,0.258,2.10468470500503e-32,"25","LSM5"
1.13785461320328e-36,1.43772229372564,0.8,0.408,2.24077708978123e-32,"25","LAT"
1.15275015884815e-36,2.14801850286797,0.35,0.086,2.27011088781967e-32,"25","HADH"
1.49692944708556e-36,1.66169618990065,0.578,0.207,2.9479031601456e-32,"25","ADSL"
1.51213408404216e-36,1.44603054446751,0.733,0.335,2.97784565170423e-32,"25","EIF3I"
1.78396032503589e-36,1.32319095146639,0.8,0.361,3.51315306809317e-32,"25","CD2"
2.28812148506812e-36,1.4397487836568,0.706,0.297,4.50599764054466e-32,"25","UQCRC1"
2.33557190959798e-36,1.92618998232157,0.456,0.137,4.5994417615713e-32,"25","SIRPG"
2.76323239160285e-36,2.22787181055719,0.328,0.077,5.4416335487835e-32,"25","ACAT1"
2.83557500055285e-36,1.72900864312571,0.617,0.249,5.58409784858873e-32,"25","CCT5"
4.28575555419101e-36,1.23662399560014,0.85,0.448,8.43993841286836e-32,"25","SRP9"
5.32757275384605e-36,1.38544831591821,0.739,0.329,1.0491589024149e-31,"25","SUMO1"
5.57926391133485e-36,1.26923208983705,0.939,0.722,1.09872444205917e-31,"25","PPIB"
6.35101075496603e-36,1.69065209948996,0.628,0.251,1.25070454797546e-31,"25","OPTN"
8.34426253719537e-36,1.23888130149912,0.872,0.552,1.64323562144988e-31,"25","HMGN1"
8.88583516764598e-36,1.70646415231455,0.511,0.169,1.74988751956452e-31,"25","ANAPC15"
1.08035673913453e-35,1.26113049678928,0.889,0.579,2.12754652637764e-31,"25","HNRNPA3"
1.46006275170295e-35,1.68084325270175,0.606,0.236,2.87530157692862e-31,"25","CCT2"
2.48522634203927e-35,1.491010557255,0.628,0.24,4.89415623537794e-31,"25","CYC1"
3.84834210446484e-35,1.42143175477981,0.728,0.33,7.5785401063226e-31,"25","CCT8"
4.15504889727165e-35,1.2712842973882,0.889,0.608,8.18253779339706e-31,"25","ENO1"
4.17926013185208e-35,2.13030170014459,0.356,0.09,8.23021697765629e-31,"25","STT3A"
4.51864986457556e-35,1.64138476073841,0.65,0.285,8.89857717830865e-31,"25","ILF2"
5.12071817227038e-35,0.965585038167331,0.944,0.771,1.00842302966521e-30,"25","GMFG"
7.78794076116295e-35,1.22538206383182,0.839,0.429,1.53367917409582e-30,"25","EWSR1"
8.73255050545496e-35,1.31678418014388,0.744,0.347,1.71970117103925e-30,"25","RBX1"
8.89965561441894e-35,1.45701888410092,0.683,0.291,1.75260918014752e-30,"25","NDUFS6"
1.37318342641059e-34,1.3812236961783,0.783,0.431,2.70421012163038e-30,"25","COX7B"
1.38119237894437e-34,1.77019281288649,0.489,0.16,2.71998215185514e-30,"25","ACAA2"
1.62020884334009e-34,1.24356736991842,0.822,0.418,3.19067727518964e-30,"25","EZR"
1.8961927356417e-34,1.91937697492947,0.561,0.209,3.7341723542992e-30,"25","SPTBN1"
2.11681660869292e-34,1.69316062542702,0.478,0.151,4.16864694749897e-30,"25","RECQL"
2.60041811140889e-34,1.5269277942441,0.75,0.408,5.12100338679753e-30,"25","HNRNPD"
2.69578550872225e-34,1.3692898525191,0.733,0.335,5.30881040232673e-30,"25","SNRPF"
3.61035738137369e-34,2.18319711494376,0.3,0.069,7.1098767911392e-30,"25","ACTL6A"
4.3133250173285e-34,2.00867331357348,0.389,0.108,8.49423095662502e-30,"25","ARL6IP6"
4.38760912904497e-34,1.94369199974731,0.417,0.123,8.64051865782827e-30,"25","HAT1"
4.42416042350603e-34,1.07530524208877,0.95,0.706,8.71249912201043e-30,"25","IL2RG"
5.71481845497396e-34,1.43313233739995,0.678,0.305,1.12541919833802e-29,"25","UBE2L3"
9.55617787374543e-34,1.69160909494725,0.478,0.153,1.88189810867669e-29,"25","RPA1"
1.08097952215515e-33,1.97455502121138,0.328,0.08,2.12877297298013e-29,"25","DCUN1D5"
1.10952280536935e-33,1.59875562885383,0.511,0.171,2.18498326061387e-29,"25","SQOR"
2.21145896370441e-33,1.65396054112104,0.483,0.157,4.3550261372231e-29,"25","NDUFA9"
3.40550698523336e-33,1.0664447017194,0.917,0.588,6.70646490602006e-29,"25","COX7A2"
4.050874851151e-33,1.07243466163532,0.867,0.497,7.97738784437166e-29,"25","GNG5"
4.45964229725728e-33,2.20495061053936,0.294,0.069,8.78237357598876e-29,"25","RAD51C"
4.7089709788558e-33,0.623603796381916,1,0.92,9.27337654866073e-29,"25","H3F3A"
5.19133381397653e-33,2.08219355050156,0.561,0.227,1.0223293679864e-28,"25","GZMA"
5.32318854881139e-33,2.07128877416269,0.322,0.08,1.04829552091743e-28,"25","RPL26L1"
6.18544154857862e-33,1.60650129211172,0.467,0.146,1.21809900416159e-28,"25","PYHIN1"
7.94686019561816e-33,1.37981516384028,0.75,0.374,1.56497517832308e-28,"25","PPP1R18"
8.86273689118433e-33,1.40996808981568,0.678,0.292,1.74533877598093e-28,"25","HDAC1"
1.00621968963894e-32,2.26892960633854,0.25,0.052,1.98154843480596e-28,"25","TIFA"
1.10738875326183e-32,1.36337928867787,0.711,0.333,2.18078067179853e-28,"25","LMAN2"
1.11972555913408e-32,1.76676275332242,0.444,0.14,2.20507554360275e-28,"25","YARS"
1.16037900980532e-32,1.12482097110425,0.861,0.486,2.28513438400961e-28,"25","ATP5IF1"
1.30208581681963e-32,0.797267718563351,0.989,0.839,2.56419759906289e-28,"25","ARPC3"
1.32501890049712e-32,1.86056043879387,0.383,0.107,2.60935972074899e-28,"25","CYB5B"
1.37653715717226e-32,1.47843048928497,0.589,0.225,2.71081462361934e-28,"25","ELOC"
1.45358041917841e-32,1.46494880393199,0.628,0.25,2.86253591948804e-28,"25","NDUFA7"
1.54815436907959e-32,2.60999932893308,0.483,0.179,3.04878039902844e-28,"25","TUBB4B"
2.31012917076563e-32,1.14235046609763,0.844,0.48,4.54933737598876e-28,"25","ARPC4"
2.58835509716521e-32,1.84765408797398,0.472,0.16,5.09724769284744e-28,"25","OGDH"
2.81343796146169e-32,1.56301782702699,0.6,0.243,5.54050337750651e-28,"25","DAZAP1"
3.50508989580161e-32,1.00944527712147,0.961,0.776,6.90257353180211e-28,"25","S100A10"
3.64622590861477e-32,0.775312258329044,0.972,0.846,7.18051268183506e-28,"25","YWHAZ"
4.14933935581686e-32,1.29225471326933,0.711,0.308,8.17129399341015e-28,"25","CTSC"
4.21761173924693e-32,1.44302880436904,0.739,0.383,8.30574279809899e-28,"25","PRDX2"
4.30949121504892e-32,2.11305676627993,0.278,0.063,8.48668104979584e-28,"25","MRPL15"
4.66739627510909e-32,2.21137423890485,0.256,0.055,9.19150348457233e-28,"25","TCTEX1D2"
4.79089455168391e-32,0.85854833616088,0.972,0.784,9.43470864063112e-28,"25","YWHAB"
5.01627319021839e-32,1.83617184768124,0.394,0.114,9.87854679349708e-28,"25","HAUS4"
5.91075060820495e-32,1.97518744763937,0.383,0.111,1.1640041172738e-27,"25","AHCY"
6.98027721531964e-32,1.77275424212615,0.406,0.12,1.3746259920129e-27,"25","NAA50"
7.91534305637373e-32,1.69554216692327,0.5,0.175,1.55876850809168e-27,"25","BAZ1B"
8.00713920665456e-32,2.32371768875638,0.261,0.057,1.57684592396648e-27,"25","HIRIP3"
9.19327495579639e-32,1.72790716579754,0.817,0.555,1.81043163704498e-27,"25","CALR"
1.18402748168553e-31,0.995644165668703,0.611,0.249,2.33170531968332e-27,"25","LIMS1"
1.76619550650478e-31,1.29116778133428,0.733,0.34,3.47816881095987e-27,"25","AURKAIP1"
1.86125701345789e-31,1.20603396502863,0.8,0.433,3.66537343660262e-27,"25","SEPTIN1"
1.9993588509607e-31,1.64231730058245,0.472,0.157,3.9373373851969e-27,"25","SARNP"
2.0383168597042e-31,1.23137056586638,0.711,0.312,4.01405739181547e-27,"25","TWF2"
2.12532950502016e-31,1.19318278407485,0.783,0.403,4.18541139423621e-27,"25","MDH2"
2.35566252545242e-31,1.81504034893544,0.467,0.161,4.63900621137346e-27,"25","CENPX"
2.46172840231035e-31,2.30882679660408,0.267,0.06,4.84788174266977e-27,"25","LMNB2"
2.62709968951898e-31,1.09183083872085,0.894,0.661,5.17354741856973e-27,"25","EIF4A1"
4.02557819462088e-31,1.15629241290691,0.839,0.495,7.9275711386669e-27,"25","ANXA6"
4.85484754071112e-31,1.0715226308906,0.911,0.608,9.5606512619224e-27,"25","FLNA"
4.89477330404671e-31,1.27225435506605,0.744,0.361,9.63927706765919e-27,"25","PPP1CC"
5.75223096724875e-31,1.24937446098306,0.744,0.361,1.1327868443803e-26,"25","ROMO1"
6.85574419762941e-31,1.64238026874434,0.5,0.178,1.35010170483916e-26,"25","TMX1"
8.05427168679928e-31,0.992041990396976,0.894,0.623,1.58612772328138e-26,"25","HNRNPC"
8.20895959737573e-31,1.36951260845878,0.711,0.341,1.6165904135112e-26,"25","NUCKS1"
9.0795619543305e-31,1.57592212959199,0.522,0.19,1.7880381356663e-26,"25","PSMB7"
1.20588822146157e-30,1.46926461350019,0.578,0.229,2.37475567452427e-26,"25","TADA3"
1.26323461916628e-30,1.1640355156171,0.767,0.387,2.48768793552415e-26,"25","CD47"
1.36873505482877e-30,1.45456957716356,0.6,0.244,2.6954499434743e-26,"25","PSMD13"
1.45503912851318e-30,1.83194313422605,0.378,0.11,2.86540855578101e-26,"25","MZT1"
2.31719866802084e-30,1.22133693594643,0.761,0.385,4.56325933693343e-26,"25","NDUFB10"
2.90262362806798e-30,0.869725389255959,0.95,0.811,5.71613671075427e-26,"25","PSME1"
5.18509074489767e-30,1.33435068321427,0.767,0.438,1.0210999203927e-25,"25","GIMAP4"
6.30761165570425e-30,2.00338089930249,0.317,0.083,1.24215796335784e-25,"25","MRPL27"
6.74215168080816e-30,1.6786664385558,0.45,0.151,1.32773193050155e-25,"25","SNRNP40"
7.29022171016086e-30,0.65919246499157,0.994,0.954,1.43566336138198e-25,"25","HNRNPA1"
9.33849123343414e-30,1.45306483729383,0.622,0.273,1.83902907860019e-25,"25","SNRPC"
1.03720831046131e-29,2.33667799713056,0.311,0.083,2.04257432579146e-25,"25","CKAP5"
1.05203338209036e-29,1.28657317914937,0.822,0.551,2.07176933935055e-25,"25","SET"
1.23529963320742e-29,1.30088233843286,0.722,0.363,2.43267556767537e-25,"25","EIF3A"
1.28747552105796e-29,1.17711019593755,0.789,0.461,2.53542554361945e-25,"25","PSMB1"
1.47498110961394e-29,1.60966436702863,0.5,0.182,2.90468029916273e-25,"25","SNX5"
1.61336651336623e-29,1.79199053186656,0.678,0.348,3.17720267477213e-25,"25","ITGB1"
1.62418041895548e-29,1.15115983489413,0.733,0.337,3.19849849904903e-25,"25","CKLF"
1.70846477109224e-29,0.935528785809736,0.861,0.529,3.36447967371194e-25,"25","NAP1L1"
1.98098133489549e-29,1.45248760647816,0.628,0.27,3.90114654280968e-25,"25","SASH3"
2.07945602411201e-29,2.385320437794,0.717,0.401,4.09507274828377e-25,"25","HIST1H1E"
2.42807939872133e-29,1.79702505800048,0.406,0.127,4.78161675990191e-25,"25","MRPL10"
2.7770416504456e-29,1.33018485646897,0.7,0.345,5.46882812222252e-25,"25","ANAPC11"
3.19613633960806e-29,2.10171209005927,0.261,0.061,6.29415129359015e-25,"25","CASP3"
4.41946683079095e-29,1.97533194811857,0.35,0.101,8.70325602987662e-25,"25","MT1F"
4.59637717796154e-29,1.47056346750819,0.606,0.261,9.05164557655967e-25,"25","ELOVL5"
5.81792950969319e-29,1.10847666934422,0.839,0.503,1.14572485834388e-24,"25","ARHGDIA"
6.59112075185137e-29,1.26045451193312,0.522,0.188,1.29798940966209e-24,"25","ETFA"
6.80925020633628e-29,1.46888984813726,0.722,0.414,1.3409456431338e-24,"25","SRSF2"
7.36805799871152e-29,1.74918440335158,0.406,0.129,1.45099166168626e-24,"25","CMC2"
7.87881174110898e-29,1.64875663837966,0.472,0.17,1.55157439617659e-24,"25","PSMC4"
1.01072161957313e-28,1.94605579195426,0.311,0.082,1.99041408542537e-24,"25","RUVBL1"
1.12951095840636e-28,1.33885571295081,0.572,0.223,2.22434593038965e-24,"25","SFXN1"
1.38960940520359e-28,0.992049074637915,0.911,0.63,2.73655780166742e-24,"25","UBL5"
1.97363916497993e-28,1.90537588586536,0.356,0.105,3.88668760759498e-24,"25","EEF1E1"
2.01794070155602e-28,0.888649264041853,0.95,0.812,3.97393062357427e-24,"25","LSP1"
2.12102165575118e-28,1.30720873191118,0.689,0.337,4.1769279466708e-24,"25","CAPZA1"
2.33214755205367e-28,1.16959942634263,0.794,0.436,4.5926981742593e-24,"25","CSK"
2.36134526527534e-28,1.84003319502717,0.378,0.116,4.65019723090674e-24,"25","LRRC59"
2.43154660700287e-28,1.43104981726747,0.594,0.257,4.78844473317075e-24,"25","ACTN4"
2.57463975722453e-28,1.12887553905844,0.811,0.49,5.07023807390227e-24,"25","XRCC6"
3.12389612424588e-28,1.70036971008951,0.4,0.126,6.1518886374774e-24,"25","MRPL18"
3.37589816718245e-28,2.18016174913228,0.256,0.06,6.6481562606324e-24,"25","UBR7"
3.45251431816509e-28,1.39529730740009,0.594,0.253,6.79903644676251e-24,"25","ARPC5L"
3.48045103105865e-28,1.1722412998752,0.833,0.558,6.8540522154638e-24,"25","SEPTIN6"
3.60894316491346e-28,1.31381281235254,0.661,0.299,7.10709177466408e-24,"25","ITGB7"
3.86737492985215e-28,1.87383812621336,0.372,0.114,7.61602144935784e-24,"25","UQCC2"
4.02489308988035e-28,1.85884982685566,0.333,0.094,7.92622196190137e-24,"25","COA6"
4.11606490915717e-28,2.04749823424883,0.261,0.062,8.10576662560321e-24,"25","SLF1"
5.01128203041076e-28,1.12490809701927,0.778,0.422,9.86871770248791e-24,"25","NDUFB4"
6.13978178238365e-28,1.19665119209514,0.717,0.343,1.20910722640481e-23,"25","NAP1L4"
6.44034083638475e-28,1.12280515921573,0.794,0.477,1.26829632090925e-23,"25","NDUFB8"
7.79445315477564e-28,1.38370921644187,0.589,0.249,1.53496165976997e-23,"25","SNRPB2"
7.99982394185174e-28,1.56184805200015,0.511,0.195,1.57540532886886e-23,"25","PSMC3"
8.35491144698464e-28,1.36065195774209,0.561,0.223,1.64533271125469e-23,"25","PSMD2"
8.51053637837754e-28,1.87658861608028,0.694,0.36,1.67597992899389e-23,"25","ARL6IP1"
8.85218997290712e-28,1.52222228463824,0.506,0.19,1.7432617713646e-23,"25","MRPL11"
9.11715128611796e-28,1.35572684789563,0.567,0.228,1.79544060277521e-23,"25","ETFB"
9.12007881464445e-28,1.64876341810499,0.333,0.093,1.79601712096793e-23,"25","CEP78"
9.70092210623253e-28,1.4630602121701,0.489,0.173,1.91040259038037e-23,"25","SAMD3"
1.01975715138917e-27,1.31441843056277,0.833,0.588,2.00820775823068e-23,"25","TPI1"
1.03076756667067e-27,1.11255741404914,0.817,0.48,2.02989056904455e-23,"25","PSMB10"
1.29809791711454e-27,0.907305862267087,0.906,0.645,2.55634422817366e-23,"25","MSN"
1.39334920324775e-27,1.61594673563247,0.439,0.15,2.7439225859558e-23,"25","NELFCD"
1.97928253927877e-27,2.09454452586258,0.261,0.063,3.89780110460169e-23,"25","MSH2"
3.08813245096847e-27,1.82938629697571,0.333,0.096,6.08145923569221e-23,"25","PAFAH1B3"
3.18060023460785e-27,2.01987843851228,0.267,0.066,6.26355604201324e-23,"25","EED"
5.26442453563079e-27,2.05668331041892,0.256,0.062,1.03672312380177e-22,"25","TMEM14A"
5.28940956189028e-27,1.56326713340028,0.422,0.141,1.04164342502305e-22,"25","PRPF38A"
6.00982564600133e-27,2.06385376045257,0.294,0.079,1.18351496446704e-22,"25","PCNT"
6.24343107608999e-27,1.02164191235756,0.844,0.474,1.2295188818144e-22,"25","SEC61B"
6.91214908022244e-27,1.83305475239397,0.461,0.173,1.36120951836821e-22,"25","SDF2L1"
7.44163217534119e-27,0.736508264294181,0.95,0.824,1.46548062428994e-22,"25","SRP14"
8.87517574279221e-27,1.30361656352971,0.633,0.289,1.74778835902807e-22,"25","SRI"
9.01476559004658e-27,1.27197512780471,0.567,0.226,1.77527778764787e-22,"25","DNAJC15"
9.54368209463429e-27,1.45233459906032,0.517,0.201,1.87943731489633e-22,"25","SEC13"
1.41544647865626e-26,1.15968088164747,0.711,0.348,2.78743875041776e-22,"25","CCT4"
1.42594131870146e-26,1.54036321969282,0.478,0.178,2.80810623891878e-22,"25","RABL6"
1.75038288712609e-26,1.74183580147527,0.344,0.102,3.44702901961741e-22,"25","TOR3A"
1.81862373235546e-26,1.2740276834485,0.644,0.295,3.58141571612762e-22,"25","EIF2S2"
1.92688206076933e-26,1.28992788404147,0.644,0.292,3.79460884227303e-22,"25","TXNL4A"
2.1747959770395e-26,0.902331540974183,0.894,0.671,4.28282571758388e-22,"25","NDUFA4"
2.44609274149034e-26,1.99369035647668,0.289,0.077,4.81709043581693e-22,"25","BTG3"
2.55421155007465e-26,0.760901019152105,0.933,0.734,5.030008805562e-22,"25","COX6B1"
2.59889479968137e-26,1.20201375647127,0.767,0.451,5.11800352901251e-22,"25","P4HB"
3.73447866932425e-26,1.94156762540055,0.3,0.083,7.35430884350024e-22,"25","MRPS14"
4.78455106912e-26,0.65096796253048,0.972,0.904,9.42221642041801e-22,"25","ATP5MG"
5.63020121656804e-26,1.22185221194549,0.633,0.285,1.10875552557874e-21,"25","SPN"
6.51106822477276e-26,1.63910496606234,0.394,0.13,1.2822246655045e-21,"25","SRPK1"
6.89550251399999e-26,1.22592263476481,0.706,0.348,1.35793131008202e-21,"25","NDUFA2"
7.50424809833036e-26,1.19585147730509,0.744,0.432,1.4778115780042e-21,"25","ATP5PF"
9.56309674479909e-26,1.3275669591999,0.606,0.275,1.88326064195328e-21,"25","SSNA1"
1.32849877850243e-25,1.4730817844953,0.506,0.202,2.61621264450484e-21,"25","MRPS15"
2.01407178510473e-25,1.06143699394746,0.761,0.411,3.96631156640675e-21,"25","UBE2I"
2.02647863273869e-25,1.24294621237704,0.722,0.392,3.99074437145231e-21,"25","NDUFA12"
2.59640305726058e-25,1.35618062493025,0.606,0.287,5.11309654066326e-21,"25","NDUFAB1"
2.87104870462651e-25,1.12002074283472,0.706,0.349,5.65395621402099e-21,"25","PSMC5"
4.07587430520549e-25,1.22637847152144,0.7,0.371,8.02661926924117e-21,"25","VCP"
4.15877822907473e-25,0.907659206026773,0.956,0.807,8.18988196651687e-21,"25","TLE5"
4.57298440019382e-25,1.71660750733424,0.339,0.103,9.00557817930168e-21,"25","POP4"
4.99962513681603e-25,1.17333733166693,0.722,0.375,9.8457617819318e-21,"25","DDOST"
5.02566605724352e-25,1.54798035349064,0.394,0.131,9.89704416652967e-21,"25","VBP1"
5.08056238690507e-25,1.22773265088896,0.667,0.327,1.00051515085322e-20,"25","RPN1"
6.87598359114913e-25,1.63646237177575,0.378,0.124,1.354087448605e-20,"25","MRPL47"
7.26718570107673e-25,1.05200913043752,0.856,0.61,1.43112688011304e-20,"25","LY6E"
9.03145005363115e-25,0.975563213802024,0.828,0.491,1.77856345906158e-20,"25","CD53"
9.64687848790276e-25,1.44900385775717,0.461,0.172,1.89975978062269e-20,"25","GET3"
9.65497585155716e-25,1.09925036790771,0.722,0.385,1.90135439444715e-20,"25","PSMA1"
9.8806094097203e-25,1.40579148485117,0.683,0.383,1.94578841105622e-20,"25","RPS27L"
1.14243324202e-24,1.65562877770292,0.367,0.119,2.24979378350999e-20,"25","BOLA3"
1.31411990736428e-24,0.725591240826536,0.95,0.736,2.58789633357248e-20,"25","HNRNPK"
1.72165752971346e-24,1.73946221820908,0.328,0.099,3.39046017326472e-20,"25","MRPL58"
1.99338118743434e-24,0.983121751960943,0.822,0.486,3.92556557241445e-20,"25","GDI2"
2.181246156667e-24,1.08868022249853,0.783,0.495,4.29552805632432e-20,"25","SERBP1"
2.36627496624184e-24,1.49901922861748,0.417,0.147,4.65990529102005e-20,"25","PHACTR2"
2.7500399499938e-24,1.84173805410491,0.306,0.089,5.4156536735228e-20,"25","EXOSC9"
2.95216285627205e-24,1.90965244532379,0.294,0.085,5.81369431285655e-20,"25","BATF"
2.95506143574612e-24,1.31266555008147,0.622,0.293,5.81940248541483e-20,"25","BUB3"
3.41027566969242e-24,1.57150062506775,0.389,0.132,6.71585587632528e-20,"25","TIPRL"
3.58640228197332e-24,1.32210811906062,0.5,0.195,7.06270201389007e-20,"25","IER3IP1"
3.76497692590618e-24,1.14065146948177,0.667,0.323,7.41436906018703e-20,"25","SF3B6"
4.19499440657473e-24,1.60453263812298,0.383,0.129,8.26120248486762e-20,"25","DLD"
4.2820547829458e-24,1.18380890306378,0.678,0.341,8.43265048405516e-20,"25","PPA1"
4.30210559071157e-24,1.75400448513357,0.294,0.084,8.47213653978829e-20,"25","SMC6"
4.63260726812893e-24,1.52980176304635,0.394,0.134,9.1229934931263e-20,"25","GYG1"
4.75774513366894e-24,1.3028822444434,0.628,0.315,9.36942749173423e-20,"25","SNRPA"
6.05626802659768e-24,1.82768425278373,0.317,0.096,1.19266086247788e-19,"25","EBNA1BP2"
6.64209353777754e-24,1.5948060921382,0.4,0.141,1.30802748039453e-19,"25","COPB2"
6.68821317235925e-24,1.31326509593741,0.672,0.372,1.31710982003271e-19,"25","C1QBP"
7.30290261970139e-24,1.30082350726282,0.55,0.237,1.4381606128978e-19,"25","SF3B4"
7.54646283527461e-24,1.03105128899817,0.883,0.66,1.48612492615063e-19,"25","UCP2"
7.66182296068104e-24,1.59072683859795,0.411,0.149,1.50884279564692e-19,"25","GLRX5"
8.24964472332962e-24,1.86481158355379,0.311,0.094,1.6246025353653e-19,"25","DDB2"
9.03405907432224e-24,1.09632823021601,0.728,0.387,1.77907725350628e-19,"25","NONO"
9.33816821247856e-24,1.18122022732883,0.7,0.372,1.8389654660834e-19,"25","MYO1G"
1.10353814516787e-23,1.65981944225675,0.389,0.135,2.17319766927909e-19,"25","MTA2"
1.14010170605998e-23,1.25320174125316,0.611,0.288,2.24520228974391e-19,"25","SNRPD3"
1.17481593076236e-23,0.935368401076638,0.817,0.531,2.31356501245032e-19,"25","NDUFS5"
1.37588279182181e-23,0.914971676000183,0.844,0.572,2.7095259819347e-19,"25","NDUFA1"
1.41602956018719e-23,1.54344917626212,0.389,0.133,2.78858701287663e-19,"25","ZCRB1"
1.69557754342536e-23,0.943371012913808,0.806,0.491,3.33910085626756e-19,"25","TRAPPC1"
1.86241602631008e-23,1.32706681476894,0.622,0.311,3.66765588061244e-19,"25","CCT6A"
2.52051933057516e-23,1.2914278005983,0.656,0.357,4.96365871770167e-19,"25","GPI"
2.54938402252137e-23,1.68993059769237,0.339,0.108,5.02050195555134e-19,"25","DPM2"
2.99297480429381e-23,1.54087101840345,0.411,0.15,5.8940652820958e-19,"25","GMPS"
3.50841362801688e-23,1.03099131648165,0.756,0.423,6.90911895765364e-19,"25","UQCRQ"
3.60629827666426e-23,1.95151943061076,0.25,0.066,7.10188319623492e-19,"25","CSE1L"
3.68562889947769e-23,1.27222252470849,0.656,0.349,7.25810899174141e-19,"25","RBBP4"
3.94911437410032e-23,1.89498250153717,0.261,0.071,7.77699093691577e-19,"25","BLMH"
4.53926363132851e-23,1.96589087783888,0.256,0.069,8.93917186917524e-19,"25","AP1S1"
5.40780856302893e-23,1.0722194233219,0.8,0.534,1.06495974031729e-18,"25","MZT2B"
5.91064062528463e-23,1.71332950444703,0.311,0.095,1.1639824583373e-18,"25","COMMD4"
6.05223121385747e-23,1.41225594233944,0.472,0.188,1.19186589294495e-18,"25","MPC2"
6.18419440050391e-23,1.5396060015022,0.394,0.14,1.21785340329124e-18,"25","FAM111A"
6.50878764325193e-23,0.622614413746919,0.961,0.825,1.2817755505856e-18,"25","RHOA"
7.55570595347642e-23,1.58517328716092,0.528,0.24,1.48794517341811e-18,"25","PRKDC"
9.07687355554191e-23,1.73836012721882,0.322,0.101,1.78750870929287e-18,"25","RUVBL2"
9.62256285694685e-23,0.623847114897283,0.983,0.87,1.89497130341854e-18,"25","HINT1"
9.71055686922768e-23,1.47710149674004,0.45,0.177,1.91229996425701e-18,"25","MRPL14"
1.05829553480293e-22,1.30602470511354,0.544,0.242,2.08410139668741e-18,"25","PFKL"
1.08534805336823e-22,1.47378051402074,0.422,0.156,2.13737592149806e-18,"25","PSMD11"
1.16713965469964e-22,1.59067098621255,0.378,0.132,2.298448122e-18,"25","MLEC"
1.16763474128734e-22,1.26326610755909,0.556,0.248,2.29942309601716e-18,"25","PIN1"
1.19710055912426e-22,1.30006392208325,0.567,0.261,2.3574501310834e-18,"25","MRPL52"
1.26350458894233e-22,1.34453989936151,0.522,0.226,2.48821958700413e-18,"25","UBA1"
1.27093111750521e-22,1.51867717882691,0.4,0.144,2.502844649703e-18,"25","ZNRD1"
1.32282733242012e-22,1.51427776859207,0.4,0.144,2.60504386573493e-18,"25","SF3B3"
1.45803960336889e-22,1.22582285608302,0.594,0.275,2.87131739091436e-18,"25","OSTC"
1.47312915427767e-22,1.40915943035999,0.417,0.152,2.90103324351902e-18,"25","DHX15"
1.4928737245739e-22,1.37116986433743,0.483,0.198,2.93991622580338e-18,"25","URM1"
1.67815822949536e-22,1.58029823123523,0.3,0.089,3.30479700134521e-18,"25","MCUR1"
1.79790078969496e-22,1.91952001414426,0.267,0.075,3.54060602514628e-18,"25","FH"
1.86427572495475e-22,1.41135825925013,0.439,0.167,3.67131818515338e-18,"25","RBM42"
1.86933715208762e-22,1.13107609859922,0.633,0.306,3.68128565360615e-18,"25","KPNB1"
1.94131556699743e-22,1.53598079433051,0.428,0.164,3.82303274608805e-18,"25","GBP4"
2.11815928358798e-22,1.22781207039523,0.567,0.258,4.1712910771698e-18,"25","SDHC"
2.17384514143434e-22,1.28690834582484,0.478,0.189,4.28095323702664e-18,"25","FIBP"
2.18815960948136e-22,1.41168449240054,0.483,0.2,4.30914271895164e-18,"25","UFD1"
2.34431481969149e-22,1.67467746215125,0.311,0.096,4.61665917441845e-18,"25","MRPS11"
2.41850808507466e-22,1.00420872692614,0.778,0.459,4.76276797193752e-18,"25","MCUB"
2.8192505486837e-22,1.42768187788321,0.472,0.192,5.55195010552281e-18,"25","LYAR"
3.11368110715797e-22,1.26212960357075,0.55,0.247,6.13177220432618e-18,"25","RER1"
3.15381278331722e-22,1.60836304632273,0.339,0.11,6.2108035141866e-18,"25","MYCBP"
3.69100105059664e-22,1.67583596233633,0.35,0.119,7.26868836893996e-18,"25","PYM1"
4.01856139310353e-22,0.956569788739794,0.761,0.438,7.91375295143878e-18,"25","BLOC1S1"
4.03116651106253e-22,1.07494923321232,0.628,0.292,7.93857621023544e-18,"25","NOP10"
4.31994278278435e-22,1.69351120206625,0.306,0.094,8.50726332213722e-18,"25","FAM160B1"
5.15062323906704e-22,0.887375525036951,0.828,0.491,1.01431223446947e-17,"25","CSNK2B"
5.19336160594405e-22,1.65014243014279,0.328,0.105,1.02272870105856e-17,"25","MRPL12"
5.80873569731554e-22,1.08859648817645,0.639,0.313,1.14391432087235e-17,"25","POLR2E"
5.94572108351749e-22,1.4496470361448,0.433,0.168,1.1708908529771e-17,"25","MRPL4"
6.42892904450288e-22,1.33124526009992,0.506,0.216,1.26604899673395e-17,"25","NDUFS2"
6.89302762838763e-22,1.58451146768335,0.339,0.111,1.35744393085838e-17,"25","COA4"
8.45182404431098e-22,0.889318729445164,0.833,0.544,1.66441770904616e-17,"25","UQCR10"
8.82892462570109e-22,0.892638487168917,0.828,0.554,1.73868012653932e-17,"25","NDUFB11"
8.8432326838202e-22,0.516463749797608,0.994,0.994,1.74149781242471e-17,"25","RPLP0"
1.35522879689268e-21,1.42899403021714,0.394,0.143,2.66885206972075e-17,"25","MRPS16"
1.43509849278629e-21,1.87467977015134,0.283,0.086,2.82613946184405e-17,"25","GART"
1.67166541853946e-21,1.22380318961943,0.494,0.203,3.29201070872977e-17,"25","RAD23B"
1.7685462988257e-21,1.04263036449852,0.722,0.416,3.48279822627744e-17,"25","UQCRFS1"
1.95705582086791e-21,1.47382415332032,0.389,0.141,3.85403002803518e-17,"25","WASHC3"
1.99766624615007e-21,1.36966563720432,0.583,0.28,3.93400413854334e-17,"25","CD5"
2.05305717926788e-21,1.42633355485143,0.411,0.154,4.04308550313223e-17,"25","TIMM8B"
2.26892888594885e-21,1.57478529472892,0.356,0.123,4.46820165509906e-17,"25","TPRKB"
2.27645985824982e-21,1.16733542183848,0.572,0.266,4.48303239885137e-17,"25","PPP2CA"
2.44295205478305e-21,0.717107349712132,0.511,0.204,4.81090548148427e-17,"25","HLA-DRB5"
2.4931261193744e-21,0.633306400042298,0.989,0.998,4.90971326688401e-17,"25","PTMA"
2.52748921975295e-21,1.6223418399727,0.344,0.117,4.97738452045948e-17,"25","CISD2"
2.67220494558878e-21,1.20662828864732,0.572,0.27,5.26237319934799e-17,"25","MRPL41"
3.19761802452076e-21,1.04178141649198,0.7,0.382,6.29706917568874e-17,"25","GHITM"
3.52337746188954e-21,0.722817974814346,0.961,0.736,6.93858723569908e-17,"25","LDHB"
3.67391334939562e-21,1.37507289227734,0.417,0.157,7.2350375589648e-17,"25","MRPS12"
4.21444118555346e-21,0.973571712681308,0.822,0.604,8.29949902671043e-17,"25","GNAI2"
4.29387439415795e-21,0.994254323767651,0.722,0.388,8.45592684441525e-17,"25","RNPS1"
4.6629267076547e-21,1.1199587196627,0.611,0.3,9.18270156538439e-17,"25","NDUFS8"
5.13014536094159e-21,0.92296912636669,0.894,0.689,1.01027952593023e-16,"25","MYH9"
6.24719376555442e-21,1.35085894134976,0.517,0.236,1.23025986825063e-16,"25","IMPDH2"
9.17603811030085e-21,1.56812699169424,0.317,0.103,1.80703718506155e-16,"25","FAM104A"
1.09621673771976e-20,0.943773768956438,0.75,0.454,2.15877962159152e-16,"25","PHB2"
1.30846022701644e-20,0.793255944457032,0.956,0.753,2.57675072506348e-16,"25","PTPRCAP"
1.42335408409332e-20,1.00043934375395,0.794,0.528,2.80301119780497e-16,"25","EIF5A"
1.70276626750305e-20,1.43808497877976,0.394,0.148,3.35325761059375e-16,"25","PFDN4"
1.71131877206171e-20,1.02811707081559,0.667,0.354,3.37010005782113e-16,"25","FAM49B"
1.72298786992593e-20,0.890374958445306,0.783,0.462,3.39308001224514e-16,"25","TCEA1"
1.75011374973504e-20,1.43003490689084,0.45,0.186,3.44649900735322e-16,"25","SUZ12"
1.85724713029683e-20,0.999535838898916,0.683,0.367,3.65747677369355e-16,"25","TECR"
1.97603626365252e-20,1.33357934749887,0.678,0.371,3.8914082140109e-16,"25","LGALS1"
2.17601262473753e-20,1.20702473188185,0.561,0.263,4.28522166189562e-16,"25","SSR3"
2.29317745789157e-20,1.44291363905832,0.389,0.146,4.51595436782587e-16,"25","FRG1"
2.29983362831685e-20,1.56486982586384,0.311,0.101,4.52906236424438e-16,"25","TMEM126A"
2.30660243871258e-20,1.10296403709502,0.622,0.326,4.54239218255669e-16,"25","UBE2L6"
2.7794242920799e-20,1.23388313264222,0.472,0.195,5.47352025839296e-16,"25","MRPS7"
3.11522196276432e-20,1.1145684891434,0.722,0.455,6.13480661127177e-16,"25","SFPQ"
3.16642854476665e-20,1.4294307772848,0.361,0.128,6.23564773320896e-16,"25","STIP1"
3.22629750364291e-20,1.07162202597923,0.606,0.294,6.35354767392398e-16,"25","OCIAD2"
3.32656976497719e-20,0.889343139165788,0.811,0.524,6.55101383816958e-16,"25","TMEM258"
3.43749332587606e-20,1.02325020112086,0.7,0.385,6.76945560664772e-16,"25","EIF4H"
3.45831207283059e-20,1.15752922877475,0.656,0.353,6.81045396502529e-16,"25","SPCS2"
3.52086654601971e-20,0.608954552176534,0.95,0.826,6.93364248907661e-16,"25","TPM3"
3.53553742401148e-20,1.21154441820801,0.589,0.298,6.9625338491058e-16,"25","SPCS3"
4.25511071193906e-20,1.37277878857699,0.406,0.155,8.37958952502159e-16,"25","HIKESHI"
4.52796599011953e-20,1.17027057157923,0.561,0.265,8.91692342434239e-16,"25","MAGOH"
4.6131309434325e-20,1.00287595620595,0.7,0.381,9.08463876690161e-16,"25","ANP32A"
4.73503619207994e-20,1.6644455395403,0.3,0.097,9.32470677306303e-16,"25","TIMM23"
4.76423325558054e-20,1.07714494829593,0.611,0.295,9.38220455021476e-16,"25","RHOF"
4.90325019693194e-20,1.21656226587567,0.589,0.295,9.65597061281806e-16,"25","RNF167"
5.00486673070432e-20,1.31183133582636,0.517,0.24,9.85608405277603e-16,"25","ADRM1"
5.69159450013829e-20,1.31210689014083,0.594,0.31,1.12084570491223e-15,"25","SPTAN1"
6.5633329902732e-20,1.0530972697971,0.656,0.349,1.2925171657745e-15,"25","CAPN2"
6.5929506696691e-20,1.28032208255912,0.406,0.154,1.29834977537794e-15,"25","RAB27A"
6.72419134620488e-20,1.47817787118225,0.317,0.105,1.32419500180813e-15,"25","PNP"
8.14114226218523e-20,1.07832844475953,0.667,0.373,1.60323514569214e-15,"25","SRSF9"
9.26587623556679e-20,1.07697244844674,0.672,0.372,1.82472900707017e-15,"25","HNRNPUL1"
1.04320155415393e-19,1.01272127467908,0.744,0.468,2.05437682059533e-15,"25","XRCC5"
1.10050662419923e-19,1.42531524783904,0.428,0.177,2.16722769503554e-15,"25","HSD17B10"
1.2048253365787e-19,1.16982017781708,0.561,0.265,2.37266253532444e-15,"25","SELENOT"
1.21165941998035e-19,1.26903532151708,0.472,0.201,2.3861208957673e-15,"25","RFC1"
1.50529892300199e-19,1.55703928010564,0.322,0.11,2.96438516906782e-15,"25","FARSA"
1.55148295781586e-19,1.37315143355927,0.4,0.155,3.05533538882677e-15,"25","LAGE3"
1.707226089256e-19,0.902642057869774,0.889,0.71,3.36204033757184e-15,"25","NME2"
1.7139364237525e-19,0.974410651881064,0.739,0.434,3.3752549992958e-15,"25","KHDRBS1"
1.79210362178568e-19,1.04858903087336,0.644,0.331,3.52918966238254e-15,"25","ENSA"
2.13875524041294e-19,1.05527873820843,0.806,0.568,4.21185069494521e-15,"25","PDIA3"
2.15973859861277e-19,0.967855969218971,0.583,0.27,4.25317322224813e-15,"25","RAB5IF"
2.18338349565468e-19,1.19152739025905,0.517,0.236,4.29973711799276e-15,"25","COX16"
2.29049376742844e-19,1.68045681323958,0.339,0.123,4.51066937619683e-15,"25","DNAJB11"
2.3113021097945e-19,1.32187575209843,0.472,0.207,4.5516472448183e-15,"25","SRP19"
2.53536846790428e-19,1.49195336953327,0.344,0.123,4.9929011238439e-15,"25","MRPS33"
2.56578260013585e-19,1.34481401182481,0.489,0.222,5.05279567444754e-15,"25","SEC11C"
2.62304429148482e-19,0.943810714396258,0.694,0.361,5.16556112322105e-15,"25","OSTF1"
2.63866031462769e-19,1.48395369005887,0.367,0.137,5.19631375759631e-15,"25","CSRP1"
2.65344586274427e-19,1.34951617708846,0.456,0.195,5.22543093750229e-15,"25","HTATSF1"
3.17073445256881e-19,1.39677858055947,0.378,0.143,6.24412735744375e-15,"25","HSPA4"
3.25321106922042e-19,1.18321405384915,0.594,0.315,6.40654855861578e-15,"25","BANF1"
3.69463373896312e-19,0.823265615982003,0.828,0.559,7.27584222214007e-15,"25","GUK1"
4.10198261410704e-19,1.55744239568329,0.261,0.078,8.07803436196099e-15,"25","NPDC1"
4.5300246279593e-19,1.26857640435667,0.533,0.256,8.92097749984025e-15,"25","SDHA"
4.57829670754512e-19,1.46965458377986,0.367,0.138,9.01603970616861e-15,"25","EIF2S1"
5.24362719656595e-19,1.11271703922773,0.533,0.247,1.03262750381973e-14,"25","POLR2G"
5.33099796279725e-19,1.24033678045297,0.494,0.221,1.04983342881366e-14,"25","ATP2A3"
5.45488635924358e-19,1.44202510824315,0.339,0.12,1.07423077072584e-14,"25","IBTK"
5.95382047685893e-19,1.21842946377568,0.689,0.406,1.17248586650783e-14,"25","CANX"
6.15506963548234e-19,1.14143470228791,0.55,0.266,1.21211786331554e-14,"25","NUTF2"
6.62125054017577e-19,1.60618372393814,0.256,0.077,1.30392286887681e-14,"25","SEPTIN11"
6.62960298529512e-19,0.977157974718108,0.689,0.399,1.30556771589417e-14,"25","TUFM"
6.9085300439543e-19,1.6104541178373,0.3,0.101,1.36049682155592e-14,"25","MRPS23"
7.60786453131009e-19,1.67543730627379,0.261,0.08,1.4982167621509e-14,"25","MRPL32"
7.65504929173058e-19,1.16411462258595,0.556,0.271,1.5075088570205e-14,"25","MRPL54"
8.53506204369183e-19,1.35797675863882,0.422,0.172,1.68080976826423e-14,"25","TMEM167A"
8.55414714939936e-19,1.14851923580788,0.5,0.223,1.68456819813122e-14,"25","CAPRIN1"
8.58495774479743e-19,0.850708874286696,0.861,0.651,1.69063572868296e-14,"25","HNRNPU"
8.95930521115566e-19,1.78304148578598,0.267,0.084,1.76435597523288e-14,"25","STK39"
1.11780748430415e-18,1.3822723377666,0.389,0.152,2.20129827884016e-14,"25","NUDCD2"
1.2132145112639e-18,0.784811205383958,0.822,0.604,2.38918333703199e-14,"25","PGK1"
1.26962062344581e-18,0.836948458111293,0.761,0.456,2.50026389375183e-14,"25","NEDD8"
1.35978344892748e-18,0.932742575542948,0.722,0.417,2.67782154597289e-14,"25","MICOS10"
1.48102094671913e-18,1.12549548624183,0.561,0.272,2.91657455037398e-14,"25","CYCS"
1.48345328558306e-18,1.10640818418041,0.494,0.217,2.92136455529872e-14,"25","FLII"
1.54497305841889e-18,1.10516227411554,0.6,0.314,3.04251544394432e-14,"25","SRSF4"
1.67812878909936e-18,1.25612128736136,0.456,0.196,3.30473902437336e-14,"25","BABAM1"
1.75715101293872e-18,1.11098266432262,0.667,0.383,3.46035748978022e-14,"25","TPR"
1.85522051742888e-18,1.47181871577774,0.328,0.116,3.65348576497268e-14,"25","BZW2"
2.117102592136e-18,0.612948652804565,0.939,0.777,4.16921013469343e-14,"25","SNRPD2"
2.1605107743911e-18,1.04251640369438,0.594,0.299,4.2546938680084e-14,"25","NAA38"
2.32718516888391e-18,1.26799867361165,0.456,0.197,4.58292575308308e-14,"25","PSMC1"
2.42632339271404e-18,1.38368086140918,0.406,0.164,4.77815865727177e-14,"25","ATIC"
2.49214979370912e-18,1.09763101203345,0.639,0.345,4.90779058875137e-14,"25","CD6"
2.49669708310768e-18,1.67829446159502,0.267,0.085,4.91674556576395e-14,"25","NCBP1"
2.6939941068813e-18,1.06936121348159,0.661,0.391,5.30528259468135e-14,"25","HNRNPL"
2.74630829611539e-18,0.869836983358864,0.728,0.42,5.40830492754003e-14,"25","TMEM50A"
2.81143710888562e-18,1.26780640011589,0.422,0.174,5.53656309852845e-14,"25","MRPS36"
2.81510544563191e-18,1.17634585584506,0.567,0.282,5.54378715408292e-14,"25","CLEC2D"
3.2897430141619e-18,1.36971940791456,0.383,0.151,6.47849091778903e-14,"25","PSMD3"
3.3431627725455e-18,0.964312483139939,0.733,0.443,6.58369044797386e-14,"25","HNRNPM"
3.86668722588335e-18,1.53063323933497,0.394,0.165,7.61466715393208e-14,"25","MT1X"
3.93787467338439e-18,1.17099074401639,0.5,0.229,7.75485659429587e-14,"25","PSMD6"
4.41263804156657e-18,1.30665648307688,0.45,0.199,8.68980809525706e-14,"25","AKR1B1"
4.91237746069377e-18,1.26414300738808,0.433,0.184,9.67394493334425e-14,"25","NDUFS3"
4.9374368565779e-18,1.44687888595575,0.578,0.338,9.72329440165885e-14,"25","CD27"
5.42686177603259e-18,1.44174970592468,0.383,0.154,1.0687118895541e-13,"25","GARS"
5.45837764871308e-18,0.766247889533494,0.828,0.551,1.07491831036107e-13,"25","NDUFA11"
6.12953972662918e-18,1.17538255745989,0.489,0.222,1.20709025836509e-13,"25","KXD1"
6.64134889660205e-18,1.66314805636058,0.272,0.089,1.30788083820784e-13,"25","DCPS"
7.30894823619469e-18,0.799193628204157,0.828,0.552,1.43935117615382e-13,"25","PTGES3"
7.68043704056863e-18,0.999728707446179,0.606,0.314,1.51250846639918e-13,"25","TOMM22"
8.62158305219585e-18,1.25104224672686,0.467,0.21,1.69784835046893e-13,"25","SRRT"
8.9135085635992e-18,1.44548569041118,0.344,0.13,1.75533724142959e-13,"25","PANK2"
9.30228215124754e-18,1.32756521658834,0.389,0.156,1.83189842404518e-13,"25","ELAVL1"
9.61931368535562e-18,1.44935695325003,0.339,0.126,1.89433144405708e-13,"25","PHF5A"
9.87695382274807e-18,1.33675033410253,0.533,0.292,1.94506851631378e-13,"25","SIVA1"
1.05788207934912e-17,1.18676534608856,0.467,0.207,2.08328717886223e-13,"25","DDB1"
1.09300330939872e-17,1.27442421900452,0.45,0.202,2.1524514171989e-13,"25","PCMT1"
1.09482366675845e-17,1.36982695534768,0.344,0.128,2.15603624694742e-13,"25","DERL2"
1.38739959132309e-17,1.26357971755386,0.483,0.224,2.73220601519257e-13,"25","LPXN"
1.46610021926931e-17,1.31038499427576,0.389,0.157,2.88719116180706e-13,"25","IMMT"
1.56663630973812e-17,1.05399462991852,0.606,0.319,3.08517688476727e-13,"25","PPP2R5C"
1.70104431755634e-17,1.45522182562716,0.311,0.11,3.3498665745637e-13,"25","MRPS27"
1.72477985347765e-17,1.23403895966853,0.45,0.198,3.39660896545353e-13,"25","TMCO1"
1.79541084935085e-17,1.0935707188456,0.556,0.276,3.53570258562662e-13,"25","FDFT1"
1.80153528461914e-17,1.61487458234444,0.294,0.103,3.54776343600047e-13,"25","RANBP9"
1.83689683026775e-17,1.60830932886846,0.267,0.087,3.61740092784629e-13,"25","RPP30"
1.89655224020515e-17,1.60586908568579,0.3,0.106,3.734880326636e-13,"25","TRAP1"
1.97391748916198e-17,1.10434245828099,0.55,0.276,3.88723571140669e-13,"25","UQCRC2"
2.09177930395008e-17,1.53684930933628,0.333,0.125,4.1193409832689e-13,"25","MAD2L2"
2.11042282989014e-17,0.81338566680116,0.833,0.645,4.15605567890265e-13,"25","TMBIM6"
2.59906258052368e-17,1.33906479685067,0.578,0.314,5.11833393982529e-13,"25","HSPE1"
2.73043455637824e-17,1.51589466466623,0.444,0.205,5.37704477187566e-13,"25","GBP5"
2.77746004806305e-17,1.20457584825885,0.494,0.237,5.46965207265056e-13,"25","SNRPA1"
2.80414639398919e-17,1.05480830339102,0.561,0.282,5.52220549368291e-13,"25","REEP5"
2.97423705318965e-17,1.06804052788139,0.594,0.327,5.85716502884638e-13,"25","CCT7"
3.06720056557851e-17,1.36682641223521,0.383,0.155,6.04023807379376e-13,"25","CISD3"
3.15882765125272e-17,1.14749851906675,0.567,0.298,6.22067929361198e-13,"25","TOMM5"
3.17067927095995e-17,1.71995314694673,0.256,0.083,6.24401868830143e-13,"25","VRK1"
3.24402119087745e-17,0.938754374203029,0.65,0.351,6.38845093119496e-13,"25","OTUB1"
3.59894381724965e-17,1.23269048864049,0.417,0.175,7.08740005930974e-13,"25","POLR2K"
3.81841946798729e-17,1.50860821812444,0.311,0.113,7.51961345830737e-13,"25","CRELD2"
3.99880089960126e-17,1.46616195377659,0.317,0.115,7.87483861158476e-13,"25","USP39"
5.58229465011725e-17,1.57620736979812,0.289,0.101,1.09932128544759e-12,"25","VPS25"
5.73656625125969e-17,0.877006739843076,0.744,0.456,1.12970199186057e-12,"25","LSM7"
5.8249262420566e-17,0.682031809943456,0.878,0.597,1.14710272484821e-12,"25","UBE2D2"
6.45828210003831e-17,1.25028682296289,0.45,0.206,1.27182949396054e-12,"25","CEP57"
6.73578018530159e-17,1.30995671500279,0.394,0.164,1.32647719189144e-12,"25","CS"
7.39124144131548e-17,1.08168665041794,0.511,0.244,1.45555717703826e-12,"25","CCNDBP1"
8.00111367664741e-17,1.01900065786212,0.656,0.401,1.57565931634217e-12,"25","PA2G4"
8.21894974090413e-17,0.981141960134581,0.622,0.346,1.61855777247625e-12,"25","RBM8A"
9.40079269162716e-17,1.15741456807091,0.439,0.191,1.85129810476214e-12,"25","GNAI3"
9.95900241153136e-17,1.06348499265631,0.522,0.254,1.96122634490287e-12,"25","G3BP1"
1.10591502951522e-16,1.17428124673515,0.417,0.176,2.17787846762433e-12,"25","CHCHD3"
1.15751615130634e-16,0.844648280212238,0.761,0.487,2.27949655676758e-12,"25","NDUFB2"
1.38183700773595e-16,1.21343082519878,0.456,0.208,2.7212516193344e-12,"25","SLIRP"
1.47742234958119e-16,0.777137001635148,0.767,0.468,2.90948783303023e-12,"25","GNB2"
1.57078199457234e-16,1.51469919208827,0.306,0.112,3.09334098191131e-12,"25","TSEN15"
1.59012725395479e-16,1.18223062382845,0.461,0.21,3.13143760121316e-12,"25","BRD7"
1.80132556788674e-16,1.55022621856506,0.3,0.109,3.54735044083937e-12,"25","MCMBP"
1.84734231925178e-16,1.1373703448905,0.55,0.288,3.63797122930252e-12,"25","RBM17"
1.8675337407731e-16,0.87859839004642,0.622,0.319,3.67773419570446e-12,"25","NDUFS7"
1.89051617977434e-16,1.22614112435114,0.389,0.16,3.72299351282961e-12,"25","GUSB"
1.98006508818684e-16,1.42470500929298,0.3,0.108,3.89934217816635e-12,"25","SUCLA2"
2.26919981095749e-16,1.49140491347929,0.278,0.096,4.46873518771859e-12,"25","DDX19B"
2.53948368454752e-16,1.1126795417933,0.461,0.208,5.00100521997943e-12,"25","TXNL1"
2.68509166404175e-16,1.18782262240949,0.683,0.469,5.28775101399743e-12,"25","ITGA4"
2.92802141773231e-16,1.33222500603244,0.35,0.138,5.76615257794023e-12,"25","PSMD1"
3.20717195036096e-16,1.16610631017442,0.383,0.158,6.31588372184583e-12,"25","CD8B"
3.53723419851151e-16,0.606970280639237,0.806,0.483,6.96587530712873e-12,"25","FKBP1A"
3.54807447731243e-16,0.510595502732089,0.75,0.411,6.98722306817136e-12,"25","TALDO1"
3.80957265274358e-16,1.24675723693571,0.394,0.169,7.50219142504794e-12,"25","HIGD1A"
3.85994255489099e-16,1.5960970991564,0.267,0.092,7.60138487334683e-12,"25","AAGAB"
3.89818173748852e-16,1.08906333227593,0.5,0.242,7.67668929563615e-12,"25","COX17"
4.36545099354295e-16,0.65255415298592,0.894,0.709,8.59688264158413e-12,"25","RBM3"
4.58311329334662e-16,1.07686752337549,0.522,0.264,9.0255250085875e-12,"25","SDHD"
4.77899210246527e-16,1.31705721588436,0.339,0.132,9.41126914738486e-12,"25","POLDIP2"
4.80041377164351e-16,1.27109286812747,0.472,0.228,9.45345484049757e-12,"25","CLINT1"
5.1917863395586e-16,1.36153098118098,0.344,0.136,1.02241848384928e-11,"25","LSM1"
6.20375825837872e-16,0.829754541336839,0.739,0.44,1.22170611382252e-11,"25","SEC61G"
6.74722680858397e-16,1.07788653935979,0.494,0.238,1.32873137541444e-11,"25","CIAO2A"
7.01888390535397e-16,1.1147733901567,0.456,0.209,1.38222880748136e-11,"25","RNASEH2C"
7.13017474941437e-16,0.986895713350528,0.578,0.315,1.40414531340217e-11,"25","ACP1"
7.54799893555285e-16,0.832890014164742,0.689,0.395,1.48642743037842e-11,"25","BSG"
7.5573251170376e-16,0.635070006531275,0.844,0.628,1.48826403529822e-11,"25","PKM"
8.12523781182832e-16,0.779062679011784,0.811,0.55,1.60010308228335e-11,"25","LRRFIP1"
8.15674726034773e-16,1.19480048860989,0.489,0.246,1.60630823798028e-11,"25","HNRNPUL2"
8.36010229282654e-16,1.46937305484134,0.328,0.129,1.64635494452633e-11,"25","ZDHHC12"
8.36355251613796e-16,1.34015306199043,0.339,0.133,1.64703439700305e-11,"25","ACTR1A"
8.53853273313563e-16,1.48502554366689,0.283,0.101,1.6814932511364e-11,"25","POLR2H"
8.72543561694545e-16,1.24580818724704,0.394,0.17,1.71830003604507e-11,"25","UBL7"
9.508855246845e-16,0.835466200789746,0.7,0.416,1.87257886376119e-11,"25","SNU13"
9.94199057937848e-16,0.920146959078136,0.606,0.322,1.957876204797e-11,"25","ECH1"
9.94288102334161e-16,1.53293855438629,0.328,0.13,1.95805155992666e-11,"25","MANF"
9.96501066191428e-16,1.15228117315194,0.45,0.208,1.96240954965078e-11,"25","PSMD9"
1.03185595539986e-15,1.21734312379725,0.556,0.303,2.03203393296894e-11,"25","STAT1"
1.11605458618193e-15,1.34322663196984,0.383,0.165,2.19784629656808e-11,"25","XPO1"
1.15425592511048e-15,1.06868099829921,0.639,0.406,2.27307619332007e-11,"25","SRSF10"
1.18675950671053e-15,1.24250288476729,0.45,0.214,2.33708549656504e-11,"25","ISG15"
1.2089695714047e-15,1.08328742458084,0.506,0.25,2.38082377696728e-11,"25","NAA10"
1.21849267880911e-15,1.43460763668066,0.3,0.111,2.39957763237877e-11,"25","ELP5"
1.22633480895941e-15,1.02962380206574,0.517,0.26,2.41502113928377e-11,"25","STK24"
1.29716785687424e-15,1.17607710296403,0.456,0.215,2.55451266054244e-11,"25","U2AF2"
1.36068934688914e-15,1.06486782278659,0.472,0.22,2.67960553082878e-11,"25","PPP1R7"
1.38443152612829e-15,1.09348800736265,0.472,0.223,2.72636100440444e-11,"25","DNAJA1"
1.39316732493047e-15,0.89774364803293,0.728,0.461,2.74356441298558e-11,"25","SELPLG"
1.46245470951081e-15,0.53708237796943,0.983,0.881,2.88001205943964e-11,"25","NPM1"
1.48789476434024e-15,1.35501110122126,0.344,0.139,2.93011115941523e-11,"25","SPPL2A"
1.53796357970641e-15,0.944240788151404,0.6,0.332,3.02871167751584e-11,"25","TBCB"
1.57778810552523e-15,1.37501307497583,0.339,0.137,3.10713811621083e-11,"25","CD320"
1.71481773302722e-15,1.20620147157653,0.389,0.166,3.37699056165051e-11,"25","C1D"
1.90982079074527e-15,0.838466756902315,0.728,0.462,3.76101008321466e-11,"25","EID1"
1.95210369216407e-15,1.24498370327059,0.356,0.144,3.84427780097871e-11,"25","RAB37"
2.07377378236792e-15,0.810332524614986,0.772,0.52,4.08388270961714e-11,"25","ATP5MD"
2.21136073635708e-15,1.04568009598779,0.511,0.253,4.35483269810801e-11,"25","IQGAP2"
2.23003875348742e-15,2.17089702036302,0.444,0.244,4.39161531724278e-11,"25","AQP3"
2.27450883665559e-15,1.54767713406707,0.261,0.091,4.47919025202585e-11,"25","TXNDC9"
2.42660367303426e-15,0.928145897452944,0.694,0.435,4.77871061330637e-11,"25","FAM107B"
2.44580722414285e-15,1.1779147577207,0.394,0.17,4.81652816650451e-11,"25","EMC7"
2.46511918828827e-15,1.45789142948612,0.3,0.113,4.85455921749609e-11,"25","TIMM10"
2.59360530174738e-15,1.18426228928818,0.417,0.186,5.10758692073112e-11,"25","SNF8"
3.37841398626822e-15,1.11650297264664,0.439,0.201,6.65311066315801e-11,"25","MPG"
3.99203536149937e-15,1.39331272812413,0.389,0.176,7.86151523740071e-11,"25","TACC3"
4.24079239440146e-15,1.24098545403388,0.394,0.174,8.35139246229479e-11,"25","APEH"
4.79328136751668e-15,1.01881892934481,0.55,0.294,9.43940899705061e-11,"25","PSMD4"
4.83042569043461e-15,0.737115355415434,0.656,0.358,9.51255731217287e-11,"25","AP2S1"
5.34568141573856e-15,1.34175514530578,0.489,0.259,1.05272504120139e-10,"25","DENND2D"
5.44087977149285e-15,0.676618129378657,0.867,0.671,1.07147245340009e-10,"25","SEPTIN9"
6.07261659175438e-15,1.10776486821271,0.439,0.203,1.19588038541419e-10,"25","SS18L2"
6.30545875851927e-15,1.14549851088946,0.422,0.193,1.2417339933152e-10,"25","SNW1"
6.42333635053685e-15,1.37863770777952,0.65,0.428,1.26494762751122e-10,"25","HSPA5"
6.57016376796625e-15,1.18861876746419,0.356,0.147,1.29386235082559e-10,"25","YIF1B"
7.19484181551724e-15,0.701861129903598,0.756,0.487,1.41688019872981e-10,"25","ZYX"
7.20043387974092e-15,1.01691259573447,0.611,0.343,1.41798144393738e-10,"25","SYNE2"
7.2572551233444e-15,1.18532264095483,0.4,0.177,1.42917125144021e-10,"25","TMEM183A"
7.55768930556106e-15,1.49516115248045,0.261,0.092,1.48833575494414e-10,"25","ACOT8"
8.94066650211563e-15,1.04956797042944,0.478,0.233,1.76068545426163e-10,"25","EMC4"
9.35254743003715e-15,1.4008860481194,0.411,0.193,1.84179716539722e-10,"25","PDIA4"
9.45385481319935e-15,1.43753845544562,0.333,0.138,1.86174762836335e-10,"25","PRPF19"
9.65419314875958e-15,0.78998781778467,0.711,0.436,1.90120025678522e-10,"25","TRMT112"
9.99638294535969e-15,1.21669686640277,0.406,0.185,1.96858769342968e-10,"25","RPA2"
1.06209115538628e-14,1.36921669508422,0.35,0.148,2.0915761123022e-10,"25","DERL1"
1.10357364650756e-14,1.24385622504846,0.361,0.153,2.17326758206734e-10,"25","MRPS18C"
1.11753791860606e-14,1.22344790588561,0.383,0.168,2.20076742311092e-10,"25","DNPH1"
1.14161776953495e-14,0.864396601076642,0.661,0.39,2.24818787354517e-10,"25","BIN1"
1.16391137849659e-14,1.27738070658308,0.339,0.139,2.29209067767334e-10,"25","USP14"
1.41130785201641e-14,1.09630035019903,0.461,0.224,2.77928855297593e-10,"25","THOC7"
1.51437804318374e-14,1.41396566264193,0.278,0.102,2.98226468044174e-10,"25","TCOF1"
1.55816908524854e-14,1.33229166733597,0.322,0.129,3.06850237957995e-10,"25","ACLY"
1.76592848628406e-14,0.62422348741697,0.867,0.643,3.47764296803921e-10,"25","UBE2D3"
1.80675162135568e-14,1.01187258762771,0.456,0.217,3.55803596793574e-10,"25","H2AFJ"
1.8393868725131e-14,0.801058301715942,0.706,0.447,3.62230456804004e-10,"25","TBCA"
1.84654491411055e-14,1.39739700735765,0.289,0.109,3.63640089935791e-10,"25","PFDN6"
1.85853488857216e-14,0.873763309920676,0.583,0.313,3.66001275606515e-10,"25","SF3A2"
2.07116462922774e-14,0.97972480187679,0.544,0.286,4.07874450433818e-10,"25","PTBP1"
2.22821249808944e-14,1.39263259060417,0.328,0.136,4.38801887248752e-10,"25","AHSA1"
2.28654032655045e-14,1.13833308663181,0.478,0.244,4.50288386507581e-10,"25","CHMP2A"
2.45580528806597e-14,1.11541466352646,0.4,0.179,4.83621735378831e-10,"25","TRAPPC2L"
2.6512462403592e-14,1.44048676883713,0.267,0.097,5.22109922113937e-10,"25","POLR2D"
2.67931998613595e-14,1.38061436255557,0.278,0.103,5.27638484869752e-10,"25","PDS5B"
2.73647147945044e-14,0.968282974137085,0.511,0.261,5.38893328448176e-10,"25","GTF2A2"
2.92388296724973e-14,0.584140927700844,0.961,0.71,5.7580027274049e-10,"25","CD3E"
3.15659902697138e-14,0.875203934184066,0.611,0.363,6.21629046381474e-10,"25","SEC11A"
3.40017459921011e-14,1.17711608512573,0.344,0.142,6.69596383822446e-10,"25","ABCF1"
3.67128162343081e-14,0.698950282193409,0.928,0.798,7.22985490102229e-10,"25","S100A4"
4.3182810894684e-14,1.34083047248051,0.306,0.121,8.50399094949011e-10,"25","CLPTM1L"
4.38980567186829e-14,0.864223868048173,0.583,0.314,8.64484430961022e-10,"25","NDUFV1"
4.55244572709667e-14,1.45363973714586,0.267,0.098,8.96513137037148e-10,"25","TRNAU1AP"
4.82601185942119e-14,1.01903232004577,0.561,0.327,9.50386515475814e-10,"25","CCT3"
4.92932455763714e-14,1.13882356517627,0.406,0.186,9.70731885135481e-10,"25","SDHB"
4.93729048053715e-14,1.01533702953183,0.528,0.282,9.72300614332182e-10,"25","MRPS24"
5.15918967963606e-14,1.32958236840469,0.494,0.283,1.01599922361073e-09,"25","CORO1B"
5.21768766997364e-14,1.21228159345465,0.35,0.148,1.02751923284791e-09,"25","FKBP3"
5.89909655446526e-14,1.34471536692004,0.278,0.104,1.16170908447084e-09,"25","PFKP"
6.75696141795737e-14,0.947992505302051,0.544,0.292,1.33064841203834e-09,"25","MRPS34"
6.76302327324729e-14,1.32465618589989,0.289,0.111,1.33184217320059e-09,"25","USB1"
7.03257315353691e-14,1.04138580919203,0.55,0.31,1.38492463112602e-09,"25","DEF6"
7.17576346004904e-14,1.02050913338118,0.5,0.261,1.41312309818746e-09,"25","UBA2"
7.53283505471296e-14,1.06215318514642,0.417,0.192,1.48344120732462e-09,"25","CCAR1"
7.98759457172903e-14,1.09705970492548,0.411,0.191,1.5729969990106e-09,"25","SP140"
8.20836262694122e-14,0.942833702744539,0.522,0.271,1.61647285212353e-09,"25","SSBP4"
8.8439336482019e-14,1.34284283272117,0.339,0.146,1.7416358533404e-09,"25","ATP2B4"
8.93726391905626e-14,1.22284239603257,0.406,0.19,1.76001538357975e-09,"25","LMAN1"
9.15326743232509e-14,0.963409296668404,0.533,0.279,1.80255295544778e-09,"25","SLTM"
9.60755302336508e-14,1.45028447229097,0.289,0.113,1.89201541689128e-09,"25","DKC1"
1.00430571210375e-13,1.05317613125204,0.439,0.211,1.97777923884592e-09,"25","TEX264"
1.03519131734794e-13,1.25038086150642,0.333,0.139,2.03860226125329e-09,"25","NOP56"
1.0738853531812e-13,1.23186035164717,0.356,0.154,2.11480242601973e-09,"25","DAXX"
1.21624137898584e-13,1.24178144078675,0.311,0.125,2.39514414763682e-09,"25","ZDHHC3"
1.32247533476398e-13,0.991054259518339,0.511,0.267,2.6043506767507e-09,"25","TAP2"
1.37808815768033e-13,0.612836105518584,0.856,0.667,2.71386900891988e-09,"25","COX5B"
1.51215195970076e-13,1.17212305936867,0.389,0.179,2.97788085423871e-09,"25","PPIH"
1.54884116687054e-13,1.27797474594154,0.294,0.116,3.05013290991815e-09,"25","NNT"
1.71194466213026e-13,1.22230090822559,0.356,0.156,3.37133262313311e-09,"25","PMF1"
1.83743646135888e-13,1.14827247611762,0.361,0.158,3.61846362335404e-09,"25","RTCB"
2.07152125809996e-13,1.04143850823532,0.433,0.208,4.07944681357624e-09,"25","LYPLA1"
2.105750737904e-13,0.820603564986183,0.611,0.347,4.14685492815435e-09,"25","PPP2R1A"
2.19954620231496e-13,1.08683700748039,0.45,0.228,4.33156633621886e-09,"25","CLPP"
2.33738828295154e-13,1.03299065316414,0.439,0.213,4.60301874561647e-09,"25","LAMTOR2"
2.52159362304702e-13,0.583049602116634,0.889,0.7,4.96577432186649e-09,"25","ELOB"
2.71627507976546e-13,1.17936891983044,0.333,0.141,5.34916051458212e-09,"25","ISY1"
2.75600683748508e-13,1.03299065316414,0.45,0.224,5.42740426505937e-09,"25","DCTN2"
3.03119139086705e-13,1.22793060487788,0.322,0.135,5.96932520603449e-09,"25","NMI"
3.13366232428379e-13,1.2293446514507,0.361,0.161,6.17112121521207e-09,"25","CTCF"
3.14005606757183e-13,1.28490927667649,0.339,0.148,6.1837124138692e-09,"25","MRPL9"
3.34299567220364e-13,1.30899326771614,0.311,0.129,6.58336137727062e-09,"25","SRP54"
3.44579956845609e-13,0.754821007656814,0.889,0.721,6.78581309016059e-09,"25","NCL"
3.64369385554347e-13,1.15400657270757,0.339,0.145,7.17552630972176e-09,"25","HCFC1R1"
3.83979490480129e-13,0.982486700867412,0.589,0.362,7.56170810602519e-09,"25","RPN2"
4.00646708136548e-13,0.943805693809709,0.583,0.335,7.88993562333303e-09,"25","NDUFC1"
4.03902953148174e-13,1.23086019008359,0.333,0.143,7.95406085634699e-09,"25","PWP1"
4.45549378728103e-13,1.01001692149535,0.45,0.222,8.77420391529254e-09,"25","VOPP1"
4.53861156887509e-13,1.26882650145796,0.322,0.137,8.93788776258572e-09,"25","IPO5"
4.54697871779324e-13,0.540312373941349,0.433,0.206,8.95436518895023e-09,"25","ILK"
5.36197652639559e-13,0.653626958739156,0.733,0.443,1.05593403734308e-08,"25","RHOG"
5.75864460419248e-13,1.09665230429823,0.378,0.172,1.13404988190363e-08,"25","COMMD3"
5.88060623022377e-13,0.865548683422464,0.617,0.354,1.15806778491797e-08,"25","HNRNPH3"
7.56333213853181e-13,1.15497126350974,0.344,0.151,1.48944699804107e-08,"25","DNAJC1"
7.75981881578633e-13,1.19277772283343,0.333,0.144,1.5281411193928e-08,"25","CYB561D2"
8.36401240346213e-13,1.06258421278924,0.406,0.192,1.6471249626138e-08,"25","CCDC124"
8.58891511466991e-13,1.38598443836924,0.261,0.1,1.69141505353195e-08,"25","ELAC2"
8.65486572694467e-13,1.15604353255327,0.372,0.171,1.70440270760721e-08,"25","HDAC2"
9.23014149870153e-13,1.02992349982139,0.461,0.239,1.81769176533929e-08,"25","PPP6C"
1.07859901263803e-12,1.43046978105868,0.25,0.094,2.12408503558807e-08,"25","ORMDL2"
1.10585627795335e-12,0.722864566383834,0.711,0.458,2.17776276817353e-08,"25","DAD1"
1.19757361778266e-12,1.16347954880053,0.378,0.177,2.35838172549938e-08,"25","MRPL3"
1.22005054152602e-12,1.32123939330538,0.278,0.111,2.40264553142718e-08,"25","IARS"
1.22725988923382e-12,0.801869411390094,0.583,0.328,2.41684289986816e-08,"25","GNG2"
1.2462650188054e-12,1.2281670844965,0.339,0.15,2.45426970153347e-08,"25","EIF2B1"
1.25269864165403e-12,1.0851584790294,0.35,0.154,2.46693943500928e-08,"25","GLO1"
1.35775094732282e-12,0.834878425250595,0.583,0.326,2.67381894056282e-08,"25","WTAP"
1.44948605973951e-12,0.96085719998906,0.567,0.33,2.85447289744502e-08,"25","TAF15"
1.46646676158499e-12,0.750282452523358,0.661,0.402,2.88791299358931e-08,"25","UFC1"
1.48638386765451e-12,1.39800662224555,0.289,0.119,2.92713575057203e-08,"25","DBF4"
1.53915682520048e-12,0.970784947709788,0.511,0.284,3.03106153586731e-08,"25","DSTN"
1.55878478755697e-12,0.568370438034418,0.839,0.641,3.06971488213594e-08,"25","UQCRH"
1.59667716729795e-12,0.917187506753596,0.478,0.246,3.14433634555986e-08,"25","EIF5B"
1.63539856476772e-12,1.38878009318007,0.272,0.108,3.22059039359707e-08,"25","CCDC47"
1.74118665602098e-12,1.0438176836485,0.417,0.205,3.42891888170211e-08,"25","IKZF3"
1.88127002167405e-12,0.559106656562842,0.878,0.748,3.70478505368271e-08,"25","MYL12B"
1.92638314061467e-12,0.692091901650059,0.75,0.522,3.79362631881248e-08,"25","BRK1"
1.92853507145464e-12,1.37267460498167,0.261,0.102,3.79786411621563e-08,"25","ALG5"
2.12807818182485e-12,0.959568362555186,0.483,0.259,4.19082436346767e-08,"25","MBD2"
2.19696875445346e-12,0.8691638288911,0.533,0.286,4.32649056814521e-08,"25","TMED9"
2.38081040480546e-12,1.08209016940142,0.367,0.168,4.6885299301834e-08,"25","EMC6"
2.52527676176155e-12,1.061352696382,0.428,0.214,4.97302752693702e-08,"25","METAP2"
2.62564824963278e-12,1.09309143408623,0.406,0.198,5.17068909800183e-08,"25","SYNCRIP"
2.67426847785173e-12,1.29856797554885,0.356,0.168,5.26643691343342e-08,"25","SYNC"
2.86057269294278e-12,1.25803643370778,0.294,0.123,5.63332580421222e-08,"25","FAM136A"
3.06439706326132e-12,1.17131132741674,0.339,0.152,6.03471713668052e-08,"25","FDX1"
3.0710331780698e-12,0.931428540532802,0.472,0.247,6.04778563757287e-08,"25","PMPCB"
3.09127473702067e-12,0.754296441851609,0.628,0.376,6.0876473396148e-08,"25","NDUFB7"
3.115917704011e-12,1.25936827205768,0.306,0.13,6.13617673450885e-08,"25","EXOSC8"
3.16514177450456e-12,0.989536970323646,0.461,0.24,6.23311369653183e-08,"25","TRIM28"
3.26121766453772e-12,0.97325494448928,0.444,0.226,6.42231594677413e-08,"25","PSMB4"
3.43859705987919e-12,1.14242577199717,0.506,0.285,6.77162919002008e-08,"25","SLFN5"
3.53786921811618e-12,1.01602688132468,0.594,0.372,6.96712585123618e-08,"25","BAX"
3.95508515565698e-12,1.18949513884413,0.306,0.129,7.78874919703529e-08,"25","PSPC1"
4.62084259826515e-12,0.758561135580163,0.644,0.395,9.09982532876356e-08,"25","BZW1"
5.06063958024854e-12,1.02727513396859,0.439,0.225,9.96591752538346e-08,"25","CPSF6"
5.08874245283488e-12,0.948002401782501,0.672,0.478,1.00212605123677e-07,"25","SRSF7"
5.14188551968858e-12,0.921516780616859,0.439,0.218,1.01259151539227e-07,"25","MIEN1"
5.28840829595561e-12,1.2629585704061,0.278,0.113,1.04144624572254e-07,"25","GTF2E2"
5.46561969561468e-12,1.22171170281684,0.3,0.127,1.0763444866574e-07,"25","ZC3H18"
5.68075180285879e-12,0.991459430644875,0.378,0.176,1.11871045253698e-07,"25","DR1"
5.86160424212947e-12,1.35968181350713,0.272,0.111,1.15432572340256e-07,"25","PCID2"
6.15307008090537e-12,0.579123618846496,0.939,0.868,1.21172409103269e-07,"25","LIMD2"
6.2946529552914e-12,0.864001897889894,0.461,0.236,1.23960600648553e-07,"25","ATG3"
6.36303609347763e-12,1.47800023219404,0.256,0.101,1.25307269788855e-07,"25","IKBKE"
6.40355451034996e-12,1.14131160533417,0.289,0.119,1.26105198972322e-07,"25","SNAP29"
6.66398059523478e-12,1.27223556985207,0.3,0.129,1.31233769861958e-07,"25","PDCL3"
7.02120000356587e-12,0.671442944980814,0.739,0.477,1.38268491670223e-07,"25","CSTB"
7.3338856415341e-12,0.916898676692624,0.494,0.267,1.44426209938731e-07,"25","SH3BP1"
9.75195326394127e-12,0.572087055451678,0.906,0.776,1.92045215626795e-07,"25","EMP3"
9.92384828618387e-12,0.914926507198637,0.417,0.205,1.95430344299819e-07,"25","TOP1"
1.06482074868666e-11,1.09779530470732,0.278,0.113,2.09695150038864e-07,"25","OAS1"
1.11211335691477e-11,1.10053546705223,0.383,0.188,2.19008483377226e-07,"25","ASXL1"
1.25523144353098e-11,0.997413723749653,0.406,0.201,2.47192728174555e-07,"25","ARHGEF6"
1.26400731416057e-11,0.744436253993399,0.672,0.427,2.48920960377641e-07,"25","TBC1D10C"
1.3442297289576e-11,1.14368730546674,0.333,0.151,2.6471916052362e-07,"25","HBS1L"
1.54476331096911e-11,0.62049989396902,0.761,0.517,3.04210238829146e-07,"25","ATP5MPL"
1.77334144515222e-11,1.06353494711839,0.378,0.184,3.49224130793827e-07,"25","INTS11"
1.82885349985672e-11,1.36737686411479,0.25,0.1,3.60156119726784e-07,"25","NTAN1"
2.29418848116808e-11,0.699949949781115,0.722,0.485,4.5179453759643e-07,"25","WIPF1"
2.31470307005595e-11,0.882201552158357,0.489,0.27,4.55834475586118e-07,"25","SMARCE1"
2.32305933710108e-11,1.23921337260693,0.267,0.109,4.57480075255315e-07,"25","CCAR2"
2.38902470257655e-11,1.03591187542634,0.367,0.175,4.704706346784e-07,"25","ZBTB8OS"
2.49375824642039e-11,1.28762261800224,0.256,0.103,4.91095811467568e-07,"25","PDHA1"
2.54303224791984e-11,1.1604078702687,0.3,0.13,5.00799340582854e-07,"25","COA3"
2.54401828194365e-11,0.537795116367085,0.839,0.58,5.00993520263163e-07,"25","SEPTIN7"
2.72497504212584e-11,1.13992343623759,0.311,0.138,5.36629335045842e-07,"25","SAMM50"
2.74872734820932e-11,0.954798498032544,0.478,0.26,5.41306876682862e-07,"25","TSPAN14"
2.80186260704078e-11,0.847452858570548,0.544,0.307,5.51770803204541e-07,"25","DOK2"
2.95461415269715e-11,0.736107632492668,0.633,0.399,5.81852165090649e-07,"25","ZNF207"
3.07586361460445e-11,1.16992500144231,0.289,0.123,6.05729821624055e-07,"25","MCRS1"
3.30065170721741e-11,1.07756896107223,0.411,0.214,6.49997340702326e-07,"25","NUP210"
3.38873683080562e-11,1.42871743811182,0.278,0.119,6.67343944090552e-07,"25","GZMH"
3.50201092356596e-11,1.2532498233413,0.256,0.103,6.89651011177844e-07,"25","ALDH16A1"
3.54672494256331e-11,1.18655033195087,0.278,0.117,6.98456542938993e-07,"25","LCMT1"
3.80355401230171e-11,1.14390920195331,0.322,0.147,7.49033891642576e-07,"25","AGGF1"
3.92381866881373e-11,0.926829115169195,0.422,0.215,7.72717610449487e-07,"25","TRAT1"
4.07170550118137e-11,1.20545271274711,0.267,0.11,8.01840964347647e-07,"25","ACSL5"
4.12336800055837e-11,0.692841056250637,0.483,0.262,8.12014860349959e-07,"25","RAB11A"
4.13706245343938e-11,1.01510117249433,0.383,0.189,8.14711708955817e-07,"25","PIH1D1"
4.19546034804314e-11,0.896641227803547,0.478,0.262,8.26212006340135e-07,"25","NUDC"
4.68891753370406e-11,0.747551494689266,0.722,0.48,9.2338852991234e-07,"25","TRBC2"
4.69118061357583e-11,0.694718734419858,0.639,0.397,9.23834198231487e-07,"25","SF3B5"
4.9634358244447e-11,1.17258175590779,0.278,0.117,9.77449416907896e-07,"25","BTBD1"
4.99334569268303e-11,1.18174286311995,0.289,0.125,9.83339567260069e-07,"25","ZFP91"
5.01470574641466e-11,0.573123837681019,0.822,0.65,9.87546002641439e-07,"25","ATP5F1D"
5.08478114913138e-11,1.15890681901071,0.311,0.14,1.00134595169844e-06,"25","CAND1"
5.16873857575882e-11,0.856382578909783,0.494,0.279,1.01787968772418e-06,"25","TM9SF2"
5.17905405828646e-11,0.890391478302817,0.406,0.199,1.01991111569835e-06,"25","PTRHD1"
5.28878778420178e-11,1.27662839255132,0.267,0.112,1.04152097834286e-06,"25","CHMP1A"
5.30909454511316e-11,1.14270556885035,0.306,0.136,1.04551998876913e-06,"25","HCFC1"
5.44118478652834e-11,1.06974702847731,0.35,0.165,1.07153252001103e-06,"25","USP48"
5.69057918485236e-11,0.937247780014442,0.422,0.218,1.12064575887298e-06,"25","TXN2"
5.69287115385557e-11,1.09166688874818,0.322,0.147,1.12109711632878e-06,"25","HARS"
5.8229001752972e-11,0.847411753417385,0.483,0.262,1.14670373152128e-06,"25","LAMTOR5"
7.00905969428712e-11,1.1477264888925,0.306,0.137,1.38029412559596e-06,"25","PDHB"
7.04612038893762e-11,0.885404899077108,0.506,0.289,1.38759248819349e-06,"25","SCP2"
7.43147680317566e-11,1.17783629707943,0.294,0.13,1.46348072684938e-06,"25","WDR61"
7.58855030062594e-11,0.946740216767856,0.383,0.188,1.49441321070227e-06,"25","COPB1"
7.88231727096834e-11,0.61315981547568,0.761,0.558,1.5522647401718e-06,"25","SOD1"
8.0237805204539e-11,1.22801707146711,0.267,0.112,1.58012309789299e-06,"25","SIGMAR1"
8.06865667373205e-11,0.889225925086543,0.55,0.338,1.58896055875805e-06,"25","NDUFB1"
8.19308914964331e-11,0.969859262231635,0.417,0.217,1.61346504623926e-06,"25","COPZ1"
8.55411113938203e-11,0.886903007859023,0.428,0.221,1.6845611066785e-06,"25","PLEKHJ1"
9.46407744401829e-11,1.11324960800279,0.306,0.137,1.86376077105052e-06,"25","NUP50"
9.92020978611079e-11,0.777823446375211,0.517,0.293,1.9535869131788e-06,"25","PPP1R12A"
1.01680162679122e-10,1.02571712173697,0.428,0.227,2.00238744363995e-06,"25","TMEM109"
1.05091174568291e-10,1.16671122379648,0.311,0.143,2.06956050077335e-06,"25","NFYC"
1.06799591011626e-10,0.886139149993192,0.411,0.21,2.10320434579196e-06,"25","THOC3"
1.07599804392295e-10,0.757557108630786,0.617,0.382,2.11896294789746e-06,"25","FNBP1"
1.10729975447808e-10,0.60742773626681,0.411,0.216,2.18060540649368e-06,"25","ODC1"
1.11075717608366e-10,0.969080366948127,0.361,0.174,2.18741410686155e-06,"25","RAB8B"
1.13962180258267e-10,0.998827015466805,0.411,0.214,2.24425721582605e-06,"25","NSMCE1"
1.18388053925899e-10,1.11840209158807,0.311,0.142,2.33141594596273e-06,"25","RALA"
1.33257748501662e-10,0.807731494226113,0.578,0.361,2.62424484124322e-06,"25","THRAP3"
1.40941633766595e-10,0.822741486466574,0.583,0.372,2.77556359376555e-06,"25","M6PR"
1.41421354543143e-10,1.15148074262749,0.544,0.364,2.78501073501811e-06,"25","CD81"
1.41888590266609e-10,1.04414375327151,0.367,0.182,2.79421200812033e-06,"25","GPS1"
1.44366861604646e-10,1.01503545386896,0.383,0.195,2.84301660558029e-06,"25","RASGRP1"
1.55690194795504e-10,0.784161493908096,0.528,0.309,3.06600700610786e-06,"25","CORO7"
1.82841986876194e-10,1.16094925010635,0.339,0.166,3.60070724755289e-06,"25","NOLC1"
1.87363312828603e-10,0.841426613452906,0.478,0.267,3.68974571953368e-06,"25","RNF126"
1.90970273055371e-10,1.21316609140547,0.272,0.118,3.76077758727942e-06,"25","MRPL36"
1.9443386736121e-10,0.940585319308945,0.411,0.214,3.8289861499443e-06,"25","GSDMD"
1.94788492631131e-10,1.01728196080655,0.383,0.197,3.83596978538486e-06,"25","POLE3"
2.06334362532821e-10,1.03476674046737,0.367,0.184,4.06334260135884e-06,"25","MESD"
2.11130489551062e-10,1.09309681842387,0.611,0.44,4.15779273072905e-06,"25","ISG20"
2.17030885517174e-10,0.876436577079019,0.444,0.238,4.2739892284897e-06,"25","HMOX2"
2.23689530103972e-10,1.22529586027198,0.261,0.111,4.40511791633752e-06,"25","PPID"
2.36575388469898e-10,0.813103262074093,0.578,0.365,4.6588791251377e-06,"25","CLEC2B"
2.4765655507224e-10,1.20679727196124,0.267,0.115,4.87710053903763e-06,"25","IL10RB"
2.51443468331607e-10,0.697820164008713,0.617,0.388,4.95167622185435e-06,"25","SSBP1"
2.52436344113486e-10,0.987360892083863,0.422,0.23,4.97122892462688e-06,"25","AATF"
2.55236175791774e-10,0.855340741623511,0.439,0.236,5.0263660098674e-06,"25","PPP6R1"
2.7984952296363e-10,0.845618071123125,0.483,0.271,5.51107665572276e-06,"25","SRP72"
2.92833886148252e-10,0.974189299547956,0.45,0.247,5.76677771991753e-06,"25","RORA"
2.97681501959422e-10,0.656649997792253,0.7,0.519,5.8622418180869e-06,"25","PLAAT4"
2.98870579563676e-10,0.779800654624291,0.539,0.32,5.88565832334747e-06,"25","ZNF706"
3.01109630829727e-10,0.90996595672176,0.378,0.188,5.92975195992981e-06,"25","UPF3A"
3.05214521791737e-10,0.791171407465705,0.517,0.301,6.01058957764469e-06,"25","CIAO2B"
3.09455776882651e-10,0.886457441479226,0.494,0.287,6.09411261415004e-06,"25","DCXR"
3.2141560777675e-10,0.838831500543519,0.433,0.229,6.32963756394753e-06,"25","PTDSS1"
3.32380757571243e-10,1.01436978918641,0.322,0.151,6.54557425885048e-06,"25","UBE2V2"
3.36425021209886e-10,1.1788005380479,0.306,0.142,6.62521794268629e-06,"25","ITPA"
3.4000082631395e-10,1.1226883681473,0.3,0.137,6.69563627260062e-06,"25","FAM192A"
3.43149221143393e-10,1.01885787126003,0.4,0.215,6.75763761197684e-06,"25","AP1M1"
3.68298650594324e-10,1.00095156470056,0.356,0.176,7.25290532615402e-06,"25","DCAF11"
3.81861345086281e-10,0.62429402739168,0.706,0.478,7.51999546878414e-06,"25","POLR2L"
3.83464658263369e-10,0.9223243149903,0.389,0.199,7.55156951518053e-06,"25","STARD7"
3.95243126606947e-10,1.21532641407301,0.267,0.117,7.78352289227061e-06,"25","SLAMF6"
3.99696050818962e-10,0.917393348075533,0.378,0.19,7.87121432877782e-06,"25","SMC5"
4.09541120582804e-10,0.926360549333281,0.344,0.167,8.06509328763715e-06,"25","LAP3"
4.19915425708499e-10,1.08442289800041,0.3,0.137,8.26939447847747e-06,"25","PRPS1"
4.28068876089865e-10,1.0650821618859,0.356,0.179,8.42996037683771e-06,"25","CHCHD5"
4.5434014575476e-10,1.1724822441974,0.261,0.112,8.94732049034848e-06,"25","SRP68"
4.66815177196418e-10,0.965096160896788,0.35,0.17,9.19299128452906e-06,"25","RRP1B"
4.88253546900831e-10,0.869243875938778,0.461,0.26,9.61517709911806e-06,"25","PUF60"
5.26905672941326e-10,0.934082238336539,0.4,0.21,1.03763534172335e-05,"25","FUBP1"
5.28778532299274e-10,0.583631231846307,0.756,0.531,1.04132356365696e-05,"25","ANXA11"
5.29178691296534e-10,1.0788471069209,0.311,0.146,1.04211159677026e-05,"25","RRP7A"
5.32655818339906e-10,1.18681176746174,0.25,0.106,1.04895910305678e-05,"25","MRPS10"
5.80865893735444e-10,0.914505222336074,0.417,0.223,1.14389920453321e-05,"25","CNIH1"
5.97366311242972e-10,1.19289679735879,0.294,0.138,1.17639347673079e-05,"25","GPRIN3"
6.31203907636495e-10,0.744835589934908,0.567,0.342,1.24302985530855e-05,"25","EMB"
6.388229214589e-10,0.55983404719289,0.767,0.522,1.25803397922901e-05,"25","SF3B2"
6.93919009440747e-10,0.632377871219836,0.606,0.365,1.36653470529166e-05,"25","LSM14A"
7.86069815061682e-10,1.07531621498083,0.3,0.14,1.54800728680097e-05,"25","PRKCQ"
7.90362842718373e-10,0.77297267408659,0.522,0.312,1.55646154616529e-05,"25","DIAPH1"
8.172254481557e-10,0.730984840271922,0.644,0.431,1.60936207505302e-05,"25","APBB1IP"
8.47416477389667e-10,0.542875720116422,0.661,0.403,1.66881726892347e-05,"25","ZAP70"
8.60393755388199e-10,1.00961867090612,0.322,0.154,1.69437342248598e-05,"25","PIN4"
8.70975160798539e-10,0.862151156908576,0.478,0.279,1.71521138416056e-05,"25","PRPF40A"
9.0431142367706e-10,1.1967622463748,0.261,0.115,1.78086048664723e-05,"25","POLD2"
9.15415192473578e-10,0.69923958523662,0.711,0.505,1.80272713853822e-05,"25","GYPC"
9.68270428042707e-10,0.987973292507481,0.356,0.178,1.9068149539445e-05,"25","TIMM17B"
9.86106504490329e-10,1.02800389202024,0.311,0.147,1.9419395392928e-05,"25","ERO1A"
1.0124254697446e-09,0.810206410782554,0.506,0.3,1.99376947756803e-05,"25","MRPL57"
1.09431640377677e-09,1.05602634998546,0.306,0.144,2.15503729395758e-05,"25","MCTS1"
1.14304953362504e-09,0.915487674581996,0.411,0.223,2.25100744656779e-05,"25","NDUFB5"
1.14672030187245e-09,1.15512847977327,0.294,0.138,2.25823629047742e-05,"25","ITGAE"
1.22429188559279e-09,1.07945635943203,0.322,0.158,2.41099801029789e-05,"25","COX20"
1.28945651898502e-09,0.77492988266532,0.544,0.333,2.53932672283719e-05,"25","STK17A"
1.35032350880642e-09,0.574461784235162,0.7,0.472,2.65919208589248e-05,"25","WDR83OS"
1.35314857394973e-09,1.06655624285074,0.289,0.133,2.6647554866792e-05,"25","NUP58"
1.4195206756838e-09,1.08110136688338,0.3,0.142,2.7954620666241e-05,"25","TNIK"
1.47300014821663e-09,0.956834382053857,0.333,0.163,2.90077919188302e-05,"25","ILKAP"
1.52869200529869e-09,0.727584357871897,0.561,0.35,3.0104531660347e-05,"25","CDV3"
1.71116549575754e-09,0.901912977646777,0.383,0.201,3.36979821079532e-05,"25","MAPRE1"
1.75579128791351e-09,0.79855236604159,0.422,0.226,3.45767978328807e-05,"25","RNF10"
1.78071179918828e-09,0.852999626337827,0.461,0.265,3.50675574614147e-05,"25","TMEM160"
1.87922275283008e-09,1.1273263177577,0.306,0.148,3.70075336714828e-05,"25","RHEB"
1.94930447453409e-09,0.855633818034123,0.5,0.304,3.83876530169998e-05,"25","NHP2"
2.02174011860882e-09,0.660795603208192,0.628,0.397,3.98141281557635e-05,"25","ARHGAP30"
2.21725029471077e-09,0.605735385204634,0.617,0.382,4.36643100537391e-05,"25","SKAP1"
2.22639970760941e-09,0.587021525604973,0.667,0.425,4.38444894419521e-05,"25","RBMX"
2.23118512258116e-09,0.641387533505833,0.861,0.804,4.39387286189907e-05,"25","MIF"
2.44947563908413e-09,0.672219445634551,0.417,0.223,4.82375237604838e-05,"25","EIF2AK1"
2.59255829849642e-09,1.10903176477816,0.339,0.174,5.10552505722899e-05,"25","CUL3"
2.62290211685475e-09,1.00055575948318,0.328,0.163,5.16528113872206e-05,"25","RAP1GDS1"
2.65054750096023e-09,1.02198937858272,0.317,0.155,5.21972319364098e-05,"25","PSMC6"
2.68442678803357e-09,1.14673210506461,0.283,0.133,5.28644167367451e-05,"25","RBM14"
2.83784876230557e-09,1.15459246846298,0.289,0.137,5.58857556760835e-05,"25","PSMD12"
2.83914798019418e-09,0.89426191062219,0.4,0.217,5.5911341173964e-05,"25","NDUFA10"
2.97635641367532e-09,0.949277436886694,0.372,0.197,5.86133868545081e-05,"25","SURF4"
3.12361935027466e-09,0.665423306464128,0.561,0.342,6.1513435864959e-05,"25","COPS9"
3.2053360832604e-09,0.95023406383053,0.306,0.145,6.31226834876471e-05,"25","CCDC25"
3.21317030109889e-09,1.03893546226875,0.289,0.135,6.32769627395404e-05,"25","TMED3"
3.53332950678403e-09,1.01334969950128,0.339,0.172,6.95818579770979e-05,"25","CD82"
3.78371732824195e-09,0.799299638849556,0.4,0.214,7.45127453450687e-05,"25","PDCD10"
3.85258501239117e-09,0.578077070778432,0.722,0.495,7.58689566490194e-05,"25","WAS"
3.91333311761843e-09,0.789022267321829,0.422,0.229,7.70652690852597e-05,"25","DNAJC7"
4.32900078242903e-09,0.759247742979267,0.489,0.286,8.52510124083749e-05,"25","TMEM256"
4.45315681068256e-09,0.868231596022364,0.511,0.321,8.76960170727716e-05,"25","MACF1"
4.5664204603195e-09,0.977581235311949,0.361,0.19,8.99265181250719e-05,"25","MCRIP1"
4.9177205177795e-09,0.959471117337492,0.333,0.168,9.68446701566318e-05,"25","SMIM7"
5.14441840952005e-09,0.646957785699815,0.589,0.373,0.000101309031738678,"25","VDAC2"
5.26566745924915e-09,0.968093919910735,0.372,0.2,0.000103696789274993,"25","MIS18BP1"
5.33907264581925e-09,0.971061341213183,0.306,0.148,0.000105142357614119,"25","INPP5K"
5.37436720874703e-09,0.759316460634197,0.5,0.301,0.000105837413441855,"25","DYNLRB1"
5.57920514513845e-09,1.00375442276326,0.311,0.153,0.000109871286923212,"25","SRA1"
5.64970973964974e-09,0.831021846252459,0.378,0.2,0.000111259733902922,"25","ATP2B1"
6.11885711327146e-09,1.22689373586912,0.256,0.117,0.000120498653131655,"25","PSMC2"
6.32109164776276e-09,0.625292546885849,0.906,0.79,0.000124481257819392,"25","MT-ND6"
6.32332622873472e-09,0.9774028111224,0.311,0.153,0.000124525263422473,"25","REXO2"
6.43669180297108e-09,1.05956568073639,0.267,0.122,0.000126757771675909,"25","FAF1"
6.49345772168577e-09,0.88881672356857,0.339,0.171,0.000127875662913158,"25","TCERG1"
6.55385681427827e-09,0.750742143075088,0.489,0.289,0.000129065102243582,"25","HSPA9"
6.56542395734092e-09,1.13740662769568,0.256,0.116,0.000129292893991915,"25","NOP14"
7.00324671967445e-09,0.623332345251717,0.689,0.507,0.000137914937650549,"25","ACTR2"
7.64447016718815e-09,0.843305864058491,0.433,0.249,0.000150542551002436,"25","PAFAH1B1"
7.64835681908173e-09,0.898735387201498,0.422,0.24,0.000150619090838176,"25","TMX4"
7.65088414915192e-09,0.68109086625061,0.611,0.399,0.000150668861549249,"25","UBXN4"
7.9372881019645e-09,0.985030057348911,0.372,0.201,0.000156309014591987,"25","SMARCB1"
8.43861940153652e-09,0.92974646482039,0.394,0.221,0.000166181731874459,"25","BUD31"
8.61954923465068e-09,0.853058166581739,0.428,0.244,0.000169744783077976,"25","PDAP1"
8.85574378466366e-09,0.81156703829876,0.461,0.273,0.000174396162351381,"25","NOP58"
8.95486813566873e-09,0.851543145079113,0.383,0.203,0.000176348218195724,"25","ADSS"
9.48375104149524e-09,0.846087316546319,0.372,0.197,0.000186763509260166,"25","CLTC"
1.00033933020758e-08,0.943294370120015,0.333,0.171,0.000196996824297778,"25","PSENEN"
1.0051093168498e-08,1.0107385704381,0.294,0.143,0.000197936177767231,"25","COPS8"
1.12563261337414e-08,0.751042095295061,0.489,0.296,0.00022167083055177,"25","SCAMP2"
1.16559537076475e-08,1.14492958641069,0.256,0.118,0.000229540696364703,"25","NOA1"
1.20511564967902e-08,0.60790493769525,0.544,0.331,0.00023732342489129,"25","ANAPC5"
1.25025833882829e-08,0.734959163238486,0.45,0.263,0.000246213374665456,"25","VAMP5"
1.30905578220125e-08,1.0823154344152,0.267,0.125,0.000257792355188892,"25","OAS2"
1.31612787294162e-08,1.02051338362103,0.272,0.128,0.000259185062018394,"25","TMEM208"
1.32002812378037e-08,0.948019686678419,0.394,0.225,0.000259953138416068,"25","SRSF1"
1.32552908652366e-08,0.864014092272425,0.367,0.195,0.000261036443009105,"25","SNX1"
1.34973232073124e-08,0.910390247111898,0.356,0.188,0.000265802785921603,"25","ATP6V0E2"
1.37115324691036e-08,0.930976214132832,0.4,0.23,0.000270021208914057,"25","PHB"
1.4200233244485e-08,0.9197769776748,0.383,0.212,0.000279645193283643,"25","MEA1"
1.45096954341853e-08,0.868456650738272,0.367,0.196,0.000285739432185411,"25","PFDN1"
1.46597871160563e-08,1.01302729153505,0.272,0.129,0.000288695187676497,"25","PTPN22"
1.47309965876133e-08,0.840527791204418,0.372,0.199,0.000290097515799869,"25","FIP1L1"
1.48742047485683e-08,0.796687086902035,0.417,0.234,0.000292917714113555,"25","OLA1"
1.50162528428195e-08,0.963371995718896,0.311,0.156,0.000295715067233645,"25","IAH1"
1.55710041361647e-08,0.775476029693415,0.433,0.249,0.000306639784453492,"25","CTBP1"
1.56271210590152e-08,0.714973088012764,0.4,0.219,0.000307744895015186,"25","CAPN1"
1.59386126808846e-08,0.798386129948934,0.433,0.249,0.000313879099524661,"25","PDCD2"
1.60717093062606e-08,1.03959172281789,0.261,0.121,0.000316500171368189,"25","RIF1"
1.61521057202525e-08,1.04895394418291,0.678,0.559,0.000318083417948933,"25","HSP90B1"
1.62441381836849e-08,1.10189086383642,0.289,0.143,0.000319895813251306,"25","ALDH9A1"
1.62815318087901e-08,0.870661850379636,0.367,0.196,0.000320632205910503,"25","PHPT1"
1.68284594651519e-08,0.979191294683446,0.278,0.132,0.000331402852247236,"25","MTFP1"
1.81205900978315e-08,0.689437656017671,0.506,0.309,0.000356848780796595,"25","XRN2"
1.93631114805874e-08,0.561867641942086,0.728,0.535,0.000381317754387207,"25","EIF4G2"
1.95026774100717e-08,1.01680899772476,0.289,0.142,0.000384066226236542,"25","UCHL5"
2.03779564985207e-08,0.977871713261415,0.339,0.179,0.000401303097325368,"25","GOLGB1"
2.05049589084501e-08,0.783979219400315,0.456,0.268,0.000403804155784107,"25","CPNE1"
2.08329942980225e-08,0.728830974176387,0.5,0.31,0.000410264156710956,"25","MAP2K2"
2.16621257582031e-08,0.874257690441121,0.344,0.18,0.000426592242556294,"25","BCL7B"
2.30974939711154e-08,0.591104684009342,0.656,0.459,0.000454858948773177,"25","GIMAP7"
2.4418537116978e-08,0.827487194468111,0.394,0.219,0.000480874251444648,"25","EIF3B"
2.45492020354281e-08,0.542674943852695,0.706,0.505,0.000483447435683686,"25","RCSD1"
2.5583167147547e-08,0.879210246998396,0.367,0.2,0.000503809310636644,"25","FAM120A"
2.5956810878656e-08,0.827803680096135,0.367,0.197,0.000511167476633373,"25","EIF4E2"
2.79637721452645e-08,0.845199230928316,0.389,0.217,0.000550690564856693,"25","TACC1"
2.89943116427853e-08,0.613702763218519,0.539,0.336,0.000570984979181372,"25","DBNL"
2.94141903055679e-08,1.01340512062726,0.261,0.123,0.000579253649687548,"25","TAF12"
3.0317252098104e-08,0.933543528267,0.317,0.162,0.000597037645567962,"25","APOL6"
3.69454346147488e-08,0.948474194890385,0.283,0.138,0.000727566443868248,"25","ARPP19"
3.72604388520947e-08,0.956383046201314,0.356,0.194,0.0007337698223143,"25","CBLB"
3.74558153359147e-08,0.506198568967966,0.861,0.694,0.000737617371410167,"25","GSTK1"
3.83924578077215e-08,0.784723088902796,0.45,0.267,0.00075606267160746,"25","ERAP2"
3.94817923476809e-08,0.788088078437937,0.461,0.276,0.00077751493670288,"25","WNK1"
4.16361772402025e-08,0.504187758694565,0.45,0.259,0.000819941238391308,"25","GSTO1"
4.22836345286456e-08,1.05888306142665,0.283,0.142,0.000832691614772619,"25","TRANK1"
4.26473939236916e-08,1.06141486898082,0.25,0.117,0.000839855128539259,"25","CDC27"
4.35005080836516e-08,0.740414042223228,0.483,0.3,0.00085665550569135,"25","POLR2J"
4.6321821825101e-08,1.0380073856585,0.278,0.137,0.000912215637201715,"25","NOB1"
4.63666839268719e-08,0.690807851426149,0.511,0.322,0.000913099106571889,"25","DNAJC8"
4.76358619977048e-08,0.693852180632542,0.467,0.279,0.0009380930303208,"25","ZNHIT1"
4.78860406255944e-08,0.771202509543324,0.428,0.251,0.000943019798039831,"25","HPS1"
4.83596572718142e-08,1.12532124244913,0.25,0.119,0.000952346730653837,"25","SLC20A1"
5.0096051661978e-08,0.7367062572005,0.439,0.256,0.000986541545379332,"25","LUC7L2"
5.28922465929481e-08,1.71170406063492,0.306,0.178,0.00104160701215493,"25","CD8A"
5.34959478574159e-08,1.15503355469694,0.256,0.123,0.00105349570115609,"25","MRPL44"
5.35691116503449e-08,0.86977932039018,0.322,0.167,0.00105493651573024,"25","YIPF3"
5.63782445684489e-08,1.24985063091576,0.283,0.144,0.00111025677028646,"25","MXD4"
5.72909784406355e-08,0.843035256362745,0.456,0.28,0.00112823123843143,"25","PDCD6"
6.05305488836186e-08,0.632012560456833,0.583,0.39,0.0011920280991651,"25","POLR1D"
6.44065390730023e-08,0.908326804285104,0.333,0.178,0.00126835797396463,"25","THEMIS"
6.46602904884076e-08,1.14572569801498,0.361,0.212,0.00127335510058821,"25","SRM"
6.80471205723941e-08,0.955528775592907,0.389,0.224,0.00134005194543216,"25","TMEM173"
7.03865199729841e-08,0.888354644171091,0.344,0.187,0.00138612173782798,"25","HDDC2"
7.13014291728854e-08,0.625751658127362,0.533,0.332,0.00140413904470163,"25","PLSCR3"
7.87881291101662e-08,1.03877300575815,0.256,0.123,0.0015515746265665,"25","GTF2H5"
8.52660391975823e-08,1.07899951760999,0.256,0.123,0.00167914410991799,"25","GIMAP6"
8.67052973579756e-08,0.882844032526087,0.361,0.202,0.00170748742087061,"25","COPS5"
8.95825280025663e-08,0.871761605260147,0.322,0.169,0.00176414872395454,"25","SCAMP3"
8.98333351081181e-08,0.736984974158024,0.644,0.464,0.00176908786828417,"25","H1FX"
9.31364034170032e-08,0.893490389022245,0.35,0.189,0.00183413519249104,"25","SEC61A1"
9.53716490291049e-08,0.693011031042695,0.45,0.266,0.00187815388433016,"25","FBXO7"
9.53990241296825e-08,0.809777752845006,0.339,0.181,0.00187869298218584,"25","ADI1"
9.75013894874772e-08,0.801011973883148,0.333,0.176,0.00192009486317689,"25","THYN1"
1.00179732012697e-07,0.649788919252626,0.478,0.291,0.00197283946252605,"25","SNRNP70"
1.02242564165092e-07,0.786948583748486,0.4,0.231,0.00201346281610316,"25","PDS5A"
1.04161889497989e-07,0.601503128899281,0.506,0.311,0.00205126008988389,"25","ADD1"
1.04373963721336e-07,0.580370587448986,0.6,0.41,0.00205543646756427,"25","DDT"
1.05196101052611e-07,0.85549902064768,0.35,0.192,0.00207162681802906,"25","SREK1"
1.06022364221224e-07,0.719431618312541,0.483,0.299,0.00208789841860856,"25","SHKBP1"
1.07446532139413e-07,1.01071590757753,0.333,0.183,0.00211594455742147,"25","TXNDC12"
1.07724914896264e-07,0.718651634818328,0.428,0.251,0.00212142674905213,"25","MFF"
1.08921625419232e-07,0.828643576685723,0.422,0.259,0.00214499356938093,"25","C1orf43"
1.10755201690109e-07,0.941918120209144,0.311,0.164,0.00218110218688331,"25","C1GALT1"
1.10996596932118e-07,0.851708943509554,0.361,0.2,0.00218585598338419,"25","DHX9"
1.1356575414268e-07,0.765346110343925,0.378,0.211,0.00223645039633181,"25","TMUB1"
1.19872269172234e-07,0.870262591327414,0.361,0.202,0.00236064459680881,"25","AP3S1"
1.31748359137765e-07,0.584633080685271,0.589,0.401,0.00259452043650001,"25","AP2M1"
1.32405900580238e-07,0.772897875419364,0.389,0.222,0.00260746940012663,"25","INO80E"
1.41232248688137e-07,0.946269214090519,0.289,0.148,0.00278128667341549,"25","NAA20"
1.41565202753713e-07,0.792310468556675,0.411,0.244,0.00278784353782887,"25","SMARCC1"
1.47072054534795e-07,0.924001335727564,0.289,0.148,0.00289628996995372,"25","DNAJC21"
1.52702563150163e-07,0.775236577245708,0.467,0.298,0.00300717157611616,"25","AIP"
1.53518152271274e-07,0.932607717345488,0.256,0.124,0.0030232329726782,"25","VPS13A"
1.565184259299e-07,0.940992502793413,0.317,0.17,0.00308231736183752,"25","VMA21"
1.81352486950088e-07,0.998847358805751,0.25,0.121,0.00357137452550809,"25","ZNRD2"
2.13338731161816e-07,0.864627701724302,0.356,0.201,0.00420127963276964,"25","DCAF7"
2.1896295729549e-07,0.718361883527165,0.506,0.331,0.00431203751802009,"25","TMEM14B"
2.27334417233898e-07,0.752816401374832,0.561,0.383,0.00447689667858716,"25","PSIP1"
2.32050342374954e-07,0.882402945403237,0.322,0.174,0.00456976739238997,"25","HADHB"
2.4297520871006e-07,0.986931320896002,0.278,0.143,0.0047849107851272,"25","DOCK11"
2.45528003187985e-07,1.03583454267401,0.267,0.136,0.00483518296678099,"25","PGP"
2.57509227876155e-07,0.84089909349469,0.339,0.187,0.00507112922456512,"25","PFDN2"
2.61311005772751e-07,0.824204590534998,0.361,0.203,0.00514599763668278,"25","RALBP1"
2.66836621572274e-07,0.907927790952439,0.367,0.212,0.0052548135886228,"25","DCP2"
2.68593429634372e-07,0.525786191046328,0.572,0.372,0.0052894104097897,"25","PAPOLA"
2.70321492333603e-07,0.782530940100971,0.411,0.25,0.00532344114852565,"25","DNAJA2"
2.73513212408248e-07,0.922967053012139,0.294,0.155,0.00538629569195563,"25","PRELID3B"
2.88154579415517e-07,0.987861277674482,0.261,0.131,0.00567462813242978,"25","SEPHS2"
2.88321769439066e-07,0.93221016577546,0.283,0.147,0.00567792060556353,"25","PTPMT1"
3.07486428263416e-07,0.783313759182321,0.344,0.19,0.00605533023179145,"25","CHD4"
3.13478571610154e-07,0.72622996159805,0.406,0.239,0.00617333351071876,"25","FUNDC2"
3.13946643754314e-07,1.03359002793009,0.261,0.132,0.00618255125545372,"25","DUSP23"
3.19478508690716e-07,0.901807941100621,0.283,0.146,0.00629149027164627,"25","EIF4E"
3.25568102575733e-07,0.910903452098777,0.261,0.13,0.00641141264402391,"25","UBAP2L"
3.46766331443341e-07,0.606985453994965,0.528,0.347,0.00682886936511371,"25","GNB1"
3.61291158246811e-07,0.963772604718685,0.261,0.131,0.00711490677935445,"25","COPG1"
3.63717646786213e-07,0.831452226817845,0.378,0.222,0.0071626916181609,"25","TPP2"
3.77591895733649e-07,0.874798613187846,0.317,0.173,0.00743591720268274,"25","C22orf39"
3.87542922341528e-07,0.842316722395194,0.394,0.242,0.0076318827696717,"25","NRDC"
3.89169446238978e-07,0.742737642474806,0.35,0.194,0.0076639139047842,"25","POLR2F"
3.93581154471127e-07,0.965815171647224,0.289,0.153,0.00775079367499991,"25","UBE2G1"
4.01980368749428e-07,0.877366183482169,0.322,0.177,0.00791619940178249,"25","ACO2"
4.04118102902447e-07,0.868148893144285,0.317,0.173,0.00795829780045789,"25","NUBP2"
4.39742376133409e-07,0.889371414275118,0.339,0.194,0.00865984661319523,"25","PIK3R5"
4.56114517808133e-07,0.908706863571404,0.25,0.124,0.00898226319919557,"25","INSIG1"
4.61482678022147e-07,0.768928239261199,0.478,0.315,0.00908797837829014,"25","TMED2"
4.62638195659417e-07,0.833116534079989,0.306,0.162,0.00911073398712089,"25","HDAC7"
4.84379546737257e-07,0.983869568087091,0.256,0.129,0.0095388864138968,"25","EFTUD2"
5.38771242220948e-07,0.784943052051883,0.283,0.146,0.0106100220730571,"25","CHD8"
5.71933940157414e-07,0.798292196646781,0.356,0.203,0.01126309508352,"25","DCK"
5.91179684835663e-07,0.911645608287602,0.283,0.149,0.0116421015334687,"25","MRPS26"
6.0528725781715e-07,0.716141143974466,0.461,0.297,0.0119199219681931,"25","PSMD7"
6.14040615996782e-07,0.636304984177456,0.461,0.286,0.0120923018508246,"25","NCKAP1L"
6.18604835735336e-07,0.598951605859677,0.422,0.251,0.012182185030136,"25","CCNG1"
6.28391394940492e-07,0.667493696774736,0.578,0.42,0.0123749117405631,"25","TAF10"
6.71583296222722e-07,0.734207064235239,0.4,0.241,0.0132254898525141,"25","HAX1"
6.92389997041622e-07,0.843014482496695,0.317,0.175,0.0136352362117407,"25","MAP4"
6.95218242353525e-07,0.646053052194386,0.478,0.306,0.013690932846668,"25","ROCK1"
6.99486132621366e-07,0.923321916472537,0.272,0.142,0.0137749804097126,"25","PTPN11"
7.1834104452509e-07,0.549962145392864,0.467,0.282,0.0141462901898326,"25","TNFRSF1B"
7.33289723873265e-07,0.859867940124592,0.294,0.158,0.0144406745322362,"25","WIPI2"
7.36200047358206e-07,0.923608220943434,0.261,0.134,0.0144979875326252,"25","RANGRF"
7.40496215563867e-07,0.63208645721256,0.433,0.263,0.0145825919730992,"25","RPS19BP1"
7.6542117496684e-07,0.766633071250219,0.372,0.219,0.015073439198622,"25","LSM6"
7.67332901390439e-07,0.85403606966181,0.272,0.141,0.0151110868270819,"25","EIF3J"
7.74722120741375e-07,0.783860990229326,0.367,0.215,0.0152566027237599,"25","RNF187"
7.9898626170245e-07,0.984884871192101,0.25,0.127,0.0157344364517063,"25","MED16"
8.26794780184113e-07,0.578801185281345,0.517,0.332,0.0162820696061657,"25","GRK6"
9.08790456161938e-07,0.938444424772661,0.261,0.135,0.017896810453197,"25","SLC25A1"
1.06062020971331e-06,0.939354660074297,0.25,0.127,0.0208867937898842,"25","SMIM12"
1.07948541026197e-06,0.74609787200509,0.422,0.265,0.0212583061842889,"25","ANXA7"
1.08619958322346e-06,0.789184925311841,0.317,0.175,0.0213905283924196,"25","ABT1"
1.14106579412332e-06,0.520798619572033,0.622,0.433,0.0224710086836705,"25","PAK2"
1.23520714610959e-06,0.916667995991931,0.267,0.14,0.0243249343283361,"25","DPY30"
1.24405419197135e-06,0.850053972076902,0.306,0.169,0.0244991592024917,"25","MOB4"
1.25623128096604e-06,0.733093332396823,0.322,0.179,0.0247389626160643,"25","EMC3"
1.30873835789216e-06,0.861319837369208,0.272,0.143,0.0257729844819704,"25","SVBP"
1.31915510590853e-06,0.860770352518033,0.278,0.148,0.0259781215006568,"25","UBE2K"
1.33656929955966e-06,0.827599203261755,0.289,0.155,0.0263210592162285,"25","UBLCP1"
1.41528702430322e-06,0.748670989723173,0.389,0.236,0.0278712473696034,"25","CLTB"
1.54569658660811e-06,0.857298708502943,0.422,0.268,0.0304394028800736,"25","MYDGF"
1.56807018198971e-06,0.595585925174674,0.55,0.386,0.0308800060939233,"25","CD164"
1.66840269360785e-06,0.931890900396204,0.289,0.159,0.0328558542452194,"25","TMEM35B"
1.75070732240804e-06,0.62087926213035,0.511,0.349,0.0344766793001816,"25","ILF3"
1.75130868438743e-06,0.891678749608187,0.272,0.145,0.0344885219216417,"25","SMIM19"
1.85775394445957e-06,0.556292299927516,0.494,0.32,0.0365847484282423,"25","DGKZ"
1.89405723810122e-06,0.705205336590927,0.344,0.198,0.0372996691899273,"25","VTI1B"
2.13750949391978e-06,0.688477567264714,0.506,0.338,0.0420939744637622,"25","EML4"
2.20683861892739e-06,0.907899912635152,0.306,0.174,0.0434592729225371,"25","ARAP2"
2.49188194067077e-06,0.67048571114951,0.361,0.211,0.0490726310576295,"25","EIF6"
2.50941538881844e-06,0.799785925412426,0.3,0.166,0.0494179172520016,"25","RPIA"
2.51929716111521e-06,0.861140774797337,0.356,0.217,0.0496125189938418,"25","EPRS"
2.59988580508901e-06,0.818710877615014,0.317,0.181,0.051199551159618,"25","TRAPPC3"
2.62948948514054e-06,0.905123449942243,0.328,0.194,0.0517825364308727,"25","CNTRL"
2.63450511975502e-06,0.939997487345087,0.272,0.148,0.0518813093233355,"25","CHRAC1"
2.65306541912683e-06,0.730063520206835,0.344,0.199,0.0522468172988647,"25","SZRD1"
2.67896278145505e-06,0.62805363344721,0.422,0.26,0.0527568140551943,"25","TRBC1"
2.73316268194131e-06,0.713671654818133,0.35,0.204,0.0538241726954702,"25","EPS15"
2.73914839915562e-06,0.74163869984953,0.317,0.178,0.0539420494245716,"25","ETHE1"
2.76030838499217e-06,0.750212983335611,0.361,0.215,0.0543587530256509,"25","EIF4G1"
2.7835630132927e-06,0.852146166293626,0.3,0.169,0.0548167064207732,"25","ZBTB38"
2.8279280422208e-06,0.807414824691763,0.311,0.176,0.0556903869354541,"25","ZC3H13"
2.86415109560204e-06,0.792336452995873,0.333,0.194,0.056403727525691,"25","BCCIP"
2.87214505062666e-06,0.938067352658322,0.25,0.132,0.0565611524819908,"25","AP1B1"
2.94149078474053e-06,0.719437471071651,0.411,0.262,0.0579267780238952,"25","GADD45GIP1"
2.9671479505572e-06,0.843061333582893,0.3,0.169,0.058432044590323,"25","MRPS35"
3.04457970972033e-06,0.894611866970999,0.278,0.153,0.0599569082235225,"25","IMP4"
3.47964968051344e-06,0.694124262373054,0.356,0.21,0.0685247411583511,"25","BAG1"
3.68672896374443e-06,0.647147355285185,0.361,0.212,0.072602753483019,"25","CNPPD1"
3.78707980372551e-06,0.747771057630755,0.483,0.329,0.0745789625747664,"25","CCL5"
3.91273861605222e-06,0.864815433671789,0.272,0.149,0.0770535615659163,"25","SMARCA4"
4.03936429364314e-06,0.63111944718732,0.461,0.3,0.0795472010347144,"25","DGUOK"
4.10947339537422e-06,0.703329415349985,0.317,0.178,0.0809278595751044,"25","PBRM1"
4.16077471339867e-06,0.825884274333097,0.267,0.144,0.0819381364309601,"25","NAE1"
4.28716801788689e-06,0.561259929657277,0.394,0.238,0.0844271997762465,"25","RAB8A"
4.53841574226e-06,0.704148821456042,0.372,0.227,0.0893750212123263,"25","SMARCA5"
4.60901067929985e-06,0.700132420975311,0.344,0.203,0.090765247307452,"25","SF3A3"
4.80372575232907e-06,0.632095260601885,0.372,0.223,0.0945997712406164,"25","PPHLN1"
4.92519288744098e-06,0.67639709574837,0.356,0.212,0.0969918235323752,"25","UBTF"
4.96437986283037e-06,0.552214376742335,0.467,0.301,0.0977635326387186,"25","STRAP"
4.98651609374627e-06,0.87828827441445,0.261,0.141,0.0981994614341452,"25","ARHGAP1"
5.24102792186057e-06,0.762829830230698,0.322,0.188,0.1032115628652,"25","NT5C"
5.38528688854639e-06,0.54431511528887,0.517,0.349,0.106052454696144,"25","KTN1"
5.83958185251081e-06,0.933994405695746,0.25,0.135,0.114998885421495,"25","DHX30"
5.96994273089476e-06,0.869588232176127,0.256,0.138,0.11756608219951,"25","COMMD8"
6.01289763106056e-06,0.810983515590403,0.256,0.136,0.118411993048476,"25","EXOSC10"
6.0622196780979e-06,0.803116963019996,0.272,0.149,0.119383292120782,"25","BCKDHA"
6.2835600319063e-06,0.623429388156827,0.333,0.193,0.123742147708331,"25","ARF3"
6.31040665482941e-06,0.663098370791005,0.4,0.252,0.124270838253556,"25","GRSF1"
6.33818743910441e-06,0.830955747727835,0.283,0.159,0.124817925238283,"25","AKR7A2"
6.47208485540662e-06,0.724114253875649,0.294,0.165,0.127454767057523,"25","TFAM"
6.54798323624317e-06,0.82891052362157,0.267,0.146,0.128949433871337,"25","GRHPR"
6.74218383444964e-06,0.974083481042355,0.4,0.264,0.132773826251817,"25","NUCB2"
6.77554617771761e-06,0.601111694469525,0.411,0.257,0.133430830877793,"25","SRPK2"
6.79327887522467e-06,0.673149250197367,0.306,0.173,0.133780040889799,"25","LRBA"
7.04788883628993e-06,0.605621288558531,0.494,0.335,0.138794074853058,"25","MAT2B"
7.26992022784243e-06,0.715535096899438,0.361,0.222,0.143166539046901,"25","IDH3G"
8.03254267083687e-06,0.746652147718068,0.322,0.19,0.15818486281679,"25","RO60"
8.2396078946151e-06,0.651780105730891,0.394,0.248,0.162262598268655,"25","ACIN1"
8.68216122778975e-06,0.548667583397399,0.456,0.297,0.170977801058864,"25","RTN4"
9.0642443186089e-06,0.665607370897549,0.372,0.23,0.178502163366365,"25","CCM2"
9.1770869006516e-06,0.845390732572142,0.256,0.139,0.180724372334532,"25","CDC5L"
9.34474399060689e-06,0.614458602407007,0.394,0.245,0.184026043407021,"25","BAG6"
9.44263484640673e-06,0.798052341761083,0.283,0.16,0.185953808030288,"25","KLHDC3"
9.66158552761684e-06,0.801671221869385,0.256,0.139,0.190265603795358,"25","LLPH"
9.86439576761481e-06,0.859730828840881,0.272,0.153,0.194259545851638,"25","IPO7"
1.02078347917126e-05,0.837555340854,0.256,0.14,0.201022890553196,"25","GNPAT"
1.03439534465386e-05,0.594588348583196,0.45,0.299,0.203703475222685,"25","MFNG"
1.11156323010832e-05,0.728324769193833,0.261,0.142,0.218900146905231,"25","AP2A1"
1.12308224306748e-05,0.726564335892788,0.344,0.209,0.221168586127278,"25","KRAS"
1.16662197682031e-05,0.892303722278276,0.25,0.137,0.229742865895223,"25","PSME3"
1.20165144154439e-05,0.8291573675696,0.267,0.149,0.236641218383337,"25","RIC8A"
1.23364354224611e-05,0.808085904177487,0.267,0.148,0.242941422774527,"25","EIF4E3"
1.23935856627408e-05,0.82362636802913,0.272,0.153,0.244066882456354,"25","GID8"
1.28905891526224e-05,0.53712039556554,0.394,0.243,0.253854372182592,"25","KCNAB2"
1.32327671752079e-05,0.842051803311162,0.256,0.14,0.260592883981369,"25","STAG1"
1.42854873947222e-05,0.783628806252096,0.278,0.158,0.281324103264263,"25","MRPL21"
1.44055810704793e-05,0.673716466919411,0.367,0.227,0.283689108020949,"25","DANCR"
1.44210585911675e-05,0.860132309479986,0.278,0.16,0.283993906835861,"25","CDK11B"
1.55842843260586e-05,0.726337228748552,0.294,0.17,0.306901311233073,"25","SFT2D1"
1.64223630914834e-05,0.743748065494489,0.267,0.149,0.323405596360582,"25","IFI35"
1.64909558327869e-05,0.756535731568026,0.3,0.175,0.324756393215073,"25","TIMM13"
1.77495403214014e-05,0.635756570768463,0.317,0.187,0.349541697549358,"25","ADK"
1.83458708122673e-05,0.528696148692133,0.478,0.321,0.361285233905979,"25","RNPEPL1"
2.02468176627091e-05,0.608637036455713,0.322,0.19,0.398720580231731,"25","MAP2K3"
2.12558109062476e-05,0.754577845208713,0.328,0.203,0.418590684176735,"25","ARHGAP25"
2.13123788041591e-05,0.702042137959452,0.289,0.167,0.419704675790305,"25","DDX54"
2.18667739278026e-05,0.624939953689076,0.322,0.191,0.430622378960217,"25","AP3B1"
2.30761599173961e-05,0.768078672658057,0.3,0.179,0.454438817253281,"25","ATXN10"
2.4487034542573e-05,0.567882785819815,0.389,0.246,0.482223171246891,"25","RSRC2"
2.6095072105238e-05,0.680836005436174,0.328,0.199,0.513890254968451,"25","UBE2M"
2.66988569358168e-05,0.731625723977119,0.311,0.187,0.525780589637041,"25","TMEM9B"
2.71062054784064e-05,0.897122374747555,0.25,0.142,0.533802504486257,"25","NFATC2IP"
2.91937352766019e-05,0.692308598211417,0.4,0.267,0.574912228802121,"25","ATP5MC1"
2.97004912014103e-05,0.640640583947923,0.311,0.185,0.584891773229373,"25","RCN2"
3.02515713285237e-05,0.538107514609426,0.411,0.266,0.595744194172617,"25","PREX1"
3.23391058556001e-05,0.745634593577853,0.25,0.139,0.636854011614334,"25","AFG3L2"
3.26415748031599e-05,0.666257663436437,0.306,0.182,0.642810532598627,"25","RPS6KB2"
3.31048282454845e-05,0.728399031945029,0.3,0.179,0.651933382638326,"25","FKBP2"
3.35381347083579e-05,0.774325045011555,0.261,0.149,0.660466486811693,"25","ELOVL1"
3.47185744023781e-05,0.501445182562872,0.478,0.327,0.683712885706031,"25","ERGIC3"
3.56612149887233e-05,0.76981580488284,0.25,0.14,0.702276306772928,"25","SLC35C2"
3.60417579171948e-05,0.75224031105151,0.294,0.177,0.709770338663318,"25","MRPL38"
3.69117413952964e-05,0.605040718790629,0.344,0.214,0.726902923297572,"25","PCSK7"
3.8796162516885e-05,0.780528587189823,0.25,0.141,0.764012828445015,"25","PAGR1"
4.08618986737137e-05,0.594237657395097,0.428,0.29,0.804693370581445,"25","MVP"
4.28677769863442e-05,0.590505752850691,0.383,0.25,0.844195132192076,"25","CASP8"
4.75428717109679e-05,0.502882562028542,0.622,0.463,0.93626177260409,"25","HP1BP3"
4.9083977136659e-05,0.837786052091191,0.294,0.182,0.966610761752226,"25","HUWE1"
4.98651976928967e-05,0.730421257541616,0.278,0.164,0.981995338166214,"25","TINF2"
5.10134218269339e-05,0.63910258239393,0.317,0.193,1,"25","VPS4B"
5.2705161694704e-05,0.750784810580921,0.261,0.151,1,"25","BFAR"
5.40418954995915e-05,0.605988722935806,0.35,0.22,1,"25","IFI6"
5.42356772507185e-05,0.745706497959336,0.256,0.147,1,"25","CHST11"
5.46955499504258e-05,0.5816844871374,0.378,0.244,1,"25","PRMT1"
5.5845400205773e-05,0.576059057125663,0.361,0.232,1,"25","SLC25A39"
5.72206627297089e-05,0.599828810673524,0.361,0.23,1,"25","PNKD"
5.95729396448666e-05,0.572142136502074,0.356,0.224,1,"25","SURF1"
6.25345535629651e-05,0.746096503379388,0.256,0.148,1,"25","LARP7"
6.49333732505956e-05,0.55610864172837,0.383,0.249,1,"25","TMEM179B"
6.86601235977859e-05,0.593936395073836,0.278,0.162,1,"25","PPP2R5A"
6.87780856391443e-05,0.723254248662318,0.261,0.152,1,"25","ECHS1"
7.0811533874736e-05,0.577668443322099,0.417,0.282,1,"25","VPS29"
7.11769074945976e-05,0.734781690886489,0.322,0.204,1,"25","GIT2"
7.51170882914372e-05,0.629920368029947,0.3,0.182,1,"25","DNAJC3"
7.61313291474214e-05,0.501655457482674,0.356,0.222,1,"25","SH3GLB1"
7.98348735043856e-05,0.663778590648174,0.317,0.198,1,"25","QARS"
8.07339790102876e-05,0.532743196788477,0.444,0.302,1,"25","PSMF1"
8.26072424752809e-05,0.593920289252624,0.294,0.177,1,"25","FAM177A1"
8.3789339312369e-05,0.571607625523734,0.394,0.264,1,"25","SNRNP200"
8.60840659835963e-05,0.792034412789413,0.267,0.16,1,"25","PIGT"
9.09438813732966e-05,0.679588206846591,0.306,0.19,1,"25","LYPLA2"
9.12398834449075e-05,0.691940832868853,0.283,0.171,1,"25","NELFE"
9.17116868780331e-05,0.596649039047143,0.356,0.228,1,"25","KDELR2"
9.69605450753573e-05,0.733102693525593,0.267,0.158,1,"25","AKT1"
9.79077878480174e-05,0.596928713959641,0.372,0.246,1,"25","DNM2"
0.00010336650434367,0.635628718348786,0.261,0.152,1,"25","TMEM238"
0.000108290468353632,0.695506298170466,0.256,0.15,1,"25","PLIN2"
0.000108581248628722,0.721551292526337,0.267,0.159,1,"25","KRR1"
0.00011171876676485,0.701303314376283,0.572,0.461,1,"25","SPOCK2"
0.000112163540068184,0.626208534774479,0.3,0.184,1,"25","POLR2C"
0.000112204459666819,0.502013580779,0.572,0.433,1,"25","PEBP1"
0.00011358778394246,0.520718302181586,0.278,0.164,1,"25","SH2D2A"
0.000116212324259519,0.675558589562642,0.267,0.159,1,"25","RBM22"
0.000125286094048888,0.753934344328725,0.278,0.171,1,"25","CUL4A"
0.000128594680205878,0.735558597801706,0.272,0.166,1,"25","AK2"
0.000130051363227482,0.573944318289554,0.339,0.216,1,"25","POLR2A"
0.000130554354915471,0.621275901957553,0.322,0.205,1,"25","SUMF2"
0.000132054125148857,0.872735294593685,0.328,0.223,1,"25","KLRK1"
0.000132535549939438,0.540632562851622,0.389,0.259,1,"25","BAZ1A"
0.000137534455265972,0.707695707178381,0.25,0.147,1,"25","ABCE1"
0.000139514802659753,0.657536929264356,0.339,0.222,1,"25","POLR2I"
0.000142562797415105,0.74869923733606,0.406,0.295,1,"25","ALOX5AP"
0.000151963835900992,0.576995193104691,0.322,0.204,1,"25","FAM32A"
0.000153603642636778,0.547242834771997,0.294,0.179,1,"25","VHL"
0.000156033576394569,0.528502767965717,0.383,0.253,1,"25","ZMAT2"
0.000158450859302084,0.737577573864142,0.25,0.149,1,"25","FPGS"
0.000159713472501443,0.643115100442028,0.261,0.155,1,"25","PIGC"
0.00016523055165355,0.673630578453087,0.317,0.205,1,"25","SMU1"
0.000167919527104342,0.670757691444454,0.283,0.175,1,"25","UBA3"
0.000169139792553221,0.708727373115062,0.272,0.167,1,"25","PEX16"
0.000178701788285527,0.567833949604964,0.306,0.19,1,"25","HDLBP"
0.000181832990339255,0.620854943424909,0.378,0.255,1,"25","CCDC88C"
0.000187759646457944,0.525064677686191,0.644,0.569,1,"25","ANXA1"
0.00019076838332118,0.624975583301862,0.328,0.213,1,"25","ARF4"
0.000200640699308212,0.624420268567647,0.261,0.157,1,"25","CEMIP2"
0.000200814108041413,0.554711174161642,0.339,0.219,1,"25","CHMP4A"
0.000210341804515067,0.615912865973913,0.322,0.207,1,"25","SLC2A4RG"
0.000236437098221365,0.541157531981971,0.361,0.24,1,"25","MRPL34"
0.000251047514799406,0.64105851414809,0.294,0.187,1,"25","API5"
0.000251258385939334,0.537704128141131,0.333,0.215,1,"25","IFNAR2"
0.00026555242857061,0.560228661851864,0.417,0.289,1,"25","CASP4"
0.00026594452282773,0.582756821426542,0.372,0.253,1,"25","IMP3"
0.000268283584134587,0.711021072315658,0.256,0.156,1,"25","RNF145"
0.000269644492356082,0.62496453802779,0.289,0.181,1,"25","METTL5"
0.000274011349441424,0.645808913701496,0.272,0.168,1,"25","BRMS1"
0.000305642267033517,0.630926732959206,0.283,0.178,1,"25","SLC38A10"
0.000324204268895311,0.579130765004888,0.294,0.186,1,"25","BCAS2"
0.000324722047072659,0.526909832674991,0.3,0.19,1,"25","RAB4A"
0.000345749663195129,0.691374554879938,0.25,0.153,1,"25","LSM12"
0.000348998853923897,0.546854361981133,0.367,0.25,1,"25","RTF2"
0.000351967579425473,0.576870442038862,0.317,0.205,1,"25","USP16"
0.000362362899826482,0.695874304457922,0.278,0.177,1,"25","TAF9"
0.000399320324196558,0.633801667148432,0.261,0.161,1,"25","DEGS1"
0.000429962153837414,0.757043097509914,0.283,0.183,1,"25","GPR183"
0.000430495061741369,0.681954181614419,0.25,0.153,1,"25","MIF4GD"
0.000448895109311984,0.71114553377809,0.256,0.16,1,"25","ZNHIT3"
0.000462165327957787,0.560604919816314,0.267,0.165,1,"25","IARS2"
0.000479574944891168,0.604900719523337,0.256,0.157,1,"25","AP3D1"
0.000506040846174521,0.633608209662883,0.267,0.168,1,"25","MRPS18B"
0.00050847120288203,0.637074666894671,0.261,0.163,1,"25","KARS"
0.000511813543175555,0.702396396964942,0.322,0.221,1,"25","RPS6KA1"
0.000530027001676917,0.606738440964214,0.294,0.19,1,"25","SUGT1"
0.000530172438686153,0.522672503102013,0.389,0.271,1,"25","KIF5B"
0.000545163404295451,0.539357248110741,0.289,0.184,1,"25","BLOC1S2"
0.000546684412746897,0.765391609796057,0.339,0.237,1,"25","CMTM7"
0.000630860292696896,0.510727657303726,0.378,0.263,1,"25","FXR1"
0.000639304668195467,0.598159803102733,0.256,0.159,1,"25","MED30"
0.000683894590337729,0.52918299651178,0.272,0.172,1,"25","SAMD9"
0.000700295478336595,0.501314780257206,0.294,0.191,1,"25","NENF"
0.000706097065162366,0.516901758314309,0.4,0.285,1,"25","GLRX"
0.000726330185663603,0.614182808156696,0.25,0.157,1,"25","HTATIP2"
0.000733046615537757,0.566711172688009,0.256,0.159,1,"25","TRPC4AP"
0.000767973610127335,0.621030129699942,0.289,0.19,1,"25","IDH3B"
0.000827249043625092,0.588868562288446,0.261,0.165,1,"25","CCNC"
0.000837213955913819,0.56168233382986,0.272,0.174,1,"25","AAMP"
0.000847588373355042,0.508608218124441,0.306,0.2,1,"25","HELZ"
0.000865820864460712,0.606742536498743,0.25,0.157,1,"25","CABIN1"
0.000871596872474549,0.539176040501181,0.261,0.164,1,"25","MRPS5"
0.000919159537638007,0.66330513812688,0.289,0.193,1,"25","ESD"
0.000925977229112125,0.581168645057466,0.261,0.166,1,"25","PRPF31"
0.000931999765179989,0.504472443555236,0.294,0.192,1,"25","NAXE"
0.000965504624756743,0.577490771454074,0.3,0.2,1,"25","NDUFAF8"
0.000978248950880321,0.651505301583206,0.328,0.227,1,"25","MRPS6"
0.00100221263876061,0.609590927946006,0.25,0.158,1,"25","USP7"
0.00107136737865669,0.502904248374994,0.311,0.208,1,"25","WDR33"
0.00108179065099179,0.536013903739528,0.261,0.166,1,"25","MPC1"
0.00117466191059808,0.522622635253897,0.267,0.171,1,"25","VPS4A"
0.00139020020384331,0.571618015650241,0.261,0.169,1,"25","NUP98"
0.00139480870640605,0.553972897384379,0.256,0.164,1,"25","GATAD2A"
0.00140222483485715,0.601584684919251,0.267,0.175,1,"25","TBC1D1"
0.0014429245285547,0.581277285822673,0.261,0.17,1,"25","UBE2J2"
0.0015707536832509,0.642404311858451,0.261,0.173,1,"25","LMF2"
0.00164432185260834,0.546173379540749,0.272,0.18,1,"25","VKORC1"
0.00169207245484351,0.621231350269418,0.294,0.201,1,"25","MED4"
0.0017114299864861,0.531283656092338,0.278,0.183,1,"25","GPAA1"
0.0017488821801659,0.550494566419799,0.256,0.166,1,"25","CNDP2"
0.00179402915564645,0.562597967365324,0.256,0.166,1,"25","TMEM165"
0.00181997654185569,0.538680090828351,0.356,0.258,1,"25","ITGAL"
0.0019177777808601,0.547833513823621,0.256,0.167,1,"25","ACTR10"
0.00198005755098706,0.527938160704871,0.289,0.195,1,"25","NRBP1"
0.00200737681682924,0.512403658533678,0.328,0.228,1,"25","SAFB"
0.00202319825713588,0.556514774400062,0.25,0.162,1,"25","DDX27"
0.0022426495532948,0.541157531981971,0.267,0.177,1,"25","SYAP1"
0.00238980921941369,0.572767774240398,0.306,0.212,1,"25","ESYT2"
0.00241421319337666,0.531792494914481,0.306,0.213,1,"25","FKBP11"
0.00254085801823514,0.508267377052419,0.317,0.222,1,"25","WAPL"
0.00313591404883028,0.536305299308277,0.25,0.166,1,"25","PLCG1"
0.00364274994822095,0.561183730751934,0.261,0.178,1,"25","GLOD4"
0.00401503861083795,0.535384256186381,0.272,0.187,1,"25","CCND2"
0.00412205653800671,0.624780589515483,0.267,0.187,1,"25","E2F4"
0.00421875462646487,0.5134689434085,0.356,0.266,1,"25","FKBP5"
0.00653210730740771,0.570509055834098,0.256,0.177,1,"25","TM9SF3"
0.0076180085667069,0.556757860999918,0.278,0.199,1,"25","NFATC3"
0.0077813806821858,0.531127837860131,0.261,0.185,1,"25","SEC63"
